Molecule ChEMBL ID,Standard Type,Standard Value,APC2D1_C_C,APC2D1_C_N,APC2D1_C_O,APC2D1_C_S,APC2D1_C_F,APC2D1_C_X,APC2D1_O_S,APC2D2_C_C,APC2D2_C_N,APC2D2_C_O,APC2D2_C_S,APC2D2_C_F,APC2D2_C_Cl,APC2D2_C_Br,APC2D2_C_X,APC2D2_N_O,APC2D2_F_F,APC2D2_F_X,APC2D2_X_X,APC2D3_C_C,APC2D3_C_N,APC2D3_C_O,APC2D3_C_S,APC2D3_C_F,APC2D3_C_Cl,APC2D3_C_Br,APC2D3_C_X,APC2D3_N_O,APC2D3_O_S,APC2D4_C_C,APC2D4_C_N,APC2D4_C_O,APC2D4_C_S,APC2D4_C_F,APC2D4_C_Cl,APC2D4_C_Br,APC2D4_C_X,APC2D4_N_O,APC2D4_O_O,APC2D5_C_C,APC2D5_C_N,APC2D5_C_O,APC2D5_C_S,APC2D5_C_F,APC2D5_C_Cl,APC2D5_C_X,APC2D5_N_O,APC2D5_N_X,APC2D5_O_X,APC2D6_C_C,APC2D6_C_N,APC2D6_C_O,APC2D6_C_S,APC2D6_C_F,APC2D6_C_Cl,APC2D6_C_Br,APC2D6_C_X,APC2D6_N_O,APC2D6_O_F,APC2D6_O_X,APC2D7_C_C,APC2D7_C_N,APC2D7_C_O,APC2D7_C_S,APC2D7_C_F,APC2D7_C_Cl,APC2D7_C_Br,APC2D7_C_X,APC2D8_C_C,APC2D8_C_N,APC2D8_C_O,APC2D8_C_S,APC2D8_C_F,APC2D8_C_Cl,APC2D8_C_Br,APC2D8_C_X,APC2D8_O_F,APC2D8_O_X,APC2D9_C_C,APC2D9_C_N,APC2D9_C_O,APC2D9_C_S,APC2D9_C_F,APC2D9_C_Cl,APC2D9_C_Br,APC2D9_C_X,APC2D9_O_O,APC2D9_O_X,APC2D10_C_C,APC2D10_C_N,APC2D10_C_O,APC2D10_C_S,APC2D10_C_F,APC2D10_C_Cl,APC2D10_C_X,APC2D10_O_O,APC2D10_O_Cl,APC2D10_O_X,KRFPC1,KRFPC297,KRFPC298,KRFPC341,KRFPC344,KRFPC669,KRFPC1148,KRFPC1566,KRFPC1645,KRFPC2260,KRFPC2949,KRFPC2975,KRFPC3058,KRFPC3224,KRFPC3369,KRFPC3440,KRFPC3640,KRFPC3659,KRFPC3660,KRFPC3682,KRFPC3692,KRFPC3706,KRFPC3712,KRFPC3719,KRFPC3722,KRFPC3727,KRFPC3730,KRFPC3733,KRFPC3737,KRFPC3740,KRFPC3744,KRFPC3750,KRFPC3773,KRFPC3788,KRFPC3882,KRFPC3926,KRFPC3956,KRFPC4032,KRFPC4067,KRFPC4080,KRFPC4329,KRFPC4331,KRFPC4813,SubFPC1,SubFPC2,SubFPC9,SubFPC137,SubFPC172,SubFPC181,SubFPC184,SubFPC274,SubFPC275,SubFPC287,SubFPC295,SubFPC300,SubFPC301,SubFPC302,SubFPC307
CHEMBL220821,Ki,6700.0,30.0,1.0,3.0,3.0,0.0,0.0,2.0,37.0,2.0,6.0,4.0,0.0,0.0,0.0,0.0,3.0,0.0,0.0,0.0,33.0,2.0,10.0,3.0,0.0,0.0,0.0,0.0,0.0,3.0,30.0,3.0,12.0,2.0,0.0,0.0,0.0,0.0,0.0,2.0,32.0,2.0,8.0,2.0,0.0,0.0,0.0,0.0,0.0,0.0,34.0,3.0,8.0,3.0,0.0,0.0,0.0,0.0,0.0,0.0,0.0,35.0,2.0,8.0,4.0,0.0,0.0,0.0,0.0,36.0,1.0,10.0,4.0,0.0,0.0,0.0,0.0,0.0,0.0,34.0,1.0,7.0,4.0,0.0,0.0,0.0,0.0,0.0,0.0,28.0,2.0,5.0,3.0,0.0,0.0,0.0,0.0,0.0,0.0,0.0,6.0,0.0,3.0,1.0,1.0,0.0,1.0,1.0,0.0,0.0,8.0,0.0,4.0,0.0,0.0,2.0,0.0,0.0,3.0,0.0,0.0,0.0,0.0,0.0,0.0,0.0,0.0,0.0,1.0,0.0,1.0,0.0,0.0,1.0,0.0,1.0,0.0,0.0,1.0,2.0,4.0,1.0,1.0,5.0,0.0,0.0,0.0,0.0,1.0,23.0,1.0,4.0,7.0,12.0,12.0,13.0,25.0
CHEMBL434247,Ki,8300.0,31.0,0.0,4.0,0.0,0.0,0.0,0.0,41.0,0.0,5.0,0.0,0.0,0.0,0.0,0.0,0.0,0.0,0.0,0.0,40.0,0.0,9.0,0.0,0.0,0.0,0.0,0.0,0.0,0.0,39.0,0.0,7.0,0.0,0.0,0.0,0.0,0.0,0.0,0.0,43.0,0.0,7.0,0.0,0.0,0.0,0.0,0.0,0.0,0.0,42.0,0.0,8.0,0.0,0.0,0.0,0.0,0.0,0.0,0.0,0.0,38.0,0.0,8.0,0.0,0.0,0.0,0.0,0.0,33.0,0.0,7.0,0.0,0.0,0.0,0.0,0.0,0.0,0.0,27.0,0.0,6.0,0.0,0.0,0.0,0.0,0.0,0.0,0.0,21.0,0.0,6.0,0.0,0.0,0.0,0.0,0.0,0.0,0.0,1.0,2.0,1.0,0.0,0.0,1.0,1.0,2.0,0.0,0.0,1.0,5.0,0.0,3.0,1.0,0.0,3.0,0.0,0.0,1.0,0.0,0.0,0.0,0.0,0.0,0.0,0.0,0.0,0.0,0.0,2.0,0.0,0.0,1.0,0.0,0.0,2.0,0.0,0.0,0.0,0.0,3.0,1.0,1.0,1.0,0.0,0.0,0.0,0.0,0.0,24.0,0.0,0.0,4.0,7.0,7.0,6.0,26.0
CHEMBL313266,Ki,7500.0,27.0,0.0,0.0,6.0,0.0,0.0,4.0,34.0,2.0,4.0,6.0,0.0,0.0,0.0,0.0,4.0,0.0,0.0,0.0,30.0,2.0,4.0,8.0,0.0,0.0,0.0,0.0,0.0,6.0,25.0,3.0,10.0,8.0,0.0,0.0,0.0,0.0,0.0,4.0,24.0,2.0,8.0,10.0,0.0,0.0,0.0,0.0,0.0,0.0,22.0,3.0,12.0,8.0,0.0,0.0,0.0,0.0,0.0,0.0,0.0,21.0,3.0,10.0,8.0,0.0,0.0,0.0,0.0,22.0,2.0,10.0,9.0,0.0,0.0,0.0,0.0,0.0,0.0,24.0,1.0,8.0,8.0,0.0,0.0,0.0,0.0,0.0,0.0,24.0,1.0,6.0,4.0,0.0,0.0,0.0,0.0,0.0,0.0,0.0,5.0,0.0,2.0,0.0,0.0,0.0,1.0,0.0,0.0,0.0,5.0,0.0,2.0,0.0,0.0,0.0,0.0,0.0,2.0,0.0,0.0,0.0,0.0,0.0,0.0,0.0,0.0,0.0,0.0,0.0,0.0,0.0,0.0,0.0,0.0,0.0,0.0,0.0,1.0,4.0,4.0,0.0,0.0,2.0,0.0,0.0,0.0,0.0,1.0,23.0,1.0,4.0,6.0,10.0,10.0,11.0,25.0
CHEMBL87816,Ki,2800.0,26.0,1.0,7.0,3.0,0.0,0.0,2.0,33.0,1.0,9.0,4.0,0.0,0.0,0.0,0.0,4.0,0.0,0.0,0.0,30.0,2.0,13.0,2.0,0.0,0.0,0.0,0.0,0.0,4.0,27.0,3.0,13.0,2.0,0.0,0.0,0.0,0.0,0.0,5.0,27.0,2.0,12.0,1.0,0.0,0.0,0.0,0.0,0.0,0.0,19.0,3.0,17.0,3.0,0.0,0.0,0.0,0.0,0.0,0.0,0.0,18.0,3.0,15.0,4.0,0.0,0.0,0.0,0.0,22.0,2.0,12.0,5.0,0.0,0.0,0.0,0.0,0.0,0.0,27.0,1.0,10.0,5.0,0.0,0.0,0.0,0.0,0.0,0.0,27.0,0.0,7.0,4.0,0.0,0.0,0.0,1.0,0.0,0.0,0.0,4.0,0.0,2.0,1.0,1.0,0.0,1.0,0.0,0.0,0.0,6.0,0.0,2.0,0.0,0.0,1.0,0.0,0.0,0.0,0.0,0.0,0.0,0.0,0.0,0.0,0.0,0.0,0.0,0.0,2.0,0.0,0.0,2.0,1.0,0.0,4.0,0.0,0.0,1.0,2.0,6.0,1.0,1.0,1.0,0.0,0.0,0.0,0.0,1.0,23.0,1.0,4.0,11.0,9.0,9.0,12.0,25.0
CHEMBL234398,Ki,25.12,23.0,4.0,3.0,1.0,0.0,0.0,2.0,28.0,6.0,5.0,4.0,0.0,0.0,0.0,0.0,3.0,0.0,0.0,0.0,26.0,7.0,11.0,5.0,0.0,0.0,0.0,0.0,1.0,0.0,22.0,8.0,13.0,4.0,0.0,0.0,0.0,0.0,0.0,0.0,25.0,6.0,14.0,4.0,0.0,0.0,0.0,2.0,0.0,0.0,26.0,8.0,15.0,1.0,0.0,0.0,0.0,0.0,1.0,0.0,0.0,26.0,7.0,8.0,2.0,0.0,0.0,0.0,0.0,28.0,2.0,6.0,2.0,0.0,0.0,0.0,0.0,0.0,0.0,28.0,1.0,6.0,1.0,0.0,0.0,0.0,0.0,0.0,0.0,25.0,1.0,3.0,0.0,0.0,0.0,0.0,0.0,0.0,0.0,0.0,3.0,0.0,0.0,0.0,3.0,0.0,1.0,0.0,0.0,0.0,7.0,0.0,2.0,0.0,0.0,0.0,0.0,0.0,1.0,0.0,0.0,0.0,0.0,0.0,0.0,0.0,0.0,0.0,0.0,0.0,2.0,1.0,0.0,3.0,1.0,1.0,0.0,0.0,2.0,2.0,4.0,0.0,2.0,1.0,0.0,0.0,0.0,0.0,0.0,18.0,0.0,4.0,8.0,9.0,9.0,10.0,22.0
CHEMBL91377,Ki,10800.0,32.0,6.0,4.0,3.0,0.0,0.0,2.0,42.0,6.0,7.0,6.0,0.0,0.0,0.0,0.0,5.0,0.0,0.0,0.0,41.0,10.0,16.0,4.0,0.0,0.0,0.0,0.0,1.0,1.0,39.0,11.0,16.0,4.0,0.0,0.0,0.0,0.0,2.0,3.0,43.0,10.0,17.0,4.0,0.0,0.0,0.0,0.0,0.0,0.0,41.0,7.0,15.0,2.0,0.0,0.0,0.0,0.0,0.0,0.0,0.0,34.0,8.0,12.0,2.0,0.0,0.0,0.0,0.0,30.0,5.0,8.0,3.0,0.0,0.0,0.0,0.0,0.0,0.0,32.0,2.0,8.0,4.0,0.0,0.0,0.0,0.0,0.0,0.0,33.0,4.0,9.0,6.0,0.0,0.0,0.0,0.0,0.0,0.0,0.0,3.0,0.0,1.0,0.0,0.0,1.0,3.0,0.0,0.0,1.0,5.0,0.0,1.0,0.0,0.0,0.0,0.0,0.0,0.0,0.0,0.0,0.0,0.0,0.0,0.0,0.0,0.0,0.0,0.0,0.0,1.0,0.0,0.0,4.0,1.0,1.0,0.0,0.0,3.0,2.0,5.0,0.0,0.0,1.0,0.0,2.0,0.0,0.0,1.0,29.0,3.0,6.0,13.0,8.0,8.0,8.0,33.0
CHEMBL90269,Ki,120.0,38.0,6.0,2.0,1.0,0.0,0.0,2.0,51.0,6.0,3.0,3.0,0.0,0.0,0.0,0.0,5.0,0.0,0.0,0.0,51.0,11.0,11.0,3.0,0.0,0.0,0.0,0.0,0.0,1.0,45.0,13.0,14.0,4.0,0.0,0.0,0.0,0.0,2.0,2.0,48.0,10.0,17.0,3.0,0.0,0.0,0.0,0.0,0.0,0.0,47.0,9.0,14.0,2.0,0.0,0.0,0.0,0.0,0.0,0.0,0.0,42.0,8.0,10.0,3.0,0.0,0.0,0.0,0.0,36.0,6.0,10.0,2.0,0.0,0.0,0.0,0.0,0.0,0.0,36.0,2.0,7.0,3.0,0.0,0.0,0.0,0.0,0.0,0.0,40.0,4.0,9.0,3.0,0.0,0.0,0.0,0.0,0.0,0.0,0.0,5.0,0.0,2.0,0.0,0.0,0.0,3.0,0.0,0.0,0.0,7.0,0.0,2.0,0.0,0.0,0.0,0.0,0.0,3.0,0.0,0.0,0.0,0.0,0.0,0.0,0.0,0.0,0.0,0.0,0.0,1.0,1.0,0.0,5.0,2.0,0.0,0.0,0.0,3.0,2.0,4.0,0.0,0.0,3.0,0.0,3.0,0.0,0.0,0.0,30.0,1.0,6.0,9.0,11.0,11.0,9.0,36.0
CHEMBL262690,Ki,21000.0,36.0,6.0,2.0,1.0,0.0,0.0,2.0,48.0,7.0,3.0,3.0,0.0,0.0,0.0,0.0,5.0,0.0,0.0,0.0,48.0,12.0,11.0,3.0,0.0,0.0,0.0,0.0,0.0,1.0,43.0,13.0,15.0,4.0,0.0,0.0,0.0,0.0,2.0,2.0,46.0,9.0,18.0,4.0,0.0,0.0,0.0,0.0,0.0,0.0,46.0,7.0,15.0,3.0,0.0,0.0,0.0,0.0,0.0,0.0,0.0,44.0,6.0,10.0,2.0,0.0,0.0,0.0,0.0,40.0,5.0,7.0,0.0,0.0,0.0,0.0,0.0,0.0,0.0,38.0,2.0,3.0,2.0,0.0,0.0,0.0,0.0,0.0,0.0,37.0,4.0,7.0,3.0,0.0,0.0,0.0,0.0,0.0,0.0,0.0,3.0,0.0,1.0,0.0,0.0,1.0,3.0,0.0,0.0,1.0,5.0,0.0,1.0,0.0,0.0,0.0,0.0,0.0,2.0,0.0,0.0,0.0,0.0,0.0,0.0,0.0,0.0,0.0,0.0,0.0,0.0,0.0,0.0,3.0,1.0,1.0,0.0,0.0,3.0,2.0,4.0,0.0,0.0,2.0,0.0,3.0,0.0,0.0,0.0,30.0,1.0,8.0,9.0,8.0,8.0,6.0,35.0
CHEMBL240247,Ki,79.43,23.0,4.0,3.0,1.0,0.0,0.0,2.0,28.0,6.0,5.0,4.0,0.0,0.0,0.0,0.0,3.0,0.0,0.0,0.0,26.0,7.0,11.0,5.0,0.0,0.0,0.0,0.0,1.0,0.0,22.0,8.0,14.0,4.0,0.0,0.0,0.0,0.0,0.0,0.0,26.0,6.0,13.0,4.0,0.0,0.0,0.0,3.0,0.0,0.0,25.0,9.0,16.0,1.0,0.0,0.0,0.0,0.0,0.0,0.0,0.0,27.0,6.0,8.0,2.0,0.0,0.0,0.0,0.0,28.0,2.0,6.0,2.0,0.0,0.0,0.0,0.0,0.0,0.0,27.0,2.0,6.0,1.0,0.0,0.0,0.0,0.0,0.0,0.0,26.0,0.0,5.0,1.0,0.0,0.0,0.0,2.0,0.0,0.0,0.0,3.0,0.0,0.0,0.0,3.0,0.0,1.0,0.0,0.0,0.0,7.0,0.0,2.0,0.0,0.0,0.0,0.0,0.0,1.0,0.0,0.0,0.0,0.0,0.0,0.0,0.0,0.0,0.0,0.0,0.0,2.0,1.0,0.0,3.0,1.0,1.0,0.0,0.0,2.0,2.0,4.0,0.0,2.0,1.0,0.0,0.0,0.0,0.0,0.0,18.0,0.0,4.0,8.0,9.0,9.0,10.0,22.0
CHEMBL410957,Ki,63.1,23.0,4.0,1.0,1.0,0.0,0.0,2.0,27.0,6.0,3.0,4.0,0.0,0.0,0.0,0.0,3.0,0.0,0.0,0.0,24.0,7.0,9.0,5.0,0.0,0.0,0.0,0.0,1.0,0.0,20.0,8.0,12.0,4.0,0.0,0.0,0.0,0.0,0.0,0.0,24.0,6.0,13.0,4.0,0.0,0.0,0.0,2.0,0.0,0.0,25.0,8.0,15.0,1.0,0.0,0.0,0.0,0.0,0.0,0.0,0.0,26.0,6.0,7.0,2.0,0.0,0.0,0.0,0.0,27.0,2.0,5.0,2.0,0.0,0.0,0.0,0.0,0.0,0.0,27.0,1.0,5.0,1.0,0.0,0.0,0.0,0.0,0.0,0.0,25.0,0.0,2.0,0.0,0.0,0.0,0.0,0.0,0.0,0.0,0.0,3.0,0.0,0.0,0.0,2.0,0.0,1.0,0.0,0.0,0.0,6.0,0.0,2.0,0.0,0.0,0.0,0.0,0.0,1.0,0.0,0.0,0.0,0.0,0.0,0.0,0.0,0.0,0.0,0.0,0.0,2.0,1.0,0.0,3.0,1.0,0.0,0.0,0.0,2.0,2.0,3.0,0.0,2.0,1.0,0.0,0.0,0.0,0.0,0.0,18.0,0.0,4.0,6.0,8.0,8.0,9.0,22.0
CHEMBL1237298,Ki,14000.0,26.0,0.0,4.0,0.0,0.0,0.0,0.0,32.0,0.0,5.0,0.0,0.0,0.0,0.0,0.0,0.0,0.0,0.0,0.0,30.0,0.0,6.0,0.0,0.0,0.0,0.0,0.0,0.0,0.0,25.0,0.0,6.0,0.0,0.0,0.0,0.0,0.0,0.0,0.0,26.0,0.0,6.0,0.0,0.0,0.0,0.0,0.0,0.0,0.0,26.0,0.0,7.0,0.0,0.0,0.0,0.0,0.0,0.0,0.0,0.0,26.0,0.0,5.0,0.0,0.0,0.0,0.0,0.0,23.0,0.0,4.0,0.0,0.0,0.0,0.0,0.0,0.0,0.0,18.0,0.0,5.0,0.0,0.0,0.0,0.0,0.0,0.0,0.0,14.0,0.0,6.0,0.0,0.0,0.0,0.0,0.0,0.0,0.0,0.0,2.0,0.0,0.0,0.0,0.0,1.0,1.0,0.0,0.0,1.0,7.0,0.0,2.0,0.0,2.0,0.0,0.0,0.0,1.0,0.0,0.0,0.0,0.0,0.0,0.0,0.0,0.0,0.0,0.0,0.0,0.0,0.0,1.0,0.0,0.0,2.0,0.0,0.0,0.0,0.0,3.0,1.0,0.0,1.0,0.0,1.0,0.0,0.0,0.0,18.0,0.0,5.0,4.0,8.0,8.0,8.0,23.0
CHEMBL123855,Ki,17500.0,27.0,0.0,4.0,2.0,0.0,0.0,0.0,35.0,0.0,5.0,3.0,0.0,0.0,0.0,0.0,0.0,0.0,0.0,0.0,33.0,0.0,7.0,3.0,0.0,0.0,0.0,0.0,0.0,0.0,30.0,0.0,7.0,5.0,0.0,0.0,0.0,0.0,0.0,0.0,32.0,0.0,6.0,4.0,0.0,0.0,0.0,0.0,0.0,0.0,31.0,0.0,7.0,3.0,0.0,0.0,0.0,0.0,0.0,0.0,0.0,31.0,0.0,6.0,1.0,0.0,0.0,0.0,0.0,27.0,0.0,7.0,2.0,0.0,0.0,0.0,0.0,0.0,0.0,21.0,0.0,4.0,2.0,0.0,0.0,0.0,0.0,0.0,0.0,16.0,0.0,5.0,1.0,0.0,0.0,0.0,0.0,0.0,0.0,0.0,3.0,0.0,1.0,0.0,0.0,1.0,2.0,0.0,0.0,1.0,4.0,0.0,2.0,0.0,0.0,1.0,0.0,0.0,1.0,0.0,0.0,0.0,0.0,0.0,0.0,0.0,0.0,0.0,0.0,1.0,0.0,0.0,1.0,0.0,0.0,2.0,0.0,0.0,0.0,0.0,3.0,1.0,0.0,2.0,0.0,0.0,0.0,0.0,1.0,23.0,1.0,0.0,6.0,6.0,6.0,6.0,23.0
CHEMBL327597,Ki,140.0,38.0,6.0,2.0,1.0,0.0,0.0,2.0,51.0,7.0,3.0,3.0,0.0,0.0,0.0,0.0,5.0,0.0,0.0,0.0,52.0,12.0,11.0,3.0,0.0,0.0,0.0,0.0,0.0,1.0,46.0,14.0,15.0,4.0,0.0,0.0,0.0,0.0,2.0,2.0,48.0,10.0,18.0,4.0,0.0,0.0,0.0,0.0,0.0,0.0,47.0,8.0,16.0,3.0,0.0,0.0,0.0,0.0,0.0,0.0,0.0,44.0,7.0,11.0,3.0,0.0,0.0,0.0,0.0,41.0,5.0,9.0,1.0,0.0,0.0,0.0,0.0,0.0,0.0,41.0,2.0,5.0,2.0,0.0,0.0,0.0,0.0,0.0,0.0,42.0,4.0,7.0,3.0,0.0,0.0,0.0,0.0,0.0,0.0,1.0,3.0,0.0,1.0,0.0,1.0,0.0,3.0,0.0,0.0,0.0,7.0,0.0,2.0,0.0,0.0,0.0,0.0,0.0,3.0,0.0,0.0,0.0,0.0,0.0,0.0,0.0,0.0,0.0,0.0,0.0,1.0,1.0,0.0,5.0,2.0,0.0,0.0,0.0,3.0,2.0,4.0,0.0,1.0,2.0,0.0,3.0,0.0,0.0,0.0,30.0,1.0,6.0,9.0,11.0,11.0,8.0,37.0
CHEMBL91537,Ki,50.0,39.0,4.0,4.0,1.0,3.0,3.0,2.0,53.0,6.0,7.0,3.0,3.0,0.0,0.0,3.0,4.0,3.0,3.0,3.0,55.0,11.0,14.0,4.0,6.0,0.0,0.0,6.0,1.0,1.0,49.0,12.0,20.0,5.0,9.0,0.0,0.0,9.0,0.0,2.0,52.0,7.0,22.0,5.0,6.0,0.0,6.0,0.0,0.0,0.0,53.0,4.0,19.0,3.0,6.0,0.0,0.0,6.0,0.0,6.0,6.0,52.0,3.0,13.0,2.0,6.0,0.0,0.0,6.0,48.0,3.0,10.0,0.0,9.0,0.0,0.0,9.0,0.0,0.0,44.0,1.0,5.0,2.0,9.0,0.0,0.0,9.0,0.0,0.0,41.0,3.0,8.0,3.0,6.0,0.0,6.0,0.0,0.0,0.0,0.0,3.0,0.0,1.0,0.0,1.0,0.0,3.0,0.0,3.0,0.0,8.0,0.0,3.0,0.0,0.0,1.0,0.0,0.0,4.0,0.0,0.0,0.0,0.0,0.0,0.0,0.0,0.0,0.0,1.0,0.0,1.0,0.0,2.0,3.0,1.0,2.0,3.0,0.0,2.0,2.0,5.0,1.0,0.0,2.0,3.0,3.0,0.0,0.0,0.0,30.0,1.0,6.0,9.0,8.0,8.0,9.0,37.0
CHEMBL314533,Ki,10.0,40.0,4.0,2.0,1.0,0.0,0.0,2.0,55.0,6.0,4.0,3.0,0.0,0.0,0.0,0.0,4.0,0.0,0.0,0.0,54.0,12.0,13.0,4.0,0.0,0.0,0.0,0.0,0.0,1.0,49.0,11.0,17.0,6.0,0.0,0.0,0.0,0.0,0.0,2.0,52.0,7.0,22.0,4.0,0.0,0.0,0.0,0.0,0.0,0.0,53.0,4.0,15.0,3.0,0.0,0.0,0.0,0.0,0.0,0.0,0.0,53.0,3.0,10.0,2.0,0.0,0.0,0.0,0.0,48.0,3.0,7.0,0.0,0.0,0.0,0.0,0.0,0.0,0.0,43.0,1.0,3.0,2.0,0.0,0.0,0.0,0.0,0.0,0.0,40.0,3.0,7.0,3.0,0.0,0.0,0.0,0.0,0.0,0.0,0.0,3.0,0.0,1.0,0.0,2.0,0.0,3.0,0.0,0.0,0.0,8.0,0.0,4.0,1.0,0.0,3.0,0.0,0.0,5.0,0.0,0.0,0.0,0.0,0.0,0.0,0.0,0.0,0.0,2.0,0.0,1.0,0.0,0.0,3.0,1.0,0.0,0.0,0.0,2.0,2.0,4.0,0.0,2.0,2.0,0.0,3.0,0.0,0.0,0.0,30.0,1.0,6.0,7.0,9.0,9.0,7.0,36.0
CHEMBL376053,Ki,19000.0,27.0,0.0,4.0,0.0,0.0,0.0,0.0,34.0,0.0,5.0,0.0,0.0,0.0,0.0,0.0,0.0,0.0,0.0,0.0,32.0,0.0,7.0,0.0,0.0,0.0,0.0,0.0,0.0,0.0,28.0,0.0,6.0,0.0,0.0,0.0,0.0,0.0,0.0,0.0,28.0,0.0,7.0,0.0,0.0,0.0,0.0,0.0,0.0,0.0,30.0,0.0,7.0,0.0,0.0,0.0,0.0,0.0,0.0,0.0,0.0,30.0,0.0,6.0,0.0,0.0,0.0,0.0,0.0,29.0,0.0,5.0,0.0,0.0,0.0,0.0,0.0,0.0,0.0,25.0,0.0,4.0,0.0,0.0,0.0,0.0,0.0,0.0,0.0,19.0,0.0,5.0,0.0,0.0,0.0,0.0,0.0,0.0,0.0,0.0,2.0,0.0,0.0,0.0,1.0,1.0,1.0,1.0,0.0,1.0,8.0,0.0,2.0,0.0,2.0,0.0,0.0,0.0,1.0,0.0,0.0,0.0,0.0,0.0,0.0,0.0,0.0,0.0,0.0,0.0,0.0,0.0,1.0,0.0,0.0,2.0,0.0,0.0,0.0,0.0,3.0,1.0,1.0,1.0,0.0,1.0,0.0,0.0,0.0,18.0,0.0,5.0,4.0,9.0,9.0,8.0,23.0
CHEMBL123844,Ki,9300.0,29.0,0.0,4.0,0.0,0.0,0.0,0.0,38.0,0.0,5.0,0.0,0.0,0.0,0.0,0.0,0.0,0.0,0.0,0.0,38.0,0.0,7.0,0.0,0.0,0.0,0.0,0.0,0.0,0.0,35.0,0.0,9.0,0.0,0.0,0.0,0.0,0.0,0.0,0.0,37.0,0.0,9.0,0.0,0.0,0.0,0.0,0.0,0.0,0.0,36.0,0.0,8.0,0.0,0.0,0.0,0.0,0.0,0.0,0.0,0.0,34.0,0.0,6.0,0.0,0.0,0.0,0.0,0.0,29.0,0.0,7.0,0.0,0.0,0.0,0.0,0.0,0.0,0.0,23.0,0.0,6.0,0.0,0.0,0.0,0.0,0.0,0.0,0.0,17.0,0.0,4.0,0.0,0.0,0.0,0.0,2.0,0.0,0.0,0.0,2.0,0.0,0.0,0.0,0.0,1.0,2.0,0.0,0.0,1.0,3.0,0.0,1.0,0.0,0.0,0.0,0.0,0.0,1.0,0.0,0.0,0.0,0.0,0.0,0.0,0.0,0.0,0.0,0.0,0.0,0.0,0.0,1.0,0.0,0.0,2.0,0.0,0.0,0.0,0.0,3.0,1.0,0.0,1.0,0.0,0.0,0.0,0.0,0.0,24.0,0.0,0.0,4.0,5.0,5.0,5.0,25.0
CHEMBL125269,Ki,11900.0,31.0,0.0,4.0,0.0,0.0,0.0,0.0,40.0,0.0,5.0,0.0,0.0,0.0,0.0,0.0,0.0,0.0,0.0,0.0,40.0,0.0,7.0,0.0,0.0,0.0,0.0,0.0,0.0,0.0,38.0,0.0,7.0,0.0,0.0,0.0,0.0,0.0,0.0,0.0,42.0,0.0,5.0,0.0,0.0,0.0,0.0,0.0,0.0,0.0,42.0,0.0,6.0,0.0,0.0,0.0,0.0,0.0,0.0,0.0,0.0,39.0,0.0,8.0,0.0,0.0,0.0,0.0,0.0,33.0,0.0,9.0,0.0,0.0,0.0,0.0,0.0,0.0,0.0,27.0,0.0,6.0,0.0,0.0,0.0,0.0,0.0,0.0,0.0,21.0,0.0,5.0,0.0,0.0,0.0,0.0,0.0,0.0,0.0,0.0,4.0,0.0,2.0,1.0,0.0,1.0,2.0,0.0,0.0,1.0,5.0,0.0,3.0,0.0,0.0,2.0,0.0,0.0,1.0,1.0,0.0,0.0,0.0,0.0,0.0,0.0,0.0,1.0,0.0,1.0,0.0,0.0,1.0,0.0,0.0,2.0,0.0,0.0,0.0,0.0,3.0,1.0,0.0,3.0,0.0,0.0,0.0,0.0,0.0,24.0,0.0,0.0,4.0,7.0,7.0,7.0,25.0
CHEMBL314616,Ki,41000.0,31.0,3.0,1.0,3.0,0.0,1.0,2.0,39.0,6.0,3.0,4.0,0.0,2.0,0.0,2.0,3.0,0.0,0.0,0.0,38.0,6.0,5.0,3.0,0.0,2.0,0.0,2.0,0.0,3.0,36.0,5.0,8.0,2.0,0.0,1.0,0.0,1.0,0.0,2.0,36.0,4.0,5.0,2.0,0.0,2.0,2.0,0.0,0.0,0.0,32.0,5.0,7.0,3.0,0.0,2.0,0.0,2.0,0.0,0.0,0.0,29.0,5.0,7.0,4.0,0.0,1.0,0.0,1.0,29.0,4.0,8.0,5.0,0.0,1.0,0.0,1.0,0.0,0.0,30.0,5.0,8.0,5.0,0.0,2.0,0.0,2.0,0.0,0.0,30.0,3.0,5.0,5.0,0.0,2.0,2.0,0.0,0.0,0.0,0.0,0.0,0.0,0.0,0.0,0.0,0.0,1.0,1.0,0.0,0.0,5.0,0.0,1.0,0.0,1.0,0.0,0.0,0.0,0.0,0.0,0.0,0.0,0.0,0.0,0.0,0.0,0.0,0.0,0.0,0.0,1.0,0.0,0.0,1.0,0.0,0.0,0.0,0.0,1.0,2.0,3.0,0.0,0.0,0.0,0.0,1.0,0.0,1.0,2.0,27.0,2.0,11.0,7.0,6.0,6.0,7.0,32.0
CHEMBL3752406,Ki,431.0,14.0,5.0,6.0,4.0,1.0,1.0,0.0,21.0,5.0,5.0,2.0,1.0,0.0,0.0,1.0,2.0,0.0,0.0,0.0,18.0,2.0,11.0,4.0,1.0,0.0,0.0,1.0,2.0,0.0,16.0,3.0,8.0,4.0,1.0,0.0,0.0,1.0,0.0,0.0,17.0,1.0,4.0,2.0,1.0,0.0,1.0,1.0,0.0,0.0,12.0,7.0,9.0,3.0,3.0,0.0,0.0,3.0,0.0,0.0,0.0,15.0,4.0,7.0,3.0,1.0,0.0,0.0,1.0,14.0,2.0,8.0,2.0,1.0,0.0,0.0,1.0,0.0,0.0,9.0,2.0,9.0,4.0,1.0,0.0,0.0,1.0,0.0,0.0,9.0,1.0,6.0,2.0,1.0,0.0,1.0,4.0,0.0,0.0,2.0,7.0,1.0,4.0,2.0,2.0,2.0,0.0,0.0,1.0,2.0,16.0,0.0,11.0,4.0,2.0,11.0,6.0,2.0,0.0,8.0,5.0,4.0,1.0,0.0,1.0,1.0,0.0,1.0,0.0,4.0,3.0,6.0,3.0,3.0,3.0,4.0,1.0,0.0,1.0,0.0,5.0,0.0,2.0,3.0,1.0,0.0,0.0,1.0,2.0,5.0,4.0,2.0,15.0,18.0,18.0,12.0,11.0
CHEMBL192613,Ki,2500.0,31.0,2.0,4.0,0.0,0.0,0.0,0.0,41.0,3.0,5.0,0.0,0.0,0.0,0.0,0.0,1.0,0.0,0.0,0.0,38.0,5.0,9.0,0.0,0.0,0.0,0.0,0.0,0.0,0.0,34.0,7.0,11.0,0.0,0.0,0.0,0.0,0.0,0.0,0.0,41.0,5.0,9.0,0.0,0.0,0.0,0.0,0.0,0.0,0.0,46.0,3.0,5.0,0.0,0.0,0.0,0.0,0.0,0.0,0.0,0.0,46.0,2.0,6.0,0.0,0.0,0.0,0.0,0.0,38.0,2.0,8.0,0.0,0.0,0.0,0.0,0.0,0.0,0.0,31.0,0.0,2.0,0.0,0.0,0.0,0.0,0.0,2.0,0.0,24.0,0.0,4.0,0.0,0.0,0.0,0.0,0.0,0.0,0.0,1.0,4.0,2.0,2.0,1.0,0.0,1.0,0.0,0.0,0.0,1.0,8.0,1.0,6.0,1.0,2.0,6.0,1.0,0.0,1.0,4.0,3.0,2.0,0.0,0.0,0.0,0.0,0.0,0.0,0.0,0.0,0.0,0.0,0.0,0.0,0.0,1.0,0.0,0.0,0.0,0.0,2.0,1.0,0.0,4.0,0.0,2.0,0.0,1.0,2.0,23.0,2.0,4.0,6.0,8.0,8.0,4.0,25.0
CHEMBL217991,Ki,3200.0,32.0,1.0,3.0,3.0,0.0,0.0,2.0,41.0,2.0,6.0,4.0,0.0,0.0,0.0,0.0,3.0,0.0,0.0,0.0,38.0,2.0,9.0,3.0,0.0,0.0,0.0,0.0,0.0,3.0,33.0,3.0,12.0,2.0,0.0,0.0,0.0,0.0,0.0,2.0,36.0,2.0,8.0,2.0,0.0,0.0,0.0,0.0,0.0,0.0,36.0,3.0,8.0,3.0,0.0,0.0,0.0,0.0,0.0,0.0,0.0,35.0,2.0,7.0,4.0,0.0,0.0,0.0,0.0,33.0,2.0,9.0,4.0,0.0,0.0,0.0,0.0,0.0,0.0,28.0,2.0,8.0,5.0,0.0,0.0,0.0,0.0,0.0,0.0,23.0,2.0,9.0,4.0,0.0,0.0,0.0,0.0,0.0,0.0,0.0,2.0,0.0,0.0,0.0,0.0,0.0,1.0,2.0,0.0,0.0,5.0,0.0,1.0,0.0,1.0,0.0,0.0,0.0,0.0,0.0,0.0,0.0,0.0,0.0,0.0,0.0,0.0,0.0,0.0,0.0,1.0,0.0,0.0,1.0,0.0,1.0,0.0,0.0,1.0,2.0,4.0,1.0,0.0,1.0,0.0,1.0,0.0,0.0,1.0,27.0,1.0,7.0,7.0,8.0,8.0,10.0,31.0
CHEMBL217988,Ki,6700.0,27.0,0.0,4.0,0.0,0.0,2.0,0.0,34.0,0.0,5.0,0.0,0.0,4.0,0.0,4.0,0.0,0.0,0.0,0.0,32.0,0.0,7.0,0.0,0.0,6.0,0.0,6.0,0.0,0.0,28.0,0.0,6.0,0.0,0.0,2.0,0.0,2.0,0.0,0.0,28.0,0.0,7.0,0.0,0.0,2.0,2.0,0.0,0.0,0.0,30.0,0.0,7.0,0.0,0.0,4.0,0.0,4.0,0.0,0.0,0.0,30.0,0.0,6.0,0.0,0.0,6.0,0.0,6.0,29.0,0.0,5.0,0.0,0.0,4.0,0.0,4.0,0.0,0.0,25.0,0.0,4.0,0.0,0.0,4.0,0.0,4.0,0.0,0.0,19.0,0.0,5.0,0.0,0.0,2.0,2.0,0.0,0.0,0.0,0.0,2.0,0.0,0.0,0.0,1.0,1.0,1.0,1.0,0.0,1.0,8.0,0.0,2.0,0.0,2.0,0.0,0.0,0.0,1.0,0.0,0.0,0.0,0.0,0.0,0.0,0.0,0.0,0.0,0.0,0.0,0.0,0.0,1.0,0.0,0.0,2.0,0.0,0.0,0.0,0.0,3.0,1.0,1.0,1.0,0.0,1.0,0.0,0.0,0.0,18.0,0.0,5.0,4.0,9.0,9.0,8.0,23.0
CHEMBL218280,Ki,1500.0,29.0,1.0,5.0,3.0,0.0,0.0,2.0,36.0,2.0,8.0,4.0,0.0,0.0,0.0,0.0,3.0,0.0,0.0,0.0,33.0,2.0,11.0,3.0,0.0,0.0,0.0,0.0,0.0,3.0,29.0,3.0,15.0,2.0,0.0,0.0,0.0,0.0,0.0,2.0,32.0,2.0,9.0,2.0,0.0,0.0,0.0,0.0,0.0,0.0,31.0,3.0,11.0,3.0,0.0,0.0,0.0,0.0,0.0,0.0,0.0,32.0,2.0,10.0,4.0,0.0,0.0,0.0,0.0,31.0,1.0,11.0,4.0,0.0,0.0,0.0,0.0,0.0,0.0,28.0,1.0,10.0,4.0,0.0,0.0,0.0,0.0,0.0,0.0,24.0,2.0,9.0,3.0,0.0,0.0,0.0,0.0,0.0,0.0,0.0,2.0,0.0,0.0,0.0,1.0,0.0,1.0,1.0,0.0,0.0,8.0,0.0,2.0,0.0,2.0,0.0,0.0,0.0,1.0,0.0,0.0,0.0,0.0,0.0,0.0,0.0,0.0,0.0,0.0,0.0,1.0,0.0,0.0,1.0,0.0,2.0,0.0,0.0,1.0,2.0,5.0,1.0,0.0,1.0,0.0,1.0,0.0,0.0,1.0,23.0,1.0,9.0,9.0,10.0,10.0,12.0,29.0
CHEMBL332446,Ki,35000.0,28.0,0.0,4.0,2.0,0.0,0.0,0.0,37.0,0.0,5.0,3.0,0.0,0.0,0.0,0.0,0.0,0.0,0.0,0.0,36.0,0.0,7.0,3.0,0.0,0.0,0.0,0.0,0.0,0.0,34.0,0.0,8.0,4.0,0.0,0.0,0.0,0.0,0.0,0.0,34.0,0.0,7.0,5.0,0.0,0.0,0.0,0.0,0.0,0.0,32.0,0.0,7.0,4.0,0.0,0.0,0.0,0.0,0.0,0.0,0.0,30.0,0.0,8.0,3.0,0.0,0.0,0.0,0.0,29.0,0.0,5.0,2.0,0.0,0.0,0.0,0.0,0.0,0.0,24.0,0.0,5.0,1.0,0.0,0.0,0.0,0.0,0.0,0.0,19.0,0.0,5.0,0.0,0.0,0.0,0.0,0.0,0.0,0.0,1.0,2.0,1.0,0.0,0.0,1.0,1.0,2.0,0.0,0.0,1.0,5.0,0.0,3.0,0.0,0.0,2.0,0.0,0.0,2.0,1.0,0.0,0.0,0.0,0.0,0.0,0.0,0.0,1.0,0.0,1.0,0.0,0.0,1.0,0.0,0.0,2.0,0.0,0.0,0.0,0.0,3.0,1.0,1.0,1.0,0.0,0.0,0.0,0.0,1.0,23.0,1.0,0.0,6.0,7.0,7.0,6.0,24.0
CHEMBL328067,Ki,57.0,38.0,4.0,2.0,1.0,0.0,0.0,2.0,50.0,6.0,4.0,3.0,0.0,0.0,0.0,0.0,4.0,0.0,0.0,0.0,50.0,10.0,11.0,4.0,0.0,0.0,0.0,0.0,0.0,1.0,45.0,11.0,17.0,4.0,0.0,0.0,0.0,0.0,0.0,2.0,48.0,7.0,18.0,4.0,0.0,0.0,0.0,0.0,0.0,0.0,49.0,4.0,15.0,3.0,0.0,0.0,0.0,0.0,0.0,0.0,0.0,47.0,3.0,10.0,2.0,0.0,0.0,0.0,0.0,42.0,3.0,7.0,0.0,0.0,0.0,0.0,0.0,0.0,0.0,39.0,1.0,3.0,2.0,0.0,0.0,0.0,0.0,0.0,0.0,38.0,3.0,7.0,3.0,0.0,0.0,0.0,0.0,0.0,0.0,0.0,4.0,0.0,1.0,0.0,0.0,0.0,3.0,0.0,0.0,0.0,6.0,0.0,2.0,0.0,0.0,0.0,0.0,0.0,3.0,0.0,0.0,0.0,0.0,0.0,0.0,0.0,0.0,0.0,0.0,0.0,1.0,0.0,0.0,3.0,1.0,0.0,0.0,0.0,2.0,2.0,4.0,0.0,0.0,3.0,0.0,3.0,0.0,0.0,0.0,30.0,1.0,6.0,7.0,9.0,9.0,7.0,35.0
CHEMBL90491,Ki,16.0,39.0,4.0,2.0,1.0,0.0,0.0,2.0,52.0,6.0,4.0,3.0,0.0,0.0,0.0,0.0,4.0,0.0,0.0,0.0,52.0,11.0,12.0,4.0,0.0,0.0,0.0,0.0,0.0,1.0,47.0,11.0,17.0,5.0,0.0,0.0,0.0,0.0,0.0,2.0,50.0,7.0,20.0,4.0,0.0,0.0,0.0,0.0,0.0,0.0,51.0,4.0,15.0,3.0,0.0,0.0,0.0,0.0,0.0,0.0,0.0,50.0,3.0,10.0,2.0,0.0,0.0,0.0,0.0,45.0,3.0,7.0,0.0,0.0,0.0,0.0,0.0,0.0,0.0,41.0,1.0,3.0,2.0,0.0,0.0,0.0,0.0,0.0,0.0,39.0,3.0,7.0,3.0,0.0,0.0,0.0,0.0,0.0,0.0,1.0,3.0,0.0,1.0,0.0,1.0,0.0,3.0,0.0,0.0,0.0,7.0,0.0,3.0,0.0,0.0,1.0,0.0,0.0,4.0,0.0,0.0,0.0,0.0,0.0,0.0,0.0,0.0,0.0,1.0,0.0,1.0,0.0,0.0,3.0,1.0,0.0,0.0,0.0,2.0,2.0,4.0,0.0,1.0,2.0,0.0,3.0,0.0,0.0,0.0,30.0,1.0,6.0,7.0,10.0,10.0,7.0,36.0
CHEMBL222677,Ki,18000.0,30.0,3.0,4.0,0.0,0.0,1.0,0.0,40.0,4.0,5.0,0.0,0.0,2.0,0.0,2.0,1.0,0.0,0.0,0.0,40.0,2.0,10.0,0.0,0.0,2.0,0.0,2.0,0.0,0.0,33.0,3.0,9.0,0.0,0.0,2.0,0.0,2.0,0.0,0.0,32.0,3.0,7.0,0.0,0.0,1.0,1.0,1.0,0.0,0.0,32.0,3.0,10.0,0.0,0.0,2.0,0.0,2.0,0.0,0.0,0.0,29.0,3.0,9.0,0.0,0.0,2.0,0.0,2.0,26.0,2.0,5.0,0.0,0.0,2.0,0.0,2.0,0.0,0.0,24.0,2.0,9.0,0.0,0.0,1.0,0.0,1.0,0.0,1.0,22.0,3.0,10.0,0.0,0.0,1.0,1.0,2.0,0.0,0.0,2.0,6.0,3.0,3.0,0.0,1.0,2.0,0.0,1.0,0.0,2.0,11.0,0.0,7.0,0.0,0.0,5.0,0.0,0.0,2.0,4.0,3.0,2.0,1.0,0.0,1.0,1.0,2.0,1.0,3.0,1.0,4.0,8.0,1.0,3.0,3.0,2.0,0.0,0.0,1.0,0.0,4.0,2.0,1.0,5.0,0.0,2.0,0.0,0.0,0.0,18.0,1.0,2.0,7.0,14.0,14.0,8.0,23.0
CHEMBL251505,Ki,10000.0,21.0,3.0,3.0,0.0,0.0,0.0,0.0,26.0,4.0,3.0,0.0,0.0,0.0,0.0,0.0,1.0,0.0,0.0,0.0,25.0,2.0,7.0,0.0,0.0,0.0,0.0,0.0,0.0,0.0,20.0,3.0,6.0,0.0,0.0,0.0,0.0,0.0,0.0,0.0,20.0,3.0,4.0,0.0,0.0,0.0,0.0,0.0,0.0,0.0,21.0,3.0,5.0,0.0,0.0,0.0,0.0,0.0,0.0,0.0,0.0,21.0,2.0,5.0,0.0,0.0,0.0,0.0,0.0,17.0,1.0,3.0,0.0,0.0,0.0,0.0,0.0,0.0,0.0,15.0,1.0,6.0,0.0,0.0,0.0,0.0,0.0,0.0,0.0,13.0,0.0,7.0,0.0,0.0,0.0,0.0,2.0,0.0,0.0,1.0,7.0,1.0,4.0,1.0,2.0,1.0,0.0,0.0,0.0,1.0,16.0,0.0,11.0,0.0,5.0,7.0,0.0,0.0,1.0,5.0,3.0,1.0,0.0,0.0,0.0,0.0,1.0,0.0,2.0,0.0,4.0,8.0,0.0,3.0,3.0,1.0,0.0,0.0,1.0,0.0,3.0,1.0,2.0,6.0,0.0,2.0,0.0,0.0,0.0,6.0,1.0,3.0,6.0,15.0,15.0,9.0,14.0
CHEMBL393178,Ki,251.19,23.0,4.0,1.0,1.0,0.0,1.0,2.0,27.0,6.0,3.0,4.0,0.0,2.0,0.0,2.0,3.0,0.0,0.0,0.0,24.0,7.0,9.0,5.0,0.0,2.0,0.0,2.0,1.0,0.0,20.0,8.0,12.0,4.0,0.0,2.0,0.0,2.0,0.0,0.0,24.0,6.0,13.0,4.0,0.0,0.0,0.0,2.0,1.0,0.0,25.0,8.0,15.0,1.0,0.0,1.0,0.0,1.0,0.0,0.0,0.0,26.0,6.0,7.0,2.0,0.0,1.0,0.0,1.0,27.0,2.0,5.0,2.0,0.0,0.0,0.0,0.0,0.0,0.0,27.0,1.0,5.0,1.0,0.0,1.0,0.0,1.0,0.0,0.0,25.0,0.0,2.0,0.0,0.0,3.0,3.0,0.0,2.0,2.0,0.0,3.0,0.0,0.0,0.0,2.0,0.0,1.0,0.0,0.0,0.0,6.0,0.0,2.0,0.0,0.0,0.0,0.0,0.0,1.0,0.0,0.0,0.0,0.0,0.0,0.0,0.0,0.0,0.0,0.0,0.0,2.0,1.0,0.0,3.0,1.0,0.0,0.0,0.0,2.0,2.0,3.0,0.0,2.0,1.0,0.0,0.0,0.0,0.0,0.0,18.0,0.0,4.0,6.0,8.0,8.0,9.0,22.0
CHEMBL83450,Ki,49000.0,31.0,3.0,1.0,3.0,0.0,1.0,2.0,39.0,6.0,3.0,4.0,0.0,2.0,0.0,2.0,3.0,0.0,0.0,0.0,38.0,6.0,5.0,3.0,0.0,2.0,0.0,2.0,0.0,3.0,36.0,5.0,8.0,2.0,0.0,1.0,0.0,1.0,0.0,2.0,36.0,4.0,5.0,2.0,0.0,2.0,2.0,0.0,0.0,0.0,32.0,5.0,7.0,3.0,0.0,2.0,0.0,2.0,0.0,0.0,0.0,29.0,5.0,7.0,4.0,0.0,1.0,0.0,1.0,29.0,4.0,8.0,5.0,0.0,1.0,0.0,1.0,0.0,0.0,30.0,5.0,8.0,5.0,0.0,2.0,0.0,2.0,0.0,0.0,30.0,3.0,5.0,5.0,0.0,2.0,2.0,0.0,0.0,0.0,0.0,2.0,0.0,1.0,0.0,0.0,0.0,1.0,1.0,0.0,0.0,5.0,0.0,2.0,0.0,0.0,1.0,0.0,0.0,1.0,0.0,0.0,0.0,0.0,0.0,0.0,0.0,0.0,0.0,1.0,0.0,1.0,0.0,0.0,1.0,0.0,0.0,0.0,0.0,1.0,2.0,3.0,0.0,0.0,2.0,0.0,0.0,0.0,1.0,2.0,27.0,2.0,8.0,7.0,7.0,7.0,8.0,30.0
CHEMBL180343,Ki,23000.0,27.0,0.0,4.0,0.0,0.0,0.0,0.0,34.0,0.0,5.0,0.0,0.0,0.0,0.0,0.0,0.0,0.0,0.0,0.0,32.0,0.0,8.0,0.0,0.0,0.0,0.0,0.0,0.0,0.0,29.0,0.0,6.0,0.0,0.0,0.0,0.0,0.0,0.0,0.0,29.0,0.0,6.0,0.0,0.0,0.0,0.0,0.0,0.0,0.0,31.0,0.0,7.0,0.0,0.0,0.0,0.0,0.0,0.0,0.0,0.0,31.0,0.0,6.0,0.0,0.0,0.0,0.0,0.0,28.0,0.0,5.0,0.0,0.0,0.0,0.0,0.0,0.0,0.0,23.0,0.0,4.0,0.0,0.0,0.0,0.0,0.0,0.0,0.0,18.0,0.0,5.0,0.0,0.0,0.0,0.0,0.0,0.0,0.0,0.0,6.0,0.0,3.0,1.0,1.0,1.0,1.0,0.0,0.0,1.0,8.0,0.0,4.0,0.0,0.0,2.0,0.0,0.0,3.0,0.0,0.0,0.0,0.0,0.0,0.0,0.0,0.0,0.0,0.0,1.0,0.0,0.0,1.0,0.0,0.0,2.0,0.0,0.0,0.0,0.0,3.0,1.0,1.0,5.0,0.0,0.0,0.0,0.0,0.0,18.0,0.0,0.0,4.0,11.0,11.0,10.0,19.0
CHEMBL484778,Ki,28500.0,20.0,5.0,2.0,2.0,0.0,2.0,0.0,27.0,8.0,2.0,4.0,0.0,4.0,0.0,4.0,0.0,0.0,0.0,0.0,28.0,7.0,2.0,5.0,0.0,4.0,0.0,4.0,0.0,0.0,29.0,4.0,4.0,6.0,0.0,2.0,0.0,2.0,0.0,0.0,29.0,7.0,4.0,4.0,0.0,1.0,1.0,2.0,0.0,0.0,31.0,6.0,4.0,0.0,0.0,3.0,0.0,3.0,0.0,0.0,0.0,27.0,4.0,6.0,0.0,0.0,5.0,0.0,5.0,15.0,1.0,8.0,0.0,0.0,8.0,0.0,8.0,0.0,0.0,4.0,0.0,8.0,0.0,0.0,9.0,0.0,9.0,0.0,0.0,0.0,0.0,2.0,0.0,0.0,4.0,4.0,0.0,2.0,2.0,2.0,3.0,2.0,1.0,0.0,2.0,1.0,0.0,1.0,0.0,1.0,8.0,0.0,6.0,0.0,0.0,4.0,0.0,0.0,0.0,2.0,1.0,0.0,0.0,0.0,0.0,1.0,0.0,1.0,0.0,1.0,0.0,0.0,1.0,0.0,0.0,1.0,0.0,0.0,0.0,0.0,2.0,0.0,2.0,2.0,0.0,0.0,0.0,1.0,2.0,15.0,2.0,0.0,9.0,10.0,10.0,5.0,17.0
CHEMBL432380,Ki,140.0,37.0,4.0,4.0,1.0,0.0,0.0,2.0,48.0,6.0,7.0,3.0,0.0,0.0,0.0,0.0,4.0,0.0,0.0,0.0,49.0,9.0,12.0,4.0,0.0,0.0,0.0,0.0,1.0,1.0,46.0,10.0,17.0,3.0,0.0,0.0,0.0,0.0,0.0,2.0,49.0,7.0,17.0,3.0,0.0,0.0,0.0,0.0,0.0,0.0,47.0,5.0,16.0,3.0,0.0,0.0,0.0,0.0,0.0,0.0,0.0,42.0,4.0,14.0,3.0,0.0,0.0,0.0,0.0,37.0,3.0,12.0,1.0,0.0,0.0,0.0,0.0,0.0,0.0,37.0,1.0,7.0,2.0,0.0,0.0,0.0,0.0,0.0,0.0,40.0,3.0,8.0,3.0,0.0,0.0,0.0,0.0,0.0,0.0,0.0,4.0,0.0,1.0,0.0,0.0,0.0,3.0,0.0,0.0,0.0,6.0,0.0,2.0,0.0,0.0,0.0,0.0,0.0,2.0,0.0,0.0,0.0,0.0,0.0,0.0,0.0,0.0,0.0,0.0,0.0,1.0,0.0,1.0,3.0,1.0,1.0,0.0,0.0,2.0,2.0,5.0,0.0,0.0,2.0,0.0,3.0,0.0,0.0,0.0,30.0,1.0,6.0,9.0,9.0,9.0,8.0,35.0
CHEMBL87263,Ki,4600.0,28.0,1.0,5.0,3.0,0.0,0.0,2.0,34.0,2.0,9.0,4.0,0.0,0.0,0.0,0.0,3.0,0.0,0.0,0.0,32.0,2.0,11.0,3.0,0.0,0.0,0.0,0.0,0.0,3.0,31.0,3.0,11.0,2.0,0.0,0.0,0.0,0.0,0.0,3.0,31.0,2.0,8.0,2.0,0.0,0.0,0.0,0.0,0.0,0.0,23.0,3.0,13.0,3.0,0.0,0.0,0.0,0.0,0.0,0.0,0.0,19.0,3.0,14.0,4.0,0.0,0.0,0.0,0.0,22.0,2.0,13.0,5.0,0.0,0.0,0.0,0.0,0.0,0.0,28.0,1.0,9.0,5.0,0.0,0.0,0.0,0.0,0.0,0.0,28.0,0.0,6.0,4.0,0.0,0.0,0.0,1.0,0.0,0.0,0.0,5.0,0.0,3.0,1.0,1.0,0.0,1.0,0.0,0.0,0.0,7.0,0.0,4.0,0.0,0.0,2.0,0.0,0.0,1.0,0.0,0.0,0.0,0.0,0.0,0.0,0.0,0.0,0.0,1.0,2.0,1.0,0.0,2.0,1.0,0.0,2.0,0.0,0.0,1.0,2.0,5.0,0.0,1.0,3.0,0.0,0.0,0.0,0.0,1.0,23.0,1.0,4.0,9.0,10.0,10.0,12.0,25.0
CHEMBL196779,Ki,9600.0,25.0,3.0,8.0,0.0,0.0,0.0,0.0,33.0,4.0,9.0,0.0,0.0,0.0,0.0,0.0,2.0,0.0,0.0,0.0,32.0,5.0,12.0,0.0,0.0,0.0,0.0,0.0,0.0,0.0,29.0,3.0,19.0,0.0,0.0,0.0,0.0,0.0,0.0,0.0,30.0,2.0,19.0,0.0,0.0,0.0,0.0,1.0,0.0,0.0,27.0,2.0,18.0,0.0,0.0,0.0,0.0,0.0,0.0,0.0,0.0,26.0,2.0,14.0,0.0,0.0,0.0,0.0,0.0,25.0,2.0,11.0,0.0,0.0,0.0,0.0,0.0,0.0,0.0,25.0,1.0,6.0,0.0,0.0,0.0,0.0,0.0,3.0,0.0,23.0,1.0,3.0,0.0,0.0,0.0,0.0,2.0,0.0,0.0,0.0,5.0,0.0,1.0,0.0,0.0,2.0,0.0,0.0,0.0,2.0,8.0,1.0,5.0,1.0,0.0,4.0,1.0,0.0,2.0,2.0,0.0,0.0,0.0,0.0,0.0,0.0,0.0,1.0,0.0,3.0,0.0,0.0,6.0,1.0,0.0,5.0,0.0,0.0,1.0,0.0,6.0,0.0,0.0,3.0,0.0,0.0,0.0,0.0,0.0,18.0,0.0,0.0,11.0,11.0,11.0,9.0,22.0
CHEMBL426559,Ki,1160.0,21.0,3.0,2.0,2.0,1.0,2.0,2.0,30.0,5.0,6.0,2.0,2.0,2.0,0.0,4.0,0.0,0.0,0.0,0.0,29.0,7.0,6.0,2.0,2.0,2.0,0.0,4.0,0.0,0.0,29.0,5.0,8.0,4.0,2.0,1.0,0.0,3.0,2.0,0.0,32.0,1.0,12.0,3.0,3.0,1.0,4.0,2.0,1.0,2.0,30.0,0.0,12.0,4.0,3.0,0.0,0.0,3.0,0.0,0.0,0.0,24.0,0.0,14.0,3.0,2.0,2.0,0.0,4.0,12.0,0.0,14.0,1.0,3.0,4.0,0.0,7.0,0.0,0.0,3.0,0.0,8.0,0.0,2.0,5.0,0.0,7.0,4.0,2.0,0.0,0.0,2.0,0.0,1.0,3.0,4.0,0.0,2.0,2.0,1.0,4.0,2.0,1.0,0.0,1.0,1.0,0.0,0.0,1.0,1.0,7.0,0.0,4.0,0.0,0.0,3.0,0.0,0.0,0.0,2.0,1.0,0.0,0.0,0.0,0.0,1.0,0.0,1.0,0.0,1.0,0.0,0.0,1.0,0.0,0.0,1.0,1.0,1.0,0.0,0.0,4.0,0.0,0.0,3.0,0.0,0.0,1.0,0.0,1.0,15.0,1.0,4.0,7.0,10.0,10.0,5.0,18.0
CHEMBL88154,Ki,770.0,33.0,6.0,2.0,1.0,0.0,0.0,2.0,45.0,8.0,3.0,3.0,0.0,0.0,0.0,0.0,5.0,0.0,0.0,0.0,46.0,10.0,11.0,3.0,0.0,0.0,0.0,0.0,0.0,1.0,41.0,13.0,16.0,4.0,0.0,0.0,0.0,0.0,2.0,2.0,45.0,7.0,16.0,5.0,0.0,0.0,0.0,0.0,0.0,0.0,47.0,6.0,16.0,1.0,0.0,0.0,0.0,0.0,0.0,0.0,0.0,44.0,6.0,6.0,1.0,0.0,0.0,0.0,0.0,38.0,5.0,5.0,0.0,0.0,0.0,0.0,0.0,0.0,0.0,33.0,2.0,3.0,2.0,0.0,0.0,0.0,0.0,0.0,0.0,30.0,4.0,7.0,3.0,0.0,0.0,0.0,0.0,0.0,0.0,0.0,3.0,0.0,1.0,0.0,3.0,0.0,3.0,0.0,0.0,0.0,9.0,0.0,4.0,1.0,0.0,3.0,0.0,0.0,2.0,0.0,0.0,0.0,0.0,0.0,0.0,0.0,0.0,0.0,0.0,0.0,3.0,3.0,0.0,5.0,2.0,0.0,0.0,0.0,3.0,2.0,4.0,0.0,3.0,2.0,0.0,3.0,0.0,0.0,0.0,24.0,1.0,6.0,9.0,12.0,12.0,7.0,31.0
CHEMBL3754197,Ki,1332.0,21.0,5.0,6.0,4.0,0.0,0.0,0.0,29.0,5.0,5.0,2.0,0.0,0.0,0.0,0.0,2.0,0.0,0.0,0.0,26.0,2.0,11.0,4.0,0.0,0.0,0.0,0.0,2.0,0.0,22.0,3.0,9.0,4.0,0.0,0.0,0.0,0.0,0.0,0.0,25.0,1.0,4.0,2.0,0.0,0.0,0.0,1.0,0.0,0.0,23.0,7.0,10.0,3.0,0.0,0.0,0.0,0.0,0.0,0.0,0.0,24.0,5.0,9.0,3.0,0.0,0.0,0.0,0.0,21.0,2.0,10.0,2.0,0.0,0.0,0.0,0.0,0.0,0.0,14.0,3.0,10.0,4.0,0.0,0.0,0.0,0.0,0.0,0.0,14.0,3.0,7.0,3.0,0.0,0.0,0.0,4.0,0.0,0.0,3.0,13.0,4.0,7.0,3.0,0.0,2.0,0.0,0.0,0.0,2.0,21.0,5.0,18.0,5.0,2.0,21.0,13.0,11.0,0.0,22.0,22.0,18.0,18.0,17.0,2.0,2.0,0.0,3.0,0.0,4.0,3.0,6.0,3.0,3.0,3.0,4.0,0.0,0.0,1.0,0.0,5.0,0.0,0.0,10.0,0.0,0.0,0.0,1.0,2.0,5.0,4.0,2.0,15.0,24.0,24.0,11.0,12.0
CHEMBL3286796,Ki,1300.0,24.0,0.0,4.0,0.0,0.0,1.0,0.0,28.0,0.0,6.0,0.0,0.0,2.0,0.0,2.0,0.0,0.0,0.0,0.0,26.0,0.0,9.0,0.0,0.0,3.0,0.0,3.0,0.0,0.0,25.0,0.0,7.0,0.0,0.0,2.0,0.0,2.0,0.0,0.0,22.0,0.0,6.0,0.0,0.0,2.0,2.0,0.0,0.0,0.0,20.0,0.0,6.0,0.0,0.0,2.0,0.0,2.0,0.0,0.0,0.0,21.0,0.0,7.0,0.0,0.0,2.0,0.0,2.0,23.0,0.0,7.0,0.0,0.0,2.0,0.0,2.0,0.0,1.0,18.0,0.0,8.0,0.0,0.0,4.0,0.0,4.0,0.0,0.0,12.0,0.0,9.0,0.0,0.0,2.0,2.0,0.0,2.0,2.0,5.0,10.0,4.0,3.0,1.0,0.0,3.0,0.0,0.0,0.0,3.0,23.0,6.0,21.0,6.0,5.0,25.0,17.0,15.0,0.0,26.0,19.0,9.0,3.0,1.0,2.0,5.0,0.0,7.0,0.0,8.0,0.0,0.0,5.0,0.0,0.0,3.0,0.0,0.0,0.0,0.0,4.0,0.0,0.0,10.0,0.0,0.0,0.0,0.0,0.0,0.0,0.0,0.0,4.0,25.0,25.0,12.0,12.0
CHEMBL411255,Ki,2174.0,22.0,3.0,3.0,2.0,1.0,2.0,2.0,31.0,5.0,8.0,2.0,2.0,2.0,0.0,4.0,0.0,0.0,0.0,0.0,34.0,5.0,10.0,3.0,2.0,2.0,0.0,4.0,0.0,0.0,35.0,3.0,15.0,3.0,1.0,1.0,0.0,2.0,1.0,0.0,34.0,3.0,16.0,3.0,4.0,1.0,5.0,4.0,0.0,2.0,31.0,2.0,18.0,5.0,3.0,1.0,0.0,4.0,0.0,0.0,1.0,26.0,1.0,16.0,3.0,3.0,2.0,0.0,5.0,14.0,0.0,14.0,1.0,3.0,3.0,0.0,6.0,0.0,0.0,4.0,0.0,8.0,0.0,2.0,5.0,0.0,7.0,4.0,2.0,0.0,0.0,2.0,0.0,1.0,4.0,5.0,0.0,2.0,2.0,1.0,4.0,2.0,2.0,1.0,1.0,1.0,0.0,0.0,1.0,1.0,8.0,0.0,5.0,0.0,0.0,4.0,0.0,0.0,0.0,3.0,2.0,1.0,0.0,0.0,1.0,1.0,0.0,1.0,0.0,1.0,0.0,0.0,1.0,0.0,0.0,1.0,1.0,1.0,0.0,0.0,5.0,0.0,0.0,3.0,0.0,5.0,1.0,0.0,1.0,15.0,1.0,8.0,8.0,9.0,9.0,5.0,19.0
CHEMBL125588,Ki,48000.0,29.0,0.0,4.0,2.0,0.0,0.0,0.0,37.0,0.0,5.0,3.0,0.0,0.0,0.0,0.0,0.0,0.0,0.0,0.0,35.0,0.0,9.0,3.0,0.0,0.0,0.0,0.0,0.0,0.0,34.0,0.0,6.0,4.0,0.0,0.0,0.0,0.0,0.0,0.0,34.0,0.0,7.0,5.0,0.0,0.0,0.0,0.0,0.0,0.0,32.0,0.0,7.0,4.0,0.0,0.0,0.0,0.0,0.0,0.0,0.0,30.0,0.0,8.0,3.0,0.0,0.0,0.0,0.0,29.0,0.0,5.0,2.0,0.0,0.0,0.0,0.0,0.0,0.0,24.0,0.0,5.0,1.0,0.0,0.0,0.0,0.0,0.0,0.0,19.0,0.0,5.0,0.0,0.0,0.0,0.0,0.0,0.0,0.0,2.0,2.0,0.0,0.0,0.0,0.0,1.0,2.0,0.0,0.0,1.0,5.0,2.0,4.0,2.0,0.0,3.0,0.0,0.0,2.0,1.0,0.0,0.0,0.0,0.0,0.0,0.0,0.0,1.0,0.0,2.0,0.0,0.0,1.0,0.0,0.0,2.0,0.0,0.0,0.0,0.0,3.0,1.0,0.0,1.0,0.0,0.0,0.0,0.0,1.0,23.0,1.0,0.0,6.0,8.0,8.0,5.0,26.0
CHEMBL90935,Ki,400.0,39.0,6.0,2.0,1.0,0.0,0.0,2.0,52.0,6.0,3.0,3.0,0.0,0.0,0.0,0.0,5.0,0.0,0.0,0.0,52.0,11.0,11.0,3.0,0.0,0.0,0.0,0.0,0.0,1.0,47.0,12.0,14.0,4.0,0.0,0.0,0.0,0.0,2.0,2.0,49.0,10.0,17.0,3.0,0.0,0.0,0.0,0.0,0.0,0.0,48.0,9.0,13.0,2.0,0.0,0.0,0.0,0.0,0.0,0.0,0.0,43.0,9.0,10.0,2.0,0.0,0.0,0.0,0.0,36.0,7.0,9.0,2.0,0.0,0.0,0.0,0.0,0.0,0.0,34.0,3.0,8.0,4.0,0.0,0.0,0.0,0.0,0.0,0.0,38.0,4.0,11.0,4.0,0.0,0.0,0.0,0.0,0.0,0.0,0.0,6.0,0.0,3.0,1.0,0.0,1.0,3.0,0.0,0.0,1.0,8.0,0.0,3.0,0.0,0.0,1.0,0.0,0.0,3.0,0.0,0.0,0.0,0.0,0.0,0.0,0.0,0.0,0.0,1.0,0.0,1.0,0.0,0.0,4.0,1.0,1.0,0.0,0.0,3.0,2.0,4.0,0.0,0.0,4.0,0.0,3.0,0.0,0.0,0.0,30.0,1.0,6.0,9.0,12.0,12.0,9.0,35.0
CHEMBL251504,Ki,10000.0,21.0,3.0,3.0,0.0,0.0,0.0,0.0,26.0,4.0,3.0,0.0,0.0,0.0,0.0,0.0,1.0,0.0,0.0,0.0,25.0,2.0,7.0,0.0,0.0,0.0,0.0,0.0,0.0,0.0,20.0,3.0,6.0,0.0,0.0,0.0,0.0,0.0,0.0,0.0,20.0,3.0,4.0,0.0,0.0,0.0,0.0,0.0,0.0,0.0,21.0,3.0,5.0,0.0,0.0,0.0,0.0,0.0,0.0,0.0,0.0,21.0,2.0,5.0,0.0,0.0,0.0,0.0,0.0,17.0,1.0,3.0,0.0,0.0,0.0,0.0,0.0,0.0,0.0,15.0,1.0,6.0,0.0,0.0,0.0,0.0,0.0,0.0,0.0,13.0,0.0,7.0,0.0,0.0,0.0,0.0,2.0,0.0,0.0,1.0,7.0,1.0,4.0,1.0,2.0,1.0,0.0,0.0,0.0,1.0,16.0,0.0,11.0,0.0,5.0,7.0,0.0,0.0,1.0,5.0,3.0,1.0,0.0,0.0,0.0,0.0,1.0,0.0,2.0,0.0,4.0,8.0,0.0,3.0,3.0,1.0,0.0,0.0,1.0,0.0,3.0,1.0,2.0,6.0,0.0,2.0,0.0,0.0,0.0,6.0,1.0,3.0,6.0,15.0,15.0,9.0,14.0
CHEMBL218178,Ki,2300.0,30.0,1.0,3.0,3.0,0.0,0.0,2.0,37.0,2.0,6.0,4.0,0.0,0.0,0.0,0.0,3.0,0.0,0.0,0.0,33.0,2.0,10.0,3.0,0.0,0.0,0.0,0.0,0.0,3.0,30.0,3.0,12.0,2.0,0.0,0.0,0.0,0.0,0.0,2.0,32.0,2.0,8.0,2.0,0.0,0.0,0.0,0.0,0.0,0.0,34.0,3.0,8.0,3.0,0.0,0.0,0.0,0.0,0.0,0.0,0.0,35.0,2.0,8.0,4.0,0.0,0.0,0.0,0.0,36.0,1.0,10.0,4.0,0.0,0.0,0.0,0.0,0.0,0.0,34.0,1.0,7.0,4.0,0.0,0.0,0.0,0.0,0.0,0.0,28.0,2.0,5.0,3.0,0.0,0.0,0.0,0.0,0.0,0.0,0.0,2.0,0.0,0.0,0.0,1.0,0.0,1.0,1.0,0.0,0.0,8.0,0.0,2.0,0.0,2.0,0.0,0.0,0.0,1.0,0.0,0.0,0.0,0.0,0.0,0.0,0.0,0.0,0.0,0.0,0.0,1.0,0.0,0.0,1.0,0.0,1.0,0.0,0.0,1.0,2.0,4.0,1.0,1.0,1.0,0.0,1.0,0.0,0.0,1.0,23.0,1.0,9.0,7.0,10.0,10.0,11.0,29.0
CHEMBL125110,Ki,27000.0,27.0,0.0,4.0,2.0,0.0,0.0,0.0,34.0,0.0,5.0,4.0,0.0,0.0,0.0,0.0,0.0,0.0,0.0,0.0,32.0,0.0,7.0,4.0,0.0,0.0,0.0,0.0,0.0,0.0,30.0,0.0,6.0,5.0,0.0,0.0,0.0,0.0,0.0,0.0,32.0,0.0,7.0,4.0,0.0,0.0,0.0,0.0,0.0,0.0,32.0,0.0,7.0,2.0,0.0,0.0,0.0,0.0,0.0,0.0,0.0,30.0,0.0,6.0,2.0,0.0,0.0,0.0,0.0,27.0,0.0,7.0,2.0,0.0,0.0,0.0,0.0,0.0,0.0,22.0,0.0,4.0,1.0,0.0,0.0,0.0,0.0,0.0,0.0,17.0,0.0,5.0,0.0,0.0,0.0,0.0,0.0,0.0,0.0,0.0,3.0,0.0,1.0,0.0,0.0,1.0,2.0,0.0,0.0,1.0,4.0,0.0,2.0,0.0,0.0,1.0,0.0,0.0,1.0,0.0,0.0,0.0,0.0,0.0,0.0,0.0,0.0,0.0,0.0,1.0,0.0,0.0,1.0,0.0,0.0,2.0,0.0,0.0,0.0,0.0,3.0,1.0,0.0,2.0,0.0,0.0,0.0,0.0,1.0,23.0,1.0,0.0,6.0,6.0,6.0,6.0,23.0
CHEMBL124675,Ki,85000.0,25.0,2.0,4.0,2.0,0.0,0.0,0.0,32.0,3.0,5.0,3.0,0.0,0.0,0.0,0.0,0.0,0.0,0.0,0.0,30.0,3.0,5.0,3.0,0.0,0.0,0.0,0.0,2.0,0.0,28.0,3.0,6.0,4.0,0.0,0.0,0.0,0.0,0.0,0.0,30.0,1.0,7.0,4.0,0.0,0.0,0.0,0.0,0.0,0.0,30.0,1.0,7.0,3.0,0.0,0.0,0.0,0.0,0.0,0.0,0.0,27.0,2.0,8.0,3.0,0.0,0.0,0.0,0.0,25.0,2.0,4.0,2.0,0.0,0.0,0.0,0.0,0.0,0.0,20.0,2.0,4.0,1.0,0.0,0.0,0.0,0.0,0.0,0.0,16.0,1.0,5.0,0.0,0.0,0.0,0.0,0.0,0.0,0.0,0.0,2.0,0.0,0.0,0.0,0.0,1.0,2.0,0.0,0.0,1.0,3.0,0.0,1.0,0.0,0.0,0.0,0.0,0.0,0.0,0.0,0.0,0.0,0.0,0.0,0.0,0.0,0.0,0.0,0.0,0.0,1.0,0.0,1.0,1.0,0.0,2.0,0.0,0.0,1.0,0.0,3.0,1.0,0.0,0.0,0.0,0.0,0.0,0.0,1.0,23.0,1.0,0.0,8.0,6.0,6.0,6.0,24.0
CHEMBL1084009,Ki,20000.0,28.0,5.0,3.0,0.0,3.0,3.0,0.0,37.0,8.0,3.0,0.0,3.0,0.0,0.0,3.0,1.0,3.0,3.0,3.0,36.0,9.0,7.0,0.0,6.0,0.0,0.0,6.0,0.0,0.0,31.0,7.0,9.0,0.0,6.0,0.0,0.0,6.0,1.0,0.0,30.0,7.0,8.0,0.0,3.0,0.0,3.0,0.0,0.0,0.0,34.0,6.0,5.0,0.0,3.0,0.0,0.0,3.0,0.0,0.0,0.0,36.0,4.0,7.0,0.0,0.0,0.0,0.0,0.0,28.0,4.0,5.0,0.0,6.0,0.0,0.0,6.0,0.0,0.0,26.0,2.0,3.0,0.0,9.0,0.0,0.0,9.0,2.0,0.0,20.0,2.0,5.0,0.0,9.0,0.0,9.0,0.0,0.0,0.0,0.0,2.0,0.0,0.0,0.0,0.0,1.0,0.0,0.0,3.0,1.0,7.0,1.0,3.0,1.0,0.0,1.0,0.0,0.0,2.0,0.0,0.0,0.0,0.0,0.0,0.0,0.0,0.0,0.0,1.0,0.0,2.0,2.0,0.0,2.0,1.0,1.0,3.0,0.0,1.0,0.0,3.0,1.0,0.0,1.0,3.0,4.0,0.0,0.0,1.0,21.0,1.0,4.0,8.0,8.0,8.0,8.0,28.0
CHEMBL181035,Ki,45000.0,25.0,0.0,4.0,0.0,0.0,0.0,0.0,31.0,0.0,5.0,0.0,0.0,0.0,0.0,0.0,0.0,0.0,0.0,0.0,29.0,0.0,7.0,0.0,0.0,0.0,0.0,0.0,0.0,0.0,25.0,0.0,6.0,0.0,0.0,0.0,0.0,0.0,0.0,0.0,27.0,0.0,6.0,0.0,0.0,0.0,0.0,0.0,0.0,0.0,29.0,0.0,8.0,0.0,0.0,0.0,0.0,0.0,0.0,0.0,0.0,28.0,0.0,7.0,0.0,0.0,0.0,0.0,0.0,23.0,0.0,4.0,0.0,0.0,0.0,0.0,0.0,0.0,0.0,17.0,0.0,5.0,0.0,0.0,0.0,0.0,0.0,0.0,0.0,15.0,0.0,4.0,0.0,0.0,0.0,0.0,2.0,0.0,0.0,0.0,1.0,0.0,0.0,0.0,0.0,1.0,2.0,0.0,0.0,1.0,6.0,0.0,1.0,0.0,1.0,0.0,0.0,0.0,0.0,0.0,0.0,0.0,0.0,0.0,0.0,0.0,0.0,0.0,0.0,0.0,0.0,0.0,1.0,0.0,0.0,2.0,0.0,0.0,0.0,0.0,3.0,1.0,0.0,0.0,0.0,1.0,0.0,0.0,0.0,18.0,0.0,7.0,4.0,7.0,7.0,7.0,23.0
CHEMBL1237296,Ki,16000.0,26.0,0.0,5.0,0.0,0.0,0.0,0.0,32.0,0.0,7.0,0.0,0.0,0.0,0.0,0.0,0.0,0.0,0.0,0.0,30.0,0.0,9.0,0.0,0.0,0.0,0.0,0.0,0.0,0.0,26.0,0.0,9.0,0.0,0.0,0.0,0.0,0.0,0.0,0.0,27.0,0.0,8.0,0.0,0.0,0.0,0.0,0.0,0.0,0.0,28.0,0.0,10.0,0.0,0.0,0.0,0.0,0.0,0.0,0.0,0.0,28.0,0.0,9.0,0.0,0.0,0.0,0.0,0.0,25.0,0.0,8.0,0.0,0.0,0.0,0.0,0.0,0.0,0.0,20.0,0.0,7.0,0.0,0.0,0.0,0.0,0.0,0.0,0.0,16.0,0.0,7.0,0.0,0.0,0.0,0.0,0.0,0.0,0.0,0.0,2.0,0.0,0.0,0.0,0.0,2.0,1.0,0.0,0.0,2.0,7.0,0.0,2.0,0.0,2.0,0.0,0.0,0.0,1.0,0.0,0.0,0.0,0.0,0.0,0.0,0.0,0.0,0.0,0.0,0.0,0.0,0.0,1.0,0.0,0.0,2.0,0.0,0.0,0.0,0.0,4.0,1.0,0.0,1.0,0.0,1.0,0.0,0.0,0.0,18.0,0.0,5.0,5.0,9.0,9.0,8.0,23.0
CHEMBL220820,Ki,23000.0,27.0,0.0,4.0,0.0,0.0,0.0,0.0,34.0,0.0,5.0,0.0,0.0,0.0,0.0,0.0,0.0,0.0,0.0,0.0,32.0,0.0,7.0,0.0,0.0,0.0,0.0,0.0,0.0,0.0,28.0,0.0,6.0,0.0,0.0,0.0,0.0,0.0,0.0,0.0,28.0,0.0,7.0,0.0,0.0,0.0,0.0,0.0,0.0,0.0,30.0,0.0,7.0,0.0,0.0,0.0,0.0,0.0,0.0,0.0,0.0,30.0,0.0,6.0,0.0,0.0,0.0,0.0,0.0,29.0,0.0,5.0,0.0,0.0,0.0,0.0,0.0,0.0,0.0,25.0,0.0,4.0,0.0,0.0,0.0,0.0,0.0,0.0,0.0,19.0,0.0,5.0,0.0,0.0,0.0,0.0,0.0,0.0,0.0,0.0,6.0,0.0,3.0,1.0,1.0,1.0,1.0,1.0,0.0,1.0,8.0,0.0,4.0,0.0,0.0,2.0,0.0,0.0,3.0,0.0,0.0,0.0,0.0,0.0,0.0,0.0,0.0,0.0,0.0,1.0,0.0,0.0,1.0,0.0,0.0,2.0,0.0,0.0,0.0,0.0,3.0,1.0,1.0,5.0,0.0,0.0,0.0,0.0,0.0,18.0,0.0,0.0,4.0,11.0,11.0,10.0,19.0
CHEMBL384878,Ki,8500.0,22.0,1.0,1.0,3.0,0.0,0.0,2.0,26.0,2.0,3.0,4.0,0.0,0.0,0.0,0.0,3.0,0.0,0.0,0.0,23.0,2.0,5.0,3.0,0.0,0.0,0.0,0.0,0.0,3.0,20.0,3.0,8.0,2.0,0.0,0.0,0.0,0.0,0.0,2.0,20.0,2.0,5.0,2.0,0.0,0.0,0.0,0.0,0.0,0.0,18.0,3.0,7.0,3.0,0.0,0.0,0.0,0.0,0.0,0.0,0.0,19.0,2.0,6.0,4.0,0.0,0.0,0.0,0.0,20.0,1.0,7.0,4.0,0.0,0.0,0.0,0.0,0.0,0.0,18.0,1.0,5.0,4.0,0.0,0.0,0.0,0.0,0.0,0.0,13.0,2.0,4.0,3.0,0.0,0.0,0.0,0.0,0.0,0.0,0.0,1.0,0.0,0.0,0.0,0.0,0.0,1.0,0.0,0.0,0.0,6.0,0.0,2.0,0.0,2.0,0.0,0.0,0.0,1.0,0.0,0.0,0.0,0.0,0.0,0.0,0.0,0.0,0.0,0.0,0.0,1.0,0.0,0.0,1.0,0.0,0.0,0.0,0.0,1.0,2.0,3.0,0.0,0.0,1.0,0.0,1.0,0.0,0.0,1.0,17.0,1.0,9.0,5.0,7.0,7.0,8.0,23.0
CHEMBL218179,Ki,2300.0,30.0,1.0,3.0,3.0,0.0,0.0,2.0,37.0,2.0,6.0,4.0,0.0,0.0,0.0,0.0,3.0,0.0,0.0,0.0,33.0,2.0,10.0,3.0,0.0,0.0,0.0,0.0,0.0,3.0,30.0,3.0,12.0,2.0,0.0,0.0,0.0,0.0,0.0,2.0,32.0,2.0,8.0,2.0,0.0,0.0,0.0,0.0,0.0,0.0,34.0,3.0,8.0,3.0,0.0,0.0,0.0,0.0,0.0,0.0,0.0,35.0,2.0,8.0,4.0,0.0,0.0,0.0,0.0,36.0,1.0,10.0,4.0,0.0,0.0,0.0,0.0,0.0,0.0,34.0,1.0,7.0,4.0,0.0,0.0,0.0,0.0,0.0,0.0,28.0,2.0,5.0,3.0,0.0,0.0,0.0,0.0,0.0,0.0,0.0,2.0,0.0,0.0,0.0,1.0,0.0,1.0,1.0,0.0,0.0,8.0,0.0,2.0,0.0,2.0,0.0,0.0,0.0,1.0,0.0,0.0,0.0,0.0,0.0,0.0,0.0,0.0,0.0,0.0,0.0,1.0,0.0,0.0,1.0,0.0,1.0,0.0,0.0,1.0,2.0,4.0,1.0,1.0,1.0,0.0,1.0,0.0,0.0,1.0,23.0,1.0,9.0,7.0,10.0,10.0,11.0,29.0
CHEMBL86799,Ki,8600.0,25.0,0.0,2.0,2.0,0.0,0.0,0.0,32.0,0.0,2.0,2.0,0.0,0.0,0.0,0.0,0.0,0.0,0.0,0.0,31.0,0.0,2.0,3.0,0.0,0.0,0.0,0.0,0.0,0.0,26.0,0.0,2.0,4.0,0.0,0.0,0.0,0.0,0.0,0.0,25.0,0.0,4.0,3.0,0.0,0.0,0.0,0.0,0.0,0.0,21.0,0.0,6.0,2.0,0.0,0.0,0.0,0.0,0.0,0.0,0.0,18.0,0.0,6.0,2.0,0.0,0.0,0.0,0.0,16.0,0.0,4.0,3.0,0.0,0.0,0.0,0.0,0.0,0.0,15.0,0.0,2.0,2.0,0.0,0.0,0.0,0.0,0.0,0.0,13.0,0.0,2.0,1.0,0.0,0.0,0.0,0.0,0.0,0.0,0.0,5.0,0.0,2.0,0.0,0.0,1.0,1.0,0.0,0.0,1.0,6.0,0.0,3.0,0.0,0.0,1.0,0.0,0.0,2.0,0.0,0.0,0.0,0.0,0.0,0.0,0.0,0.0,0.0,0.0,1.0,0.0,0.0,1.0,0.0,0.0,1.0,0.0,0.0,0.0,0.0,2.0,0.0,0.0,3.0,0.0,0.0,0.0,0.0,0.0,18.0,0.0,0.0,4.0,9.0,9.0,8.0,19.0
CHEMBL483991,Ki,28500.0,20.0,5.0,2.0,2.0,0.0,2.0,0.0,27.0,8.0,2.0,4.0,0.0,4.0,0.0,4.0,0.0,0.0,0.0,0.0,28.0,7.0,2.0,5.0,0.0,4.0,0.0,4.0,0.0,0.0,29.0,4.0,4.0,6.0,0.0,2.0,0.0,2.0,0.0,0.0,29.0,7.0,4.0,4.0,0.0,1.0,1.0,2.0,0.0,0.0,31.0,6.0,4.0,0.0,0.0,3.0,0.0,3.0,0.0,0.0,0.0,27.0,4.0,6.0,0.0,0.0,5.0,0.0,5.0,15.0,1.0,8.0,0.0,0.0,8.0,0.0,8.0,0.0,0.0,4.0,0.0,8.0,0.0,0.0,9.0,0.0,9.0,0.0,0.0,0.0,0.0,2.0,0.0,0.0,4.0,4.0,0.0,2.0,2.0,2.0,3.0,2.0,1.0,0.0,2.0,1.0,0.0,1.0,0.0,1.0,8.0,0.0,6.0,0.0,0.0,4.0,0.0,0.0,0.0,2.0,1.0,0.0,0.0,0.0,0.0,1.0,0.0,1.0,0.0,1.0,0.0,0.0,1.0,0.0,0.0,1.0,0.0,0.0,0.0,0.0,2.0,0.0,2.0,2.0,0.0,0.0,0.0,1.0,2.0,15.0,2.0,0.0,9.0,10.0,10.0,5.0,17.0
CHEMBL180089,Ki,17000.0,27.0,0.0,4.0,0.0,1.0,1.0,0.0,34.0,0.0,5.0,0.0,2.0,0.0,0.0,2.0,0.0,0.0,0.0,0.0,32.0,0.0,8.0,0.0,2.0,0.0,0.0,2.0,0.0,0.0,29.0,0.0,6.0,0.0,1.0,0.0,0.0,1.0,0.0,0.0,29.0,0.0,6.0,0.0,1.0,0.0,1.0,0.0,0.0,0.0,31.0,0.0,7.0,0.0,0.0,0.0,0.0,0.0,0.0,1.0,1.0,31.0,0.0,6.0,0.0,1.0,0.0,0.0,1.0,28.0,0.0,5.0,0.0,2.0,0.0,0.0,2.0,0.0,0.0,23.0,0.0,4.0,0.0,4.0,0.0,0.0,4.0,0.0,0.0,18.0,0.0,5.0,0.0,2.0,0.0,2.0,0.0,0.0,0.0,0.0,2.0,0.0,0.0,0.0,1.0,1.0,1.0,0.0,1.0,1.0,8.0,0.0,2.0,0.0,2.0,0.0,0.0,0.0,1.0,0.0,0.0,0.0,0.0,0.0,0.0,0.0,0.0,0.0,0.0,0.0,0.0,0.0,1.0,0.0,0.0,2.0,1.0,1.0,0.0,0.0,3.0,1.0,1.0,1.0,0.0,1.0,1.0,0.0,0.0,18.0,0.0,5.0,4.0,9.0,9.0,8.0,23.0
CHEMBL87366,Ki,13000.0,36.0,1.0,5.0,5.0,0.0,0.0,2.0,44.0,2.0,9.0,6.0,0.0,0.0,0.0,0.0,3.0,0.0,0.0,0.0,41.0,2.0,11.0,6.0,0.0,0.0,0.0,0.0,0.0,3.0,38.0,3.0,11.0,6.0,0.0,0.0,0.0,0.0,0.0,3.0,39.0,2.0,8.0,5.0,0.0,0.0,0.0,0.0,0.0,0.0,32.0,3.0,14.0,5.0,0.0,0.0,0.0,0.0,0.0,0.0,0.0,30.0,3.0,15.0,5.0,0.0,0.0,0.0,0.0,34.0,2.0,14.0,6.0,0.0,0.0,0.0,0.0,0.0,0.0,39.0,1.0,11.0,5.0,0.0,0.0,0.0,0.0,0.0,0.0,36.0,0.0,9.0,5.0,0.0,0.0,0.0,1.0,0.0,0.0,0.0,8.0,0.0,4.0,1.0,0.0,0.0,1.0,0.0,0.0,0.0,9.0,0.0,5.0,0.0,0.0,2.0,0.0,0.0,2.0,0.0,0.0,0.0,0.0,0.0,0.0,0.0,0.0,0.0,1.0,2.0,1.0,0.0,2.0,1.0,0.0,2.0,0.0,0.0,1.0,2.0,5.0,0.0,0.0,4.0,0.0,0.0,0.0,0.0,1.0,29.0,1.0,4.0,11.0,14.0,14.0,17.0,31.0
CHEMBL180389,Ki,68000.0,20.0,0.0,3.0,0.0,0.0,0.0,0.0,25.0,0.0,4.0,0.0,0.0,0.0,0.0,0.0,0.0,0.0,0.0,0.0,24.0,0.0,6.0,0.0,0.0,0.0,0.0,0.0,0.0,0.0,20.0,0.0,4.0,0.0,0.0,0.0,0.0,0.0,0.0,0.0,17.0,0.0,5.0,0.0,0.0,0.0,0.0,0.0,0.0,0.0,15.0,0.0,7.0,0.0,0.0,0.0,0.0,0.0,0.0,0.0,0.0,15.0,0.0,6.0,0.0,0.0,0.0,0.0,0.0,15.0,0.0,5.0,0.0,0.0,0.0,0.0,0.0,0.0,0.0,12.0,0.0,4.0,0.0,0.0,0.0,0.0,0.0,0.0,0.0,6.0,0.0,5.0,0.0,0.0,0.0,0.0,0.0,0.0,0.0,0.0,1.0,0.0,0.0,0.0,1.0,2.0,1.0,0.0,0.0,2.0,7.0,0.0,2.0,0.0,2.0,0.0,0.0,0.0,1.0,0.0,0.0,0.0,0.0,0.0,0.0,0.0,0.0,0.0,0.0,0.0,0.0,0.0,1.0,0.0,0.0,1.0,0.0,0.0,0.0,0.0,3.0,0.0,1.0,1.0,0.0,1.0,0.0,0.0,0.0,12.0,0.0,5.0,3.0,8.0,8.0,5.0,17.0
CHEMBL238754,Ki,25.12,23.0,4.0,5.0,1.0,0.0,0.0,2.0,29.0,6.0,7.0,4.0,0.0,0.0,0.0,0.0,3.0,0.0,0.0,0.0,28.0,7.0,13.0,5.0,0.0,0.0,0.0,0.0,1.0,0.0,24.0,8.0,17.0,4.0,0.0,0.0,0.0,0.0,0.0,0.0,28.0,6.0,14.0,4.0,0.0,0.0,0.0,3.0,0.0,0.0,26.0,9.0,16.0,1.0,0.0,0.0,0.0,0.0,1.0,0.0,0.0,27.0,7.0,9.0,2.0,0.0,0.0,0.0,0.0,29.0,2.0,7.0,2.0,0.0,0.0,0.0,0.0,0.0,0.0,28.0,2.0,7.0,1.0,0.0,0.0,0.0,0.0,0.0,0.0,26.0,1.0,6.0,1.0,0.0,0.0,0.0,2.0,0.0,0.0,0.0,3.0,0.0,0.0,0.0,4.0,0.0,1.0,1.0,0.0,0.0,8.0,0.0,2.0,0.0,0.0,0.0,0.0,0.0,1.0,0.0,0.0,0.0,0.0,0.0,0.0,0.0,0.0,0.0,0.0,0.0,2.0,1.0,0.0,3.0,1.0,2.0,0.0,0.0,2.0,2.0,5.0,0.0,2.0,1.0,0.0,0.0,0.0,0.0,0.0,18.0,0.0,4.0,10.0,10.0,10.0,11.0,22.0
CHEMBL91301,Ki,51000.0,45.0,7.0,2.0,1.0,0.0,0.0,2.0,60.0,7.0,3.0,4.0,0.0,0.0,0.0,0.0,5.0,0.0,0.0,0.0,58.0,14.0,14.0,4.0,0.0,0.0,0.0,0.0,0.0,1.0,52.0,16.0,17.0,6.0,0.0,0.0,0.0,0.0,2.0,2.0,59.0,13.0,23.0,5.0,0.0,0.0,0.0,0.0,0.0,0.0,64.0,11.0,20.0,3.0,0.0,0.0,0.0,0.0,0.0,0.0,0.0,65.0,9.0,13.0,3.0,0.0,0.0,0.0,0.0,62.0,6.0,10.0,2.0,0.0,0.0,0.0,0.0,0.0,0.0,61.0,2.0,7.0,3.0,0.0,0.0,0.0,0.0,0.0,0.0,60.0,5.0,9.0,3.0,0.0,0.0,0.0,0.0,0.0,0.0,0.0,6.0,0.0,2.0,0.0,0.0,0.0,3.0,0.0,0.0,0.0,8.0,0.0,2.0,0.0,0.0,0.0,0.0,0.0,3.0,0.0,0.0,0.0,0.0,0.0,0.0,0.0,0.0,0.0,0.0,0.0,1.0,1.0,0.0,6.0,3.0,0.0,0.0,0.0,3.0,2.0,4.0,0.0,0.0,3.0,0.0,3.0,0.0,0.0,0.0,36.0,1.0,6.0,10.0,11.0,11.0,11.0,42.0
CHEMBL338388,Ki,8300.0,30.0,0.0,4.0,0.0,0.0,0.0,0.0,39.0,0.0,5.0,0.0,0.0,0.0,0.0,0.0,0.0,0.0,0.0,0.0,39.0,0.0,7.0,0.0,0.0,0.0,0.0,0.0,0.0,0.0,37.0,0.0,7.0,0.0,0.0,0.0,0.0,0.0,0.0,0.0,40.0,0.0,7.0,0.0,0.0,0.0,0.0,0.0,0.0,0.0,39.0,0.0,8.0,0.0,0.0,0.0,0.0,0.0,0.0,0.0,0.0,36.0,0.0,8.0,0.0,0.0,0.0,0.0,0.0,31.0,0.0,7.0,0.0,0.0,0.0,0.0,0.0,0.0,0.0,25.0,0.0,6.0,0.0,0.0,0.0,0.0,0.0,0.0,0.0,19.0,0.0,5.0,0.0,0.0,0.0,0.0,0.0,0.0,0.0,0.0,3.0,0.0,1.0,0.0,0.0,1.0,2.0,0.0,0.0,1.0,4.0,0.0,2.0,0.0,0.0,1.0,0.0,0.0,1.0,0.0,0.0,0.0,0.0,0.0,0.0,0.0,0.0,0.0,0.0,1.0,0.0,0.0,1.0,0.0,0.0,2.0,0.0,0.0,0.0,0.0,3.0,1.0,0.0,2.0,0.0,0.0,0.0,0.0,0.0,24.0,0.0,0.0,4.0,6.0,6.0,6.0,25.0
CHEMBL87797,Ki,15000.0,26.0,3.0,5.0,3.0,0.0,0.0,2.0,33.0,2.0,8.0,4.0,0.0,0.0,0.0,0.0,4.0,0.0,0.0,0.0,30.0,4.0,11.0,2.0,0.0,0.0,0.0,0.0,0.0,3.0,27.0,7.0,9.0,2.0,0.0,0.0,0.0,0.0,2.0,3.0,27.0,6.0,8.0,1.0,0.0,0.0,0.0,0.0,0.0,0.0,19.0,7.0,13.0,3.0,0.0,0.0,0.0,0.0,0.0,0.0,0.0,18.0,4.0,14.0,4.0,0.0,0.0,0.0,0.0,22.0,2.0,12.0,5.0,0.0,0.0,0.0,0.0,0.0,0.0,27.0,2.0,9.0,5.0,0.0,0.0,0.0,0.0,0.0,0.0,27.0,1.0,6.0,4.0,0.0,0.0,0.0,1.0,0.0,0.0,0.0,4.0,0.0,2.0,1.0,1.0,1.0,1.0,0.0,0.0,1.0,6.0,0.0,2.0,0.0,0.0,1.0,0.0,0.0,0.0,0.0,0.0,0.0,0.0,0.0,0.0,0.0,0.0,0.0,0.0,2.0,0.0,0.0,2.0,2.0,0.0,3.0,0.0,0.0,2.0,2.0,5.0,0.0,1.0,1.0,0.0,0.0,0.0,0.0,1.0,23.0,1.0,4.0,11.0,10.0,10.0,11.0,25.0
CHEMBL1237295,Ki,19000.0,27.0,0.0,4.0,0.0,0.0,0.0,0.0,34.0,0.0,5.0,0.0,0.0,0.0,0.0,0.0,0.0,0.0,0.0,0.0,32.0,0.0,8.0,0.0,0.0,0.0,0.0,0.0,0.0,0.0,29.0,0.0,6.0,0.0,0.0,0.0,0.0,0.0,0.0,0.0,29.0,0.0,6.0,0.0,0.0,0.0,0.0,0.0,0.0,0.0,31.0,0.0,7.0,0.0,0.0,0.0,0.0,0.0,0.0,0.0,0.0,31.0,0.0,6.0,0.0,0.0,0.0,0.0,0.0,28.0,0.0,5.0,0.0,0.0,0.0,0.0,0.0,0.0,0.0,23.0,0.0,4.0,0.0,0.0,0.0,0.0,0.0,0.0,0.0,18.0,0.0,5.0,0.0,0.0,0.0,0.0,0.0,0.0,0.0,0.0,2.0,0.0,0.0,0.0,1.0,1.0,1.0,0.0,0.0,1.0,8.0,0.0,2.0,0.0,2.0,0.0,0.0,0.0,1.0,0.0,0.0,0.0,0.0,0.0,0.0,0.0,0.0,0.0,0.0,0.0,0.0,0.0,1.0,0.0,0.0,2.0,0.0,0.0,0.0,0.0,3.0,1.0,1.0,1.0,0.0,1.0,0.0,0.0,0.0,18.0,0.0,5.0,4.0,9.0,9.0,8.0,23.0
CHEMBL83518,Ki,1700.0,28.0,1.0,1.0,5.0,0.0,0.0,2.0,35.0,2.0,3.0,6.0,0.0,0.0,0.0,0.0,3.0,0.0,0.0,0.0,32.0,2.0,5.0,6.0,0.0,0.0,0.0,0.0,0.0,3.0,28.0,3.0,8.0,6.0,0.0,0.0,0.0,0.0,0.0,2.0,29.0,2.0,5.0,5.0,0.0,0.0,0.0,0.0,0.0,0.0,25.0,3.0,7.0,5.0,0.0,0.0,0.0,0.0,0.0,0.0,0.0,23.0,3.0,7.0,6.0,0.0,0.0,0.0,0.0,23.0,2.0,8.0,8.0,0.0,0.0,0.0,0.0,0.0,0.0,25.0,1.0,7.0,7.0,0.0,0.0,0.0,0.0,0.0,0.0,24.0,1.0,5.0,5.0,0.0,0.0,0.0,0.0,0.0,0.0,0.0,5.0,0.0,2.0,0.0,0.0,0.0,1.0,0.0,0.0,0.0,6.0,0.0,3.0,0.0,0.0,1.0,0.0,0.0,2.0,0.0,0.0,0.0,0.0,0.0,0.0,0.0,0.0,0.0,1.0,0.0,1.0,0.0,0.0,1.0,0.0,0.0,0.0,0.0,1.0,2.0,3.0,0.0,0.0,3.0,0.0,0.0,0.0,0.0,1.0,23.0,1.0,4.0,7.0,10.0,10.0,11.0,25.0
CHEMBL313700,Ki,2800.0,28.0,1.0,1.0,5.0,0.0,0.0,2.0,35.0,2.0,3.0,7.0,0.0,0.0,0.0,0.0,3.0,0.0,0.0,0.0,33.0,2.0,5.0,5.0,0.0,0.0,0.0,0.0,0.0,2.0,26.0,3.0,7.0,7.0,0.0,0.0,0.0,0.0,0.0,2.0,25.0,2.0,7.0,9.0,0.0,0.0,0.0,0.0,0.0,0.0,24.0,3.0,11.0,6.0,0.0,0.0,0.0,0.0,0.0,0.0,0.0,24.0,3.0,8.0,5.0,0.0,0.0,0.0,0.0,25.0,2.0,7.0,6.0,0.0,0.0,0.0,0.0,0.0,0.0,26.0,1.0,5.0,6.0,0.0,0.0,0.0,0.0,0.0,0.0,25.0,1.0,4.0,3.0,0.0,0.0,0.0,0.0,0.0,0.0,0.0,5.0,0.0,2.0,0.0,0.0,0.0,1.0,0.0,0.0,0.0,6.0,0.0,2.0,0.0,0.0,0.0,0.0,0.0,2.0,0.0,0.0,0.0,0.0,0.0,0.0,0.0,0.0,0.0,0.0,0.0,0.0,0.0,0.0,1.0,0.0,0.0,0.0,0.0,1.0,2.0,3.0,0.0,0.0,2.0,0.0,1.0,0.0,0.0,1.0,23.0,1.0,2.0,7.0,10.0,10.0,11.0,25.0
CHEMBL431612,Ki,83.0,28.0,1.0,1.0,5.0,0.0,0.0,2.0,35.0,2.0,3.0,6.0,0.0,0.0,0.0,0.0,3.0,0.0,0.0,0.0,33.0,2.0,5.0,6.0,0.0,0.0,0.0,0.0,0.0,3.0,30.0,3.0,8.0,7.0,0.0,0.0,0.0,0.0,0.0,2.0,32.0,2.0,5.0,7.0,0.0,0.0,0.0,0.0,0.0,0.0,28.0,3.0,7.0,7.0,0.0,0.0,0.0,0.0,0.0,0.0,0.0,26.0,3.0,7.0,6.0,0.0,0.0,0.0,0.0,27.0,3.0,9.0,6.0,0.0,0.0,0.0,0.0,0.0,0.0,30.0,1.0,7.0,6.0,0.0,0.0,0.0,0.0,0.0,0.0,30.0,1.0,7.0,4.0,0.0,0.0,0.0,0.0,0.0,0.0,0.0,5.0,0.0,2.0,0.0,0.0,0.0,2.0,0.0,0.0,0.0,6.0,0.0,3.0,0.0,0.0,1.0,0.0,0.0,2.0,0.0,0.0,0.0,0.0,0.0,0.0,0.0,0.0,0.0,1.0,0.0,1.0,0.0,0.0,1.0,0.0,0.0,0.0,0.0,1.0,2.0,3.0,0.0,0.0,3.0,0.0,0.0,0.0,0.0,1.0,23.0,1.0,4.0,7.0,10.0,10.0,11.0,25.0
CHEMBL91270,Ki,220.0,33.0,6.0,2.0,1.0,0.0,0.0,2.0,44.0,6.0,3.0,3.0,0.0,0.0,0.0,0.0,5.0,0.0,0.0,0.0,45.0,11.0,11.0,3.0,0.0,0.0,0.0,0.0,0.0,1.0,42.0,12.0,14.0,4.0,0.0,0.0,0.0,0.0,2.0,2.0,46.0,8.0,17.0,3.0,0.0,0.0,0.0,0.0,0.0,0.0,45.0,7.0,13.0,2.0,0.0,0.0,0.0,0.0,0.0,0.0,0.0,41.0,6.0,8.0,2.0,0.0,0.0,0.0,0.0,35.0,5.0,7.0,0.0,0.0,0.0,0.0,0.0,0.0,0.0,32.0,2.0,3.0,2.0,0.0,0.0,0.0,0.0,0.0,0.0,32.0,4.0,7.0,3.0,0.0,0.0,0.0,0.0,0.0,0.0,0.0,6.0,0.0,3.0,1.0,1.0,0.0,3.0,0.0,0.0,0.0,9.0,0.0,4.0,0.0,0.0,2.0,0.0,0.0,2.0,1.0,0.0,0.0,0.0,0.0,0.0,0.0,1.0,0.0,1.0,0.0,1.0,1.0,0.0,5.0,2.0,0.0,0.0,0.0,3.0,2.0,4.0,0.0,1.0,4.0,0.0,3.0,0.0,0.0,0.0,24.0,1.0,6.0,9.0,12.0,12.0,9.0,30.0
CHEMBL218123,Ki,19000.0,27.0,0.0,4.0,0.0,0.0,0.0,0.0,34.0,0.0,5.0,0.0,0.0,0.0,0.0,0.0,0.0,0.0,0.0,0.0,32.0,0.0,7.0,0.0,0.0,0.0,0.0,0.0,0.0,0.0,28.0,0.0,6.0,0.0,0.0,0.0,0.0,0.0,0.0,0.0,28.0,0.0,7.0,0.0,0.0,0.0,0.0,0.0,0.0,0.0,30.0,0.0,7.0,0.0,0.0,0.0,0.0,0.0,0.0,0.0,0.0,30.0,0.0,6.0,0.0,0.0,0.0,0.0,0.0,29.0,0.0,5.0,0.0,0.0,0.0,0.0,0.0,0.0,0.0,25.0,0.0,4.0,0.0,0.0,0.0,0.0,0.0,0.0,0.0,19.0,0.0,5.0,0.0,0.0,0.0,0.0,0.0,0.0,0.0,0.0,2.0,0.0,0.0,0.0,1.0,1.0,1.0,1.0,0.0,1.0,8.0,0.0,2.0,0.0,2.0,0.0,0.0,0.0,1.0,0.0,0.0,0.0,0.0,0.0,0.0,0.0,0.0,0.0,0.0,0.0,0.0,0.0,1.0,0.0,0.0,2.0,0.0,0.0,0.0,0.0,3.0,1.0,1.0,1.0,0.0,1.0,0.0,0.0,0.0,18.0,0.0,5.0,4.0,9.0,9.0,8.0,23.0
CHEMBL218228,Ki,2600.0,22.0,1.0,3.0,3.0,0.0,0.0,2.0,27.0,2.0,5.0,4.0,0.0,0.0,0.0,0.0,3.0,0.0,0.0,0.0,25.0,2.0,7.0,3.0,0.0,0.0,0.0,0.0,0.0,3.0,22.0,3.0,9.0,2.0,0.0,0.0,0.0,0.0,0.0,2.0,21.0,2.0,6.0,2.0,0.0,0.0,0.0,0.0,0.0,0.0,19.0,3.0,8.0,3.0,0.0,0.0,0.0,0.0,0.0,0.0,0.0,20.0,2.0,7.0,4.0,0.0,0.0,0.0,0.0,21.0,1.0,8.0,4.0,0.0,0.0,0.0,0.0,0.0,0.0,19.0,1.0,7.0,4.0,0.0,0.0,0.0,0.0,0.0,0.0,15.0,2.0,7.0,3.0,0.0,0.0,0.0,0.0,0.0,0.0,0.0,1.0,0.0,0.0,0.0,1.0,0.0,1.0,0.0,0.0,0.0,7.0,0.0,2.0,0.0,2.0,0.0,0.0,0.0,1.0,0.0,0.0,0.0,0.0,0.0,0.0,0.0,0.0,0.0,0.0,0.0,1.0,0.0,0.0,1.0,0.0,1.0,0.0,0.0,1.0,2.0,4.0,0.0,0.0,1.0,0.0,1.0,0.0,0.0,1.0,17.0,1.0,9.0,7.0,8.0,8.0,9.0,23.0
CHEMBL2164609,Ki,20260.0,32.0,5.0,5.0,3.0,0.0,0.0,2.0,42.0,7.0,8.0,4.0,0.0,0.0,0.0,0.0,3.0,0.0,0.0,0.0,43.0,5.0,9.0,3.0,0.0,0.0,0.0,0.0,1.0,3.0,35.0,10.0,15.0,2.0,0.0,0.0,0.0,0.0,0.0,2.0,33.0,7.0,11.0,2.0,0.0,0.0,0.0,0.0,0.0,0.0,31.0,6.0,11.0,3.0,0.0,0.0,0.0,0.0,2.0,0.0,0.0,34.0,5.0,12.0,4.0,0.0,0.0,0.0,0.0,39.0,4.0,13.0,4.0,0.0,0.0,0.0,0.0,0.0,0.0,38.0,4.0,12.0,4.0,0.0,0.0,0.0,0.0,0.0,0.0,32.0,5.0,11.0,3.0,0.0,0.0,0.0,0.0,0.0,0.0,0.0,3.0,0.0,1.0,0.0,1.0,0.0,2.0,1.0,0.0,0.0,10.0,0.0,3.0,0.0,2.0,0.0,0.0,0.0,1.0,0.0,0.0,0.0,0.0,0.0,0.0,0.0,0.0,0.0,0.0,0.0,1.0,0.0,1.0,1.0,0.0,2.0,0.0,0.0,2.0,2.0,5.0,0.0,0.0,1.0,0.0,1.0,0.0,0.0,2.0,26.0,2.0,9.0,13.0,11.0,11.0,13.0,32.0
CHEMBL240436,Ki,10.0,23.0,4.0,1.0,1.0,0.0,1.0,2.0,27.0,6.0,3.0,4.0,0.0,2.0,0.0,2.0,3.0,0.0,0.0,0.0,24.0,7.0,9.0,5.0,0.0,2.0,0.0,2.0,1.0,0.0,20.0,8.0,12.0,4.0,0.0,1.0,0.0,1.0,0.0,0.0,24.0,6.0,13.0,4.0,0.0,1.0,1.0,2.0,0.0,0.0,25.0,8.0,15.0,1.0,0.0,0.0,0.0,0.0,0.0,0.0,0.0,26.0,6.0,7.0,2.0,0.0,1.0,0.0,1.0,27.0,2.0,5.0,2.0,0.0,1.0,0.0,1.0,0.0,1.0,27.0,1.0,5.0,1.0,0.0,0.0,0.0,0.0,0.0,0.0,25.0,0.0,2.0,0.0,0.0,1.0,1.0,0.0,0.0,0.0,0.0,3.0,0.0,0.0,0.0,2.0,0.0,1.0,0.0,0.0,0.0,6.0,0.0,2.0,0.0,0.0,0.0,0.0,0.0,1.0,0.0,0.0,0.0,0.0,0.0,0.0,0.0,0.0,0.0,0.0,0.0,2.0,1.0,0.0,3.0,1.0,0.0,0.0,0.0,2.0,2.0,3.0,0.0,2.0,1.0,0.0,0.0,0.0,0.0,0.0,18.0,0.0,4.0,6.0,8.0,8.0,9.0,22.0
CHEMBL1237301,Ki,16000.0,25.0,0.0,4.0,0.0,0.0,0.0,0.0,32.0,0.0,5.0,0.0,0.0,0.0,0.0,0.0,0.0,0.0,0.0,0.0,29.0,0.0,10.0,0.0,0.0,0.0,0.0,0.0,0.0,0.0,24.0,0.0,10.0,0.0,0.0,0.0,0.0,0.0,0.0,0.0,24.0,0.0,6.0,0.0,0.0,0.0,0.0,0.0,0.0,0.0,28.0,0.0,3.0,0.0,0.0,0.0,0.0,0.0,0.0,0.0,0.0,29.0,0.0,4.0,0.0,0.0,0.0,0.0,0.0,25.0,0.0,7.0,0.0,0.0,0.0,0.0,0.0,0.0,0.0,19.0,0.0,5.0,0.0,0.0,0.0,0.0,0.0,2.0,0.0,13.0,0.0,6.0,0.0,0.0,0.0,0.0,0.0,0.0,0.0,0.0,2.0,0.0,0.0,0.0,1.0,1.0,1.0,0.0,0.0,1.0,6.0,0.0,1.0,0.0,1.0,0.0,0.0,0.0,1.0,0.0,0.0,0.0,0.0,0.0,0.0,0.0,0.0,0.0,0.0,0.0,0.0,0.0,0.0,0.0,0.0,2.0,0.0,0.0,0.0,0.0,3.0,2.0,1.0,1.0,0.0,3.0,0.0,0.0,0.0,18.0,0.0,4.0,4.0,7.0,7.0,7.0,21.0
CHEMBL241076,Ki,794.33,20.0,6.0,1.0,1.0,0.0,1.0,2.0,24.0,7.0,3.0,4.0,0.0,2.0,0.0,2.0,3.0,0.0,0.0,0.0,19.0,10.0,9.0,4.0,0.0,2.0,0.0,2.0,1.0,0.0,16.0,9.0,10.0,4.0,0.0,1.0,0.0,1.0,2.0,0.0,20.0,7.0,12.0,3.0,0.0,1.0,1.0,3.0,0.0,0.0,20.0,11.0,13.0,1.0,0.0,0.0,0.0,0.0,0.0,0.0,0.0,22.0,7.0,6.0,2.0,0.0,1.0,0.0,1.0,21.0,5.0,5.0,2.0,0.0,1.0,0.0,1.0,0.0,1.0,23.0,3.0,5.0,1.0,0.0,0.0,0.0,0.0,0.0,0.0,21.0,1.0,2.0,0.0,0.0,1.0,1.0,0.0,0.0,0.0,0.0,2.0,0.0,0.0,0.0,2.0,0.0,0.0,0.0,0.0,0.0,5.0,0.0,1.0,0.0,0.0,0.0,0.0,0.0,0.0,0.0,0.0,0.0,0.0,0.0,0.0,0.0,0.0,0.0,0.0,0.0,2.0,1.0,0.0,3.0,1.0,0.0,0.0,0.0,2.0,2.0,3.0,0.0,2.0,0.0,0.0,0.0,0.0,1.0,1.0,18.0,1.0,4.0,8.0,7.0,7.0,8.0,21.0
CHEMBL240028,Ki,398.11,17.0,7.0,1.0,1.0,0.0,1.0,2.0,20.0,10.0,3.0,4.0,0.0,2.0,0.0,2.0,3.0,0.0,0.0,0.0,18.0,7.0,9.0,4.0,0.0,2.0,0.0,2.0,1.0,0.0,14.0,9.0,10.0,3.0,0.0,1.0,0.0,1.0,2.0,0.0,17.0,9.0,10.0,2.0,0.0,1.0,1.0,5.0,0.0,0.0,16.0,12.0,10.0,1.0,0.0,0.0,0.0,0.0,1.0,0.0,0.0,17.0,9.0,5.0,2.0,0.0,1.0,0.0,1.0,16.0,7.0,5.0,2.0,0.0,1.0,0.0,1.0,0.0,1.0,18.0,6.0,5.0,1.0,0.0,0.0,0.0,0.0,0.0,0.0,16.0,3.0,2.0,0.0,0.0,1.0,1.0,0.0,0.0,0.0,0.0,2.0,0.0,0.0,0.0,2.0,0.0,0.0,0.0,0.0,0.0,5.0,0.0,1.0,0.0,0.0,0.0,0.0,0.0,0.0,0.0,0.0,0.0,0.0,0.0,0.0,0.0,0.0,0.0,0.0,0.0,2.0,1.0,0.0,3.0,1.0,0.0,0.0,0.0,2.0,2.0,3.0,0.0,1.0,0.0,0.0,0.0,0.0,1.0,2.0,17.0,2.0,4.0,9.0,7.0,7.0,8.0,20.0
CHEMBL91063,Ki,150.0,37.0,4.0,4.0,1.0,0.0,0.0,2.0,50.0,5.0,4.0,3.0,0.0,0.0,0.0,0.0,5.0,0.0,0.0,0.0,49.0,10.0,13.0,3.0,0.0,0.0,0.0,0.0,0.0,2.0,44.0,10.0,17.0,4.0,0.0,0.0,0.0,0.0,0.0,4.0,47.0,7.0,21.0,3.0,0.0,0.0,0.0,0.0,0.0,0.0,46.0,5.0,17.0,3.0,0.0,0.0,0.0,0.0,0.0,0.0,0.0,42.0,4.0,14.0,3.0,0.0,0.0,0.0,0.0,38.0,3.0,11.0,1.0,0.0,0.0,0.0,0.0,0.0,0.0,38.0,1.0,6.0,2.0,0.0,0.0,0.0,0.0,0.0,0.0,40.0,3.0,8.0,3.0,0.0,0.0,0.0,0.0,0.0,0.0,0.0,4.0,0.0,1.0,0.0,0.0,0.0,3.0,0.0,0.0,0.0,6.0,0.0,1.0,0.0,0.0,0.0,0.0,0.0,2.0,0.0,0.0,0.0,0.0,0.0,0.0,0.0,0.0,0.0,0.0,0.0,0.0,0.0,0.0,3.0,1.0,2.0,0.0,0.0,2.0,2.0,5.0,1.0,0.0,2.0,0.0,3.0,0.0,0.0,0.0,30.0,1.0,6.0,9.0,9.0,9.0,8.0,35.0
CHEMBL315974,Ki,27000.0,19.0,1.0,1.0,5.0,0.0,0.0,2.0,24.0,2.0,3.0,6.0,0.0,0.0,0.0,0.0,3.0,0.0,0.0,0.0,23.0,2.0,5.0,5.0,0.0,0.0,0.0,0.0,0.0,3.0,22.0,3.0,8.0,4.0,0.0,0.0,0.0,0.0,0.0,2.0,22.0,2.0,5.0,4.0,0.0,0.0,0.0,0.0,0.0,0.0,16.0,3.0,7.0,6.0,0.0,0.0,0.0,0.0,0.0,0.0,0.0,12.0,3.0,7.0,6.0,0.0,0.0,0.0,0.0,10.0,2.0,8.0,6.0,0.0,0.0,0.0,0.0,0.0,0.0,11.0,1.0,7.0,5.0,0.0,0.0,0.0,0.0,0.0,0.0,11.0,1.0,5.0,4.0,0.0,0.0,0.0,0.0,0.0,0.0,0.0,2.0,0.0,1.0,0.0,1.0,0.0,1.0,0.0,0.0,0.0,4.0,0.0,2.0,0.0,0.0,1.0,0.0,0.0,1.0,0.0,0.0,0.0,0.0,0.0,0.0,0.0,0.0,0.0,1.0,0.0,1.0,0.0,0.0,1.0,0.0,0.0,0.0,0.0,1.0,2.0,3.0,0.0,0.0,2.0,0.0,0.0,0.0,0.0,1.0,17.0,1.0,4.0,7.0,6.0,6.0,7.0,19.0
CHEMBL3092130,Ki,8.0,18.0,6.0,2.0,2.0,0.0,0.0,0.0,23.0,11.0,2.0,1.0,0.0,0.0,0.0,0.0,0.0,0.0,0.0,0.0,20.0,11.0,2.0,2.0,0.0,0.0,0.0,0.0,2.0,0.0,16.0,19.0,2.0,3.0,0.0,0.0,0.0,0.0,0.0,0.0,21.0,14.0,0.0,3.0,0.0,0.0,0.0,2.0,0.0,0.0,22.0,10.0,2.0,4.0,0.0,0.0,0.0,0.0,2.0,0.0,0.0,22.0,4.0,6.0,3.0,0.0,0.0,0.0,0.0,18.0,1.0,6.0,1.0,0.0,0.0,0.0,0.0,0.0,0.0,9.0,0.0,8.0,0.0,0.0,0.0,0.0,0.0,0.0,0.0,2.0,0.0,6.0,0.0,0.0,0.0,0.0,0.0,0.0,0.0,0.0,0.0,0.0,0.0,0.0,0.0,1.0,0.0,0.0,0.0,1.0,1.0,0.0,0.0,0.0,0.0,0.0,0.0,0.0,0.0,0.0,0.0,0.0,0.0,0.0,0.0,0.0,0.0,0.0,0.0,0.0,0.0,0.0,0.0,0.0,0.0,1.0,0.0,0.0,1.0,0.0,2.0,0.0,0.0,0.0,0.0,0.0,0.0,2.0,4.0,22.0,4.0,2.0,10.0,2.0,2.0,1.0,20.0
CHEMBL3753268,Ki,89.0,16.0,5.0,6.0,4.0,0.0,0.0,0.0,22.0,5.0,5.0,2.0,0.0,0.0,0.0,0.0,2.0,0.0,0.0,0.0,20.0,2.0,11.0,4.0,0.0,0.0,0.0,0.0,2.0,0.0,18.0,3.0,9.0,4.0,0.0,0.0,0.0,0.0,0.0,0.0,19.0,1.0,4.0,2.0,0.0,0.0,0.0,1.0,0.0,0.0,14.0,7.0,9.0,3.0,0.0,0.0,0.0,0.0,0.0,0.0,0.0,16.0,5.0,7.0,3.0,0.0,0.0,0.0,0.0,16.0,2.0,9.0,2.0,0.0,0.0,0.0,0.0,0.0,0.0,10.0,2.0,10.0,4.0,0.0,0.0,0.0,0.0,0.0,0.0,9.0,1.0,6.0,3.0,0.0,0.0,0.0,4.0,0.0,0.0,2.0,7.0,1.0,2.0,0.0,1.0,2.0,0.0,0.0,0.0,2.0,17.0,4.0,12.0,4.0,2.0,12.0,10.0,8.0,0.0,11.0,7.0,2.0,0.0,0.0,0.0,1.0,0.0,3.0,0.0,4.0,3.0,6.0,3.0,3.0,3.0,4.0,0.0,0.0,1.0,0.0,5.0,0.0,1.0,4.0,0.0,0.0,0.0,1.0,2.0,5.0,4.0,2.0,15.0,18.0,18.0,9.0,11.0
CHEMBL412070,Ki,142.0,22.0,3.0,3.0,2.0,1.0,2.0,2.0,31.0,5.0,8.0,2.0,2.0,2.0,0.0,4.0,0.0,0.0,0.0,0.0,34.0,5.0,10.0,3.0,2.0,2.0,0.0,4.0,0.0,0.0,35.0,3.0,15.0,3.0,1.0,1.0,0.0,2.0,1.0,0.0,34.0,3.0,16.0,3.0,4.0,1.0,5.0,4.0,0.0,2.0,31.0,2.0,18.0,5.0,3.0,1.0,0.0,4.0,0.0,0.0,1.0,26.0,1.0,16.0,3.0,3.0,2.0,0.0,5.0,14.0,0.0,14.0,1.0,3.0,3.0,0.0,6.0,0.0,0.0,4.0,0.0,8.0,0.0,2.0,5.0,0.0,7.0,4.0,2.0,0.0,0.0,2.0,0.0,1.0,4.0,5.0,0.0,2.0,2.0,1.0,4.0,2.0,2.0,1.0,1.0,1.0,0.0,0.0,1.0,1.0,8.0,0.0,5.0,0.0,0.0,4.0,0.0,0.0,0.0,3.0,2.0,1.0,0.0,0.0,1.0,1.0,0.0,1.0,0.0,1.0,0.0,0.0,1.0,0.0,0.0,1.0,1.0,1.0,0.0,0.0,5.0,0.0,0.0,3.0,0.0,5.0,1.0,0.0,1.0,15.0,1.0,8.0,8.0,9.0,9.0,5.0,19.0
CHEMBL124574,Ki,10000.0,16.0,0.0,2.0,0.0,0.0,2.0,0.0,20.0,0.0,2.0,0.0,0.0,4.0,0.0,4.0,0.0,0.0,0.0,0.0,20.0,0.0,2.0,0.0,0.0,4.0,0.0,4.0,0.0,0.0,18.0,0.0,2.0,0.0,0.0,3.0,0.0,3.0,0.0,0.0,16.0,0.0,4.0,0.0,0.0,3.0,3.0,0.0,0.0,0.0,10.0,0.0,6.0,0.0,0.0,5.0,0.0,5.0,0.0,0.0,0.0,4.0,0.0,6.0,0.0,0.0,5.0,0.0,5.0,1.0,0.0,4.0,0.0,0.0,3.0,0.0,3.0,0.0,0.0,0.0,0.0,2.0,0.0,0.0,1.0,0.0,1.0,0.0,2.0,0.0,0.0,0.0,0.0,0.0,0.0,0.0,0.0,2.0,2.0,0.0,0.0,0.0,0.0,0.0,0.0,1.0,1.0,1.0,0.0,1.0,3.0,0.0,1.0,0.0,1.0,0.0,0.0,0.0,0.0,0.0,0.0,0.0,0.0,0.0,0.0,0.0,0.0,0.0,0.0,0.0,0.0,0.0,1.0,0.0,0.0,1.0,0.0,0.0,0.0,0.0,2.0,0.0,0.0,0.0,0.0,1.0,0.0,0.0,0.0,12.0,0.0,3.0,2.0,3.0,3.0,2.0,15.0
CHEMBL124199,Ki,230.0,24.0,0.0,4.0,0.0,0.0,0.0,0.0,30.0,0.0,5.0,0.0,0.0,0.0,0.0,0.0,0.0,0.0,0.0,0.0,26.0,0.0,9.0,0.0,0.0,0.0,0.0,0.0,0.0,0.0,20.0,0.0,8.0,0.0,0.0,0.0,0.0,0.0,0.0,0.0,22.0,0.0,4.0,0.0,0.0,0.0,0.0,0.0,0.0,0.0,25.0,0.0,3.0,0.0,0.0,0.0,0.0,0.0,0.0,0.0,0.0,25.0,0.0,4.0,0.0,0.0,0.0,0.0,0.0,21.0,0.0,4.0,0.0,0.0,0.0,0.0,0.0,0.0,0.0,16.0,0.0,3.0,0.0,0.0,0.0,0.0,0.0,0.0,0.0,13.0,0.0,5.0,0.0,0.0,0.0,0.0,0.0,0.0,0.0,0.0,4.0,0.0,2.0,1.0,0.0,1.0,1.0,0.0,0.0,1.0,5.0,0.0,2.0,0.0,0.0,1.0,0.0,0.0,2.0,0.0,0.0,0.0,0.0,0.0,0.0,0.0,0.0,0.0,0.0,0.0,0.0,0.0,0.0,0.0,0.0,2.0,0.0,0.0,0.0,0.0,3.0,2.0,0.0,3.0,0.0,2.0,0.0,0.0,0.0,18.0,0.0,2.0,4.0,7.0,7.0,8.0,19.0
CHEMBL127482,Ki,9500.0,30.0,0.0,4.0,0.0,0.0,0.0,0.0,39.0,0.0,5.0,0.0,0.0,0.0,0.0,0.0,0.0,0.0,0.0,0.0,40.0,0.0,6.0,0.0,0.0,0.0,0.0,0.0,0.0,0.0,38.0,0.0,6.0,0.0,0.0,0.0,0.0,0.0,0.0,0.0,40.0,0.0,7.0,0.0,0.0,0.0,0.0,0.0,0.0,0.0,39.0,0.0,8.0,0.0,0.0,0.0,0.0,0.0,0.0,0.0,0.0,36.0,0.0,8.0,0.0,0.0,0.0,0.0,0.0,32.0,0.0,6.0,0.0,0.0,0.0,0.0,0.0,0.0,0.0,24.0,0.0,7.0,0.0,0.0,0.0,0.0,0.0,0.0,0.0,18.0,0.0,6.0,0.0,0.0,0.0,0.0,0.0,0.0,0.0,0.0,3.0,0.0,1.0,0.0,0.0,1.0,2.0,0.0,0.0,1.0,4.0,0.0,2.0,0.0,0.0,1.0,0.0,0.0,1.0,0.0,0.0,0.0,0.0,0.0,0.0,0.0,0.0,0.0,0.0,1.0,0.0,0.0,1.0,0.0,0.0,2.0,0.0,0.0,0.0,0.0,3.0,1.0,0.0,2.0,0.0,0.0,0.0,0.0,0.0,24.0,0.0,0.0,4.0,6.0,6.0,6.0,25.0
CHEMBL467510,Ki,2.512,22.0,2.0,4.0,0.0,0.0,1.0,0.0,28.0,4.0,5.0,0.0,0.0,2.0,0.0,2.0,0.0,0.0,0.0,0.0,28.0,3.0,7.0,0.0,0.0,2.0,0.0,2.0,2.0,0.0,30.0,3.0,7.0,0.0,0.0,2.0,0.0,2.0,0.0,0.0,33.0,3.0,7.0,0.0,0.0,2.0,2.0,0.0,0.0,1.0,31.0,2.0,6.0,0.0,0.0,4.0,0.0,4.0,1.0,0.0,0.0,23.0,2.0,8.0,0.0,0.0,3.0,0.0,3.0,16.0,1.0,8.0,0.0,0.0,4.0,0.0,4.0,0.0,0.0,10.0,2.0,4.0,0.0,0.0,2.0,0.0,2.0,2.0,0.0,6.0,0.0,4.0,0.0,0.0,0.0,0.0,0.0,2.0,2.0,1.0,1.0,1.0,0.0,0.0,2.0,0.0,1.0,1.0,0.0,0.0,5.0,0.0,3.0,1.0,0.0,3.0,0.0,0.0,0.0,0.0,0.0,0.0,0.0,0.0,0.0,0.0,0.0,0.0,0.0,2.0,0.0,0.0,1.0,0.0,0.0,2.0,0.0,0.0,0.0,0.0,3.0,0.0,2.0,0.0,0.0,1.0,0.0,1.0,1.0,18.0,1.0,2.0,6.0,4.0,4.0,4.0,19.0
CHEMBL316278,Ki,2800.0,35.0,6.0,1.0,3.0,0.0,0.0,2.0,47.0,6.0,2.0,6.0,0.0,0.0,0.0,0.0,4.0,0.0,0.0,0.0,47.0,11.0,7.0,4.0,0.0,0.0,0.0,0.0,0.0,1.0,44.0,12.0,8.0,4.0,0.0,0.0,0.0,0.0,2.0,2.0,46.0,10.0,11.0,4.0,0.0,0.0,0.0,0.0,0.0,0.0,47.0,7.0,10.0,2.0,0.0,0.0,0.0,0.0,0.0,0.0,0.0,41.0,8.0,9.0,2.0,0.0,0.0,0.0,0.0,35.0,5.0,6.0,3.0,0.0,0.0,0.0,0.0,0.0,0.0,34.0,2.0,5.0,4.0,0.0,0.0,0.0,0.0,0.0,0.0,36.0,4.0,5.0,6.0,0.0,0.0,0.0,0.0,0.0,0.0,0.0,6.0,0.0,2.0,0.0,0.0,0.0,3.0,0.0,0.0,0.0,7.0,0.0,2.0,0.0,0.0,0.0,0.0,0.0,2.0,0.0,0.0,0.0,0.0,0.0,0.0,0.0,0.0,0.0,0.0,0.0,1.0,1.0,0.0,5.0,2.0,0.0,0.0,0.0,3.0,2.0,3.0,0.0,0.0,3.0,0.0,0.0,0.0,0.0,1.0,29.0,2.0,4.0,10.0,13.0,13.0,9.0,33.0
CHEMBL315391,Ki,18.0,41.0,4.0,2.0,1.0,0.0,0.0,2.0,56.0,6.0,4.0,3.0,0.0,0.0,0.0,0.0,4.0,0.0,0.0,0.0,53.0,12.0,13.0,4.0,0.0,0.0,0.0,0.0,0.0,1.0,51.0,10.0,16.0,6.0,0.0,0.0,0.0,0.0,0.0,2.0,56.0,7.0,22.0,3.0,0.0,0.0,0.0,0.0,0.0,0.0,55.0,5.0,14.0,3.0,0.0,0.0,0.0,0.0,0.0,0.0,0.0,51.0,4.0,11.0,3.0,0.0,0.0,0.0,0.0,46.0,3.0,9.0,1.0,0.0,0.0,0.0,0.0,0.0,0.0,43.0,1.0,5.0,2.0,0.0,0.0,0.0,0.0,0.0,0.0,43.0,3.0,7.0,3.0,0.0,0.0,0.0,0.0,0.0,0.0,0.0,4.0,0.0,1.0,0.0,2.0,0.0,3.0,0.0,0.0,0.0,9.0,0.0,5.0,4.0,0.0,6.0,0.0,0.0,3.0,0.0,0.0,0.0,0.0,0.0,0.0,0.0,0.0,0.0,3.0,0.0,1.0,0.0,0.0,3.0,1.0,0.0,0.0,0.0,2.0,2.0,4.0,0.0,2.0,3.0,0.0,3.0,0.0,0.0,0.0,30.0,1.0,6.0,7.0,11.0,11.0,8.0,36.0
CHEMBL218071,Ki,39000.0,28.0,1.0,3.0,1.0,0.0,1.0,2.0,36.0,2.0,5.0,3.0,0.0,0.0,2.0,2.0,3.0,0.0,0.0,0.0,35.0,3.0,9.0,3.0,0.0,0.0,2.0,2.0,0.0,2.0,29.0,3.0,9.0,3.0,0.0,0.0,1.0,1.0,1.0,4.0,28.0,4.0,11.0,1.0,0.0,0.0,0.0,0.0,1.0,3.0,26.0,3.0,8.0,2.0,0.0,0.0,2.0,2.0,0.0,0.0,0.0,25.0,2.0,9.0,3.0,0.0,0.0,1.0,1.0,25.0,2.0,9.0,2.0,0.0,0.0,1.0,1.0,0.0,0.0,23.0,2.0,8.0,2.0,0.0,0.0,1.0,1.0,0.0,0.0,20.0,2.0,9.0,2.0,0.0,0.0,2.0,0.0,0.0,0.0,0.0,1.0,0.0,0.0,0.0,1.0,0.0,2.0,2.0,0.0,0.0,5.0,0.0,1.0,0.0,1.0,0.0,0.0,0.0,0.0,0.0,0.0,0.0,0.0,0.0,0.0,0.0,0.0,0.0,0.0,0.0,1.0,0.0,0.0,1.0,0.0,1.0,0.0,0.0,1.0,2.0,4.0,0.0,0.0,1.0,0.0,1.0,0.0,0.0,0.0,22.0,0.0,7.0,5.0,7.0,7.0,8.0,27.0
CHEMBL385396,Ki,8500.0,22.0,1.0,1.0,3.0,0.0,0.0,2.0,26.0,2.0,3.0,4.0,0.0,0.0,0.0,0.0,3.0,0.0,0.0,0.0,23.0,2.0,5.0,3.0,0.0,0.0,0.0,0.0,0.0,3.0,20.0,3.0,8.0,2.0,0.0,0.0,0.0,0.0,0.0,2.0,20.0,2.0,5.0,2.0,0.0,0.0,0.0,0.0,0.0,0.0,18.0,3.0,7.0,3.0,0.0,0.0,0.0,0.0,0.0,0.0,0.0,19.0,2.0,6.0,4.0,0.0,0.0,0.0,0.0,20.0,1.0,7.0,4.0,0.0,0.0,0.0,0.0,0.0,0.0,18.0,1.0,5.0,4.0,0.0,0.0,0.0,0.0,0.0,0.0,13.0,2.0,4.0,3.0,0.0,0.0,0.0,0.0,0.0,0.0,0.0,1.0,0.0,0.0,0.0,0.0,0.0,1.0,0.0,0.0,0.0,6.0,0.0,2.0,0.0,2.0,0.0,0.0,0.0,1.0,0.0,0.0,0.0,0.0,0.0,0.0,0.0,0.0,0.0,0.0,0.0,1.0,0.0,0.0,1.0,0.0,0.0,0.0,0.0,1.0,2.0,3.0,0.0,0.0,1.0,0.0,1.0,0.0,0.0,1.0,17.0,1.0,9.0,5.0,7.0,7.0,8.0,23.0
CHEMBL87975,Ki,1800.0,30.0,1.0,5.0,3.0,0.0,0.0,2.0,39.0,2.0,9.0,4.0,0.0,0.0,0.0,0.0,3.0,0.0,0.0,0.0,34.0,4.0,13.0,3.0,0.0,0.0,0.0,0.0,0.0,3.0,35.0,3.0,11.0,4.0,0.0,0.0,0.0,0.0,0.0,3.0,39.0,2.0,12.0,2.0,0.0,0.0,0.0,0.0,0.0,0.0,31.0,3.0,13.0,5.0,0.0,0.0,0.0,0.0,0.0,0.0,0.0,27.0,3.0,14.0,4.0,0.0,0.0,0.0,0.0,24.0,2.0,13.0,5.0,0.0,0.0,0.0,0.0,0.0,0.0,28.0,1.0,11.0,5.0,0.0,0.0,0.0,0.0,0.0,0.0,30.0,0.0,6.0,4.0,0.0,0.0,0.0,1.0,0.0,0.0,0.0,4.0,0.0,2.0,1.0,3.0,0.0,1.0,0.0,0.0,0.0,9.0,0.0,6.0,4.0,0.0,7.0,0.0,0.0,1.0,0.0,0.0,0.0,0.0,0.0,0.0,0.0,0.0,0.0,3.0,2.0,1.0,0.0,2.0,1.0,0.0,2.0,0.0,0.0,1.0,2.0,5.0,0.0,3.0,2.0,0.0,0.0,0.0,0.0,1.0,23.0,1.0,4.0,9.0,11.0,11.0,12.0,26.0
CHEMBL180742,Ki,3000.0,27.0,0.0,5.0,0.0,0.0,2.0,0.0,34.0,0.0,7.0,0.0,0.0,4.0,0.0,4.0,0.0,0.0,0.0,0.0,32.0,0.0,11.0,0.0,0.0,6.0,0.0,6.0,0.0,0.0,29.0,0.0,10.0,0.0,0.0,2.0,0.0,2.0,0.0,0.0,29.0,0.0,10.0,0.0,0.0,2.0,2.0,0.0,0.0,0.0,31.0,0.0,10.0,0.0,0.0,4.0,0.0,4.0,0.0,0.0,0.0,31.0,0.0,9.0,0.0,0.0,8.0,0.0,8.0,28.0,0.0,6.0,0.0,0.0,4.0,0.0,4.0,0.0,0.0,23.0,0.0,6.0,0.0,0.0,2.0,0.0,2.0,0.0,0.0,18.0,0.0,7.0,0.0,0.0,2.0,2.0,0.0,2.0,2.0,1.0,1.0,0.0,0.0,0.0,1.0,2.0,1.0,0.0,0.0,2.0,8.0,0.0,2.0,0.0,2.0,0.0,0.0,0.0,1.0,0.0,0.0,0.0,0.0,0.0,0.0,0.0,0.0,0.0,0.0,0.0,0.0,0.0,2.0,0.0,0.0,3.0,0.0,0.0,0.0,0.0,4.0,2.0,1.0,0.0,0.0,1.0,0.0,0.0,0.0,18.0,0.0,5.0,5.0,10.0,10.0,8.0,24.0
CHEMBL3753898,Ki,8418.0,15.0,5.0,8.0,4.0,0.0,0.0,0.0,21.0,5.0,7.0,2.0,0.0,0.0,0.0,0.0,2.0,0.0,0.0,0.0,20.0,2.0,12.0,4.0,0.0,0.0,0.0,0.0,2.0,0.0,16.0,3.0,12.0,4.0,0.0,0.0,0.0,0.0,0.0,0.0,18.0,1.0,5.0,2.0,0.0,0.0,0.0,1.0,0.0,0.0,16.0,7.0,10.0,3.0,0.0,0.0,0.0,0.0,0.0,0.0,0.0,17.0,5.0,9.0,3.0,0.0,0.0,0.0,0.0,16.0,1.0,10.0,2.0,0.0,0.0,0.0,0.0,0.0,0.0,9.0,2.0,11.0,4.0,0.0,0.0,0.0,0.0,1.0,0.0,9.0,2.0,6.0,3.0,0.0,0.0,0.0,5.0,0.0,0.0,2.0,9.0,1.0,3.0,0.0,1.0,2.0,0.0,0.0,0.0,2.0,17.0,4.0,12.0,4.0,2.0,12.0,10.0,8.0,0.0,11.0,7.0,2.0,0.0,0.0,1.0,4.0,0.0,6.0,0.0,5.0,3.0,6.0,5.0,3.0,3.0,6.0,0.0,0.0,1.0,0.0,6.0,0.0,1.0,4.0,0.0,0.0,0.0,1.0,2.0,5.0,4.0,2.0,17.0,20.0,20.0,12.0,11.0
CHEMBL86933,Ki,820.0,28.0,1.0,1.0,5.0,0.0,0.0,2.0,35.0,2.0,3.0,6.0,0.0,0.0,0.0,0.0,3.0,0.0,0.0,0.0,32.0,2.0,5.0,6.0,0.0,0.0,0.0,0.0,0.0,3.0,29.0,3.0,8.0,6.0,0.0,0.0,0.0,0.0,0.0,2.0,30.0,2.0,5.0,6.0,0.0,0.0,0.0,0.0,0.0,0.0,27.0,3.0,7.0,6.0,0.0,0.0,0.0,0.0,0.0,0.0,0.0,24.0,3.0,7.0,7.0,0.0,0.0,0.0,0.0,25.0,2.0,8.0,7.0,0.0,0.0,0.0,0.0,0.0,0.0,27.0,2.0,8.0,6.0,0.0,0.0,0.0,0.0,0.0,0.0,27.0,0.0,4.0,5.0,0.0,0.0,0.0,0.0,0.0,0.0,0.0,5.0,0.0,2.0,0.0,0.0,0.0,1.0,0.0,0.0,0.0,6.0,0.0,3.0,0.0,0.0,1.0,0.0,0.0,2.0,0.0,0.0,0.0,0.0,0.0,0.0,0.0,0.0,0.0,1.0,0.0,1.0,0.0,0.0,1.0,0.0,0.0,0.0,0.0,1.0,2.0,3.0,0.0,0.0,3.0,0.0,0.0,0.0,0.0,1.0,23.0,1.0,4.0,7.0,10.0,10.0,11.0,25.0
CHEMBL1237297,Ki,24000.0,26.0,0.0,4.0,0.0,0.0,0.0,0.0,32.0,0.0,5.0,0.0,0.0,0.0,0.0,0.0,0.0,0.0,0.0,0.0,30.0,0.0,7.0,0.0,0.0,0.0,0.0,0.0,0.0,0.0,26.0,0.0,6.0,0.0,0.0,0.0,0.0,0.0,0.0,0.0,27.0,0.0,6.0,0.0,0.0,0.0,0.0,0.0,0.0,0.0,28.0,0.0,7.0,0.0,0.0,0.0,0.0,0.0,0.0,0.0,0.0,28.0,0.0,6.0,0.0,0.0,0.0,0.0,0.0,25.0,0.0,5.0,0.0,0.0,0.0,0.0,0.0,0.0,0.0,20.0,0.0,4.0,0.0,0.0,0.0,0.0,0.0,0.0,0.0,16.0,0.0,5.0,0.0,0.0,0.0,0.0,0.0,0.0,0.0,0.0,2.0,0.0,0.0,0.0,0.0,1.0,2.0,0.0,0.0,1.0,7.0,0.0,2.0,0.0,2.0,0.0,0.0,0.0,1.0,0.0,0.0,0.0,0.0,0.0,0.0,0.0,0.0,0.0,0.0,0.0,0.0,0.0,1.0,0.0,0.0,2.0,0.0,0.0,0.0,0.0,3.0,1.0,0.0,1.0,0.0,1.0,0.0,0.0,0.0,18.0,0.0,5.0,4.0,8.0,8.0,8.0,23.0
CHEMBL124738,Ki,17800.0,27.0,0.0,4.0,2.0,0.0,0.0,0.0,35.0,0.0,5.0,3.0,0.0,0.0,0.0,0.0,0.0,0.0,0.0,0.0,33.0,0.0,7.0,3.0,0.0,0.0,0.0,0.0,0.0,0.0,31.0,0.0,6.0,4.0,0.0,0.0,0.0,0.0,0.0,0.0,31.0,0.0,7.0,5.0,0.0,0.0,0.0,0.0,0.0,0.0,31.0,0.0,7.0,3.0,0.0,0.0,0.0,0.0,0.0,0.0,0.0,29.0,0.0,8.0,3.0,0.0,0.0,0.0,0.0,27.0,0.0,5.0,2.0,0.0,0.0,0.0,0.0,0.0,0.0,22.0,0.0,4.0,1.0,0.0,0.0,0.0,0.0,0.0,0.0,17.0,0.0,5.0,0.0,0.0,0.0,0.0,0.0,0.0,0.0,0.0,3.0,0.0,1.0,0.0,0.0,1.0,2.0,0.0,0.0,1.0,4.0,0.0,2.0,0.0,0.0,1.0,0.0,0.0,1.0,0.0,0.0,0.0,0.0,0.0,0.0,0.0,0.0,0.0,0.0,1.0,0.0,0.0,1.0,0.0,0.0,2.0,0.0,0.0,0.0,0.0,3.0,1.0,0.0,2.0,0.0,0.0,0.0,0.0,1.0,23.0,1.0,0.0,6.0,6.0,6.0,6.0,23.0
CHEMBL340501,Ki,72000.0,30.0,0.0,4.0,0.0,0.0,0.0,0.0,39.0,0.0,5.0,0.0,0.0,0.0,0.0,0.0,0.0,0.0,0.0,0.0,39.0,0.0,7.0,0.0,0.0,0.0,0.0,0.0,0.0,0.0,37.0,0.0,7.0,0.0,0.0,0.0,0.0,0.0,0.0,0.0,40.0,0.0,7.0,0.0,0.0,0.0,0.0,0.0,0.0,0.0,39.0,0.0,8.0,0.0,0.0,0.0,0.0,0.0,0.0,0.0,0.0,36.0,0.0,8.0,0.0,0.0,0.0,0.0,0.0,31.0,0.0,7.0,0.0,0.0,0.0,0.0,0.0,0.0,0.0,25.0,0.0,6.0,0.0,0.0,0.0,0.0,0.0,0.0,0.0,19.0,0.0,5.0,0.0,0.0,0.0,0.0,0.0,0.0,0.0,0.0,1.0,0.0,0.0,0.0,0.0,1.0,2.0,0.0,0.0,1.0,4.0,0.0,1.0,0.0,1.0,0.0,0.0,0.0,0.0,0.0,0.0,0.0,0.0,0.0,0.0,0.0,0.0,0.0,0.0,0.0,0.0,0.0,1.0,0.0,0.0,2.0,0.0,0.0,0.0,0.0,3.0,1.0,0.0,0.0,0.0,1.0,0.0,0.0,0.0,24.0,0.0,3.0,4.0,5.0,5.0,5.0,27.0
CHEMBL1237299,Ki,21000.0,27.0,0.0,4.0,0.0,0.0,0.0,0.0,34.0,0.0,5.0,0.0,0.0,0.0,0.0,0.0,0.0,0.0,0.0,0.0,31.0,0.0,8.0,0.0,0.0,0.0,0.0,0.0,0.0,0.0,28.0,0.0,6.0,0.0,0.0,0.0,0.0,0.0,0.0,0.0,28.0,0.0,6.0,0.0,0.0,0.0,0.0,0.0,0.0,0.0,31.0,0.0,5.0,0.0,0.0,0.0,0.0,0.0,0.0,0.0,0.0,30.0,0.0,6.0,0.0,0.0,0.0,0.0,0.0,27.0,0.0,4.0,0.0,0.0,0.0,0.0,0.0,0.0,0.0,21.0,0.0,4.0,0.0,0.0,0.0,0.0,0.0,0.0,0.0,19.0,0.0,3.0,0.0,0.0,0.0,0.0,0.0,0.0,0.0,0.0,2.0,0.0,0.0,0.0,1.0,1.0,0.0,0.0,0.0,1.0,8.0,0.0,2.0,0.0,2.0,0.0,0.0,0.0,1.0,0.0,0.0,0.0,0.0,0.0,0.0,0.0,0.0,0.0,0.0,0.0,0.0,0.0,1.0,0.0,0.0,2.0,0.0,0.0,0.0,0.0,3.0,1.0,1.0,1.0,0.0,1.0,0.0,0.0,0.0,18.0,0.0,5.0,4.0,9.0,9.0,8.0,23.0
CHEMBL2442485,Ki,8700.0,12.0,5.0,4.0,2.0,3.0,3.0,0.0,16.0,9.0,4.0,1.0,3.0,0.0,0.0,3.0,0.0,3.0,3.0,3.0,15.0,7.0,4.0,2.0,3.0,0.0,0.0,3.0,2.0,0.0,13.0,10.0,3.0,3.0,3.0,0.0,0.0,3.0,0.0,0.0,15.0,7.0,1.0,3.0,6.0,0.0,6.0,2.0,0.0,0.0,14.0,3.0,3.0,2.0,6.0,0.0,0.0,6.0,3.0,0.0,0.0,9.0,2.0,8.0,1.0,12.0,0.0,0.0,12.0,6.0,1.0,7.0,0.0,6.0,0.0,0.0,6.0,0.0,0.0,2.0,1.0,6.0,1.0,0.0,0.0,0.0,0.0,0.0,9.0,2.0,0.0,3.0,0.0,3.0,0.0,3.0,0.0,0.0,0.0,0.0,0.0,0.0,0.0,0.0,1.0,1.0,0.0,0.0,3.0,1.0,3.0,0.0,0.0,0.0,0.0,0.0,0.0,0.0,0.0,0.0,0.0,0.0,0.0,0.0,0.0,0.0,0.0,0.0,0.0,0.0,0.0,0.0,0.0,0.0,0.0,2.0,3.0,0.0,0.0,0.0,3.0,0.0,0.0,0.0,3.0,0.0,0.0,2.0,4.0,16.0,4.0,2.0,11.0,2.0,2.0,3.0,15.0
CHEMBL3301604,Ki,9600.0,21.0,3.0,7.0,0.0,0.0,1.0,0.0,27.0,4.0,5.0,0.0,0.0,2.0,0.0,2.0,2.0,0.0,0.0,0.0,24.0,5.0,9.0,0.0,0.0,2.0,0.0,2.0,0.0,0.0,21.0,3.0,15.0,0.0,0.0,1.0,0.0,1.0,0.0,0.0,25.0,2.0,14.0,0.0,0.0,0.0,0.0,0.0,1.0,0.0,24.0,2.0,12.0,0.0,0.0,2.0,0.0,2.0,0.0,0.0,0.0,25.0,1.0,5.0,0.0,0.0,2.0,0.0,2.0,22.0,1.0,5.0,0.0,0.0,3.0,0.0,3.0,0.0,0.0,19.0,0.0,3.0,0.0,0.0,2.0,0.0,2.0,1.0,0.0,13.0,1.0,3.0,0.0,0.0,2.0,2.0,2.0,0.0,0.0,2.0,7.0,6.0,2.0,0.0,0.0,1.0,0.0,0.0,0.0,1.0,11.0,2.0,9.0,2.0,0.0,10.0,4.0,2.0,0.0,10.0,10.0,7.0,2.0,0.0,8.0,4.0,0.0,4.0,0.0,4.0,0.0,0.0,4.0,1.0,0.0,5.0,0.0,0.0,1.0,0.0,5.0,0.0,0.0,4.0,0.0,0.0,0.0,0.0,0.0,12.0,0.0,0.0,10.0,13.0,13.0,10.0,17.0
CHEMBL288978,Ki,50000.0,25.0,3.0,6.0,0.0,0.0,0.0,0.0,29.0,4.0,9.0,0.0,0.0,0.0,0.0,0.0,1.0,0.0,0.0,0.0,28.0,2.0,12.0,0.0,0.0,0.0,0.0,0.0,0.0,0.0,26.0,2.0,10.0,0.0,0.0,0.0,0.0,0.0,0.0,0.0,28.0,2.0,7.0,0.0,0.0,0.0,0.0,1.0,0.0,0.0,27.0,3.0,9.0,0.0,0.0,0.0,0.0,0.0,0.0,0.0,0.0,26.0,3.0,8.0,0.0,0.0,0.0,0.0,0.0,24.0,1.0,7.0,0.0,0.0,0.0,0.0,0.0,0.0,0.0,19.0,1.0,12.0,0.0,0.0,0.0,0.0,0.0,0.0,0.0,16.0,2.0,9.0,0.0,0.0,0.0,0.0,3.0,0.0,0.0,2.0,8.0,1.0,6.0,4.0,0.0,2.0,0.0,0.0,0.0,2.0,14.0,0.0,11.0,0.0,2.0,8.0,0.0,0.0,1.0,6.0,4.0,2.0,1.0,0.0,1.0,1.0,2.0,1.0,3.0,1.0,4.0,8.0,2.0,3.0,3.0,2.0,0.0,0.0,1.0,0.0,5.0,1.0,0.0,7.0,0.0,0.0,0.0,0.0,0.0,12.0,1.0,0.0,9.0,16.0,16.0,12.0,19.0
CHEMBL1237305,Ki,7100.0,27.0,0.0,5.0,0.0,0.0,2.0,0.0,34.0,0.0,6.0,0.0,0.0,4.0,0.0,4.0,0.0,0.0,0.0,0.0,32.0,0.0,10.0,0.0,0.0,6.0,0.0,6.0,0.0,0.0,29.0,0.0,8.0,0.0,0.0,2.0,0.0,2.0,0.0,1.0,29.0,0.0,9.0,0.0,0.0,2.0,2.0,0.0,0.0,0.0,31.0,0.0,9.0,0.0,0.0,4.0,0.0,4.0,0.0,0.0,0.0,31.0,0.0,9.0,0.0,0.0,8.0,0.0,8.0,28.0,0.0,8.0,0.0,0.0,4.0,0.0,4.0,0.0,2.0,23.0,0.0,7.0,0.0,0.0,2.0,0.0,2.0,0.0,0.0,18.0,0.0,8.0,0.0,0.0,2.0,2.0,0.0,0.0,0.0,0.0,3.0,0.0,0.0,0.0,0.0,2.0,1.0,0.0,0.0,2.0,8.0,0.0,2.0,0.0,2.0,0.0,0.0,0.0,1.0,0.0,0.0,0.0,0.0,0.0,0.0,0.0,0.0,0.0,0.0,0.0,0.0,0.0,1.0,0.0,0.0,3.0,0.0,0.0,0.0,0.0,4.0,2.0,0.0,1.0,0.0,1.0,0.0,0.0,0.0,18.0,0.0,5.0,5.0,10.0,10.0,9.0,23.0
CHEMBL327596,Ki,360.0,38.0,7.0,2.0,1.0,0.0,0.0,2.0,52.0,6.0,3.0,4.0,0.0,0.0,0.0,0.0,5.0,0.0,0.0,0.0,52.0,12.0,14.0,3.0,0.0,0.0,0.0,0.0,0.0,1.0,48.0,13.0,14.0,4.0,0.0,0.0,0.0,0.0,2.0,2.0,52.0,10.0,17.0,3.0,0.0,0.0,0.0,0.0,0.0,0.0,51.0,9.0,14.0,2.0,0.0,0.0,0.0,0.0,0.0,0.0,0.0,46.0,8.0,10.0,3.0,0.0,0.0,0.0,0.0,39.0,6.0,10.0,2.0,0.0,0.0,0.0,0.0,0.0,0.0,38.0,2.0,7.0,3.0,0.0,0.0,0.0,0.0,0.0,0.0,40.0,5.0,9.0,3.0,0.0,0.0,0.0,0.0,0.0,0.0,0.0,5.0,0.0,2.0,0.0,1.0,0.0,3.0,0.0,0.0,0.0,8.0,0.0,2.0,0.0,0.0,0.0,0.0,0.0,3.0,0.0,0.0,0.0,0.0,0.0,0.0,0.0,0.0,0.0,0.0,0.0,1.0,1.0,0.0,6.0,3.0,0.0,0.0,0.0,3.0,2.0,4.0,0.0,0.0,3.0,0.0,3.0,0.0,0.0,0.0,30.0,1.0,6.0,10.0,10.0,10.0,9.0,36.0
CHEMBL426387,Ki,4400.0,21.0,3.0,2.0,0.0,1.0,3.0,0.0,29.0,5.0,2.0,0.0,2.0,2.0,2.0,6.0,0.0,0.0,0.0,0.0,27.0,7.0,2.0,0.0,2.0,2.0,2.0,6.0,0.0,0.0,27.0,4.0,4.0,0.0,2.0,1.0,4.0,7.0,0.0,0.0,28.0,1.0,4.0,0.0,2.0,1.0,6.0,2.0,1.0,0.0,27.0,0.0,6.0,0.0,3.0,0.0,4.0,7.0,0.0,0.0,0.0,20.0,0.0,6.0,0.0,2.0,2.0,3.0,7.0,9.0,0.0,8.0,0.0,3.0,4.0,1.0,8.0,0.0,2.0,2.0,0.0,4.0,0.0,2.0,5.0,0.0,7.0,0.0,2.0,0.0,0.0,2.0,0.0,1.0,2.0,3.0,0.0,0.0,0.0,1.0,4.0,2.0,1.0,0.0,0.0,1.0,0.0,0.0,1.0,1.0,6.0,0.0,4.0,0.0,0.0,3.0,0.0,0.0,0.0,2.0,1.0,0.0,0.0,0.0,0.0,1.0,0.0,1.0,0.0,1.0,0.0,0.0,1.0,0.0,0.0,1.0,1.0,1.0,0.0,0.0,2.0,0.0,0.0,3.0,0.0,0.0,1.0,0.0,1.0,15.0,1.0,0.0,5.0,9.0,9.0,4.0,17.0
CHEMBL240866,Ki,199.53,20.0,6.0,1.0,1.0,0.0,1.0,2.0,23.0,9.0,3.0,4.0,0.0,2.0,0.0,2.0,3.0,0.0,0.0,0.0,21.0,7.0,9.0,5.0,0.0,2.0,0.0,2.0,1.0,0.0,17.0,8.0,12.0,3.0,0.0,1.0,0.0,1.0,0.0,0.0,20.0,8.0,11.0,3.0,0.0,1.0,1.0,4.0,0.0,0.0,21.0,9.0,12.0,1.0,0.0,0.0,0.0,0.0,1.0,0.0,0.0,21.0,8.0,6.0,2.0,0.0,1.0,0.0,1.0,22.0,4.0,5.0,2.0,0.0,1.0,0.0,1.0,0.0,1.0,22.0,4.0,5.0,1.0,0.0,0.0,0.0,0.0,0.0,0.0,20.0,2.0,2.0,0.0,0.0,1.0,1.0,0.0,0.0,0.0,0.0,2.0,0.0,0.0,0.0,2.0,0.0,0.0,0.0,0.0,0.0,5.0,0.0,1.0,0.0,0.0,0.0,0.0,0.0,0.0,0.0,0.0,0.0,0.0,0.0,0.0,0.0,0.0,0.0,0.0,0.0,2.0,1.0,0.0,3.0,1.0,0.0,0.0,0.0,2.0,2.0,3.0,0.0,2.0,0.0,0.0,0.0,0.0,1.0,1.0,18.0,1.0,4.0,8.0,7.0,7.0,8.0,21.0
CHEMBL1237302,Ki,21000.0,26.0,0.0,4.0,0.0,0.0,0.0,0.0,33.0,0.0,5.0,0.0,0.0,0.0,0.0,0.0,0.0,0.0,0.0,0.0,31.0,0.0,8.0,0.0,0.0,0.0,0.0,0.0,0.0,0.0,27.0,0.0,8.0,0.0,0.0,0.0,0.0,0.0,0.0,0.0,26.0,0.0,8.0,0.0,0.0,0.0,0.0,0.0,0.0,0.0,29.0,0.0,5.0,0.0,0.0,0.0,0.0,0.0,0.0,0.0,0.0,30.0,0.0,4.0,0.0,0.0,0.0,0.0,0.0,27.0,0.0,5.0,0.0,0.0,0.0,0.0,0.0,0.0,0.0,21.0,0.0,6.0,0.0,0.0,0.0,0.0,0.0,0.0,0.0,16.0,0.0,4.0,0.0,0.0,0.0,0.0,2.0,0.0,0.0,0.0,3.0,0.0,0.0,0.0,1.0,1.0,1.0,0.0,0.0,1.0,7.0,0.0,2.0,0.0,1.0,0.0,0.0,0.0,2.0,0.0,0.0,0.0,0.0,0.0,0.0,0.0,0.0,0.0,0.0,0.0,0.0,0.0,1.0,0.0,0.0,2.0,0.0,0.0,0.0,0.0,3.0,1.0,1.0,2.0,0.0,0.0,0.0,0.0,0.0,18.0,0.0,2.0,4.0,9.0,9.0,8.0,21.0
CHEMBL314097,Ki,1200.0,33.0,6.0,2.0,3.0,0.0,0.0,2.0,45.0,6.0,3.0,6.0,0.0,0.0,0.0,0.0,5.0,0.0,0.0,0.0,44.0,10.0,11.0,4.0,0.0,0.0,0.0,0.0,0.0,1.0,40.0,11.0,13.0,4.0,0.0,0.0,0.0,0.0,2.0,2.0,40.0,10.0,16.0,4.0,0.0,0.0,0.0,0.0,0.0,0.0,38.0,7.0,13.0,2.0,0.0,0.0,0.0,0.0,0.0,0.0,0.0,32.0,8.0,10.0,2.0,0.0,0.0,0.0,0.0,30.0,5.0,7.0,3.0,0.0,0.0,0.0,0.0,0.0,0.0,32.0,2.0,7.0,4.0,0.0,0.0,0.0,0.0,0.0,0.0,33.0,4.0,7.0,6.0,0.0,0.0,0.0,0.0,0.0,0.0,0.0,3.0,0.0,1.0,0.0,0.0,1.0,3.0,0.0,0.0,1.0,5.0,0.0,1.0,0.0,0.0,0.0,0.0,0.0,0.0,0.0,0.0,0.0,0.0,0.0,0.0,0.0,0.0,0.0,0.0,0.0,1.0,0.0,0.0,3.0,0.0,1.0,0.0,0.0,3.0,2.0,4.0,0.0,0.0,1.0,0.0,3.0,0.0,0.0,1.0,29.0,2.0,10.0,11.0,8.0,8.0,8.0,32.0
CHEMBL2112332,Ki,4900.0,25.0,2.0,0.0,2.0,0.0,0.0,0.0,32.0,4.0,0.0,2.0,0.0,0.0,0.0,0.0,0.0,0.0,0.0,0.0,31.0,4.0,0.0,3.0,0.0,0.0,0.0,0.0,0.0,0.0,26.0,4.0,0.0,4.0,0.0,0.0,0.0,0.0,0.0,0.0,25.0,6.0,0.0,3.0,0.0,0.0,0.0,0.0,0.0,0.0,21.0,10.0,0.0,2.0,0.0,0.0,0.0,0.0,0.0,0.0,0.0,18.0,12.0,0.0,2.0,0.0,0.0,0.0,0.0,16.0,10.0,0.0,3.0,0.0,0.0,0.0,0.0,0.0,0.0,15.0,6.0,0.0,2.0,0.0,0.0,0.0,0.0,0.0,0.0,13.0,4.0,0.0,1.0,0.0,0.0,0.0,0.0,0.0,0.0,0.0,5.0,0.0,2.0,0.0,0.0,0.0,1.0,0.0,0.0,0.0,5.0,0.0,2.0,0.0,0.0,0.0,0.0,0.0,2.0,0.0,0.0,0.0,0.0,0.0,0.0,0.0,0.0,0.0,0.0,0.0,0.0,0.0,0.0,0.0,0.0,0.0,0.0,0.0,0.0,0.0,0.0,0.0,0.0,3.0,0.0,0.0,0.0,3.0,4.0,23.0,4.0,0.0,4.0,10.0,10.0,8.0,20.0
CHEMBL1290413,Ki,4590.0,24.0,3.0,2.0,2.0,4.0,4.0,2.0,34.0,6.0,6.0,2.0,5.0,0.0,0.0,5.0,0.0,3.0,3.0,3.0,38.0,7.0,6.0,2.0,8.0,0.0,0.0,8.0,0.0,0.0,39.0,6.0,8.0,4.0,8.0,0.0,0.0,8.0,2.0,0.0,43.0,1.0,12.0,4.0,6.0,0.0,6.0,2.0,1.0,2.0,38.0,1.0,16.0,5.0,6.0,0.0,0.0,6.0,0.0,0.0,0.0,29.0,0.0,18.0,3.0,7.0,0.0,0.0,7.0,18.0,0.0,14.0,1.0,9.0,0.0,0.0,9.0,0.0,0.0,9.0,0.0,8.0,1.0,14.0,0.0,0.0,14.0,4.0,2.0,4.0,0.0,4.0,0.0,16.0,0.0,16.0,0.0,0.0,0.0,2.0,4.0,2.0,2.0,1.0,2.0,1.0,0.0,0.0,4.0,1.0,10.0,0.0,6.0,0.0,0.0,4.0,0.0,0.0,1.0,3.0,2.0,1.0,0.0,0.0,1.0,1.0,0.0,1.0,0.0,1.0,0.0,0.0,1.0,0.0,0.0,1.0,4.0,1.0,0.0,0.0,4.0,0.0,1.0,4.0,3.0,0.0,1.0,0.0,1.0,15.0,1.0,4.0,7.0,12.0,12.0,6.0,20.0
CHEMBL360290,Ki,13000.0,27.0,0.0,5.0,0.0,0.0,2.0,0.0,34.0,0.0,7.0,0.0,0.0,4.0,0.0,4.0,0.0,0.0,0.0,0.0,32.0,0.0,11.0,0.0,0.0,6.0,0.0,6.0,0.0,0.0,29.0,0.0,9.0,0.0,0.0,2.0,0.0,2.0,0.0,1.0,29.0,0.0,11.0,0.0,0.0,2.0,2.0,0.0,0.0,0.0,31.0,0.0,11.0,0.0,0.0,4.0,0.0,4.0,0.0,0.0,0.0,31.0,0.0,10.0,0.0,0.0,8.0,0.0,8.0,28.0,0.0,8.0,0.0,0.0,4.0,0.0,4.0,0.0,2.0,23.0,0.0,5.0,0.0,0.0,2.0,0.0,2.0,2.0,0.0,18.0,0.0,5.0,0.0,0.0,2.0,2.0,0.0,0.0,0.0,1.0,1.0,0.0,0.0,0.0,1.0,2.0,1.0,0.0,0.0,2.0,8.0,0.0,2.0,0.0,2.0,0.0,0.0,0.0,1.0,0.0,0.0,0.0,0.0,0.0,0.0,0.0,0.0,0.0,0.0,0.0,0.0,0.0,2.0,0.0,0.0,3.0,0.0,0.0,0.0,0.0,4.0,2.0,1.0,0.0,0.0,1.0,0.0,0.0,0.0,18.0,0.0,5.0,5.0,10.0,10.0,8.0,24.0
CHEMBL240029,Ki,158.49,18.0,7.0,1.0,1.0,0.0,1.0,2.0,20.0,11.0,3.0,4.0,0.0,2.0,0.0,2.0,3.0,0.0,0.0,0.0,19.0,8.0,9.0,4.0,0.0,2.0,0.0,2.0,1.0,0.0,16.0,10.0,10.0,3.0,0.0,1.0,0.0,1.0,2.0,0.0,18.0,9.0,10.0,3.0,0.0,1.0,1.0,5.0,0.0,0.0,18.0,12.0,12.0,1.0,0.0,0.0,0.0,0.0,1.0,0.0,0.0,19.0,10.0,6.0,2.0,0.0,1.0,0.0,1.0,19.0,7.0,5.0,2.0,0.0,1.0,0.0,1.0,0.0,1.0,20.0,6.0,5.0,1.0,0.0,0.0,0.0,0.0,0.0,0.0,19.0,3.0,2.0,0.0,0.0,1.0,1.0,0.0,0.0,0.0,0.0,3.0,0.0,0.0,0.0,2.0,0.0,0.0,0.0,0.0,0.0,6.0,0.0,2.0,0.0,0.0,0.0,0.0,0.0,0.0,0.0,0.0,0.0,0.0,0.0,0.0,0.0,0.0,0.0,0.0,0.0,2.0,1.0,0.0,3.0,1.0,0.0,0.0,0.0,2.0,2.0,3.0,0.0,2.0,0.0,0.0,0.0,0.0,1.0,2.0,17.0,2.0,4.0,9.0,8.0,8.0,9.0,20.0
CHEMBL413509,Ki,4.5,17.0,3.0,5.0,0.0,0.0,0.0,0.0,18.0,4.0,7.0,0.0,0.0,0.0,0.0,0.0,1.0,0.0,0.0,0.0,18.0,2.0,9.0,0.0,0.0,0.0,0.0,0.0,1.0,0.0,17.0,2.0,8.0,0.0,0.0,0.0,0.0,0.0,0.0,1.0,16.0,2.0,8.0,0.0,0.0,0.0,0.0,1.0,0.0,0.0,15.0,2.0,10.0,0.0,0.0,0.0,0.0,0.0,0.0,0.0,0.0,14.0,2.0,7.0,0.0,0.0,0.0,0.0,0.0,14.0,1.0,5.0,0.0,0.0,0.0,0.0,0.0,0.0,0.0,12.0,1.0,9.0,0.0,0.0,0.0,0.0,0.0,0.0,0.0,9.0,0.0,10.0,0.0,0.0,0.0,0.0,2.0,0.0,0.0,3.0,9.0,2.0,5.0,3.0,1.0,3.0,0.0,0.0,0.0,3.0,19.0,0.0,15.0,0.0,4.0,11.0,0.0,0.0,0.0,8.0,5.0,2.0,1.0,0.0,1.0,2.0,1.0,2.0,2.0,4.0,4.0,8.0,5.0,3.0,3.0,3.0,0.0,0.0,1.0,0.0,5.0,0.0,1.0,8.0,0.0,0.0,0.0,0.0,0.0,0.0,1.0,0.0,8.0,20.0,20.0,12.0,10.0
CHEMBL125087,Ki,1100.0,30.0,0.0,4.0,0.0,0.0,2.0,0.0,39.0,0.0,5.0,0.0,0.0,4.0,0.0,4.0,0.0,0.0,0.0,0.0,39.0,0.0,7.0,0.0,0.0,6.0,0.0,6.0,0.0,0.0,37.0,0.0,7.0,0.0,0.0,2.0,0.0,2.0,0.0,0.0,40.0,0.0,7.0,0.0,0.0,2.0,2.0,0.0,0.0,0.0,39.0,0.0,8.0,0.0,0.0,4.0,0.0,4.0,0.0,0.0,0.0,36.0,0.0,8.0,0.0,0.0,6.0,0.0,6.0,31.0,0.0,7.0,0.0,0.0,6.0,0.0,6.0,0.0,0.0,25.0,0.0,6.0,0.0,0.0,4.0,0.0,4.0,0.0,0.0,19.0,0.0,5.0,0.0,0.0,4.0,4.0,0.0,0.0,0.0,0.0,3.0,0.0,1.0,0.0,0.0,1.0,2.0,0.0,0.0,1.0,4.0,0.0,2.0,0.0,0.0,1.0,0.0,0.0,1.0,0.0,0.0,0.0,0.0,0.0,0.0,0.0,0.0,0.0,0.0,1.0,0.0,0.0,1.0,0.0,0.0,2.0,0.0,0.0,0.0,0.0,3.0,1.0,0.0,2.0,0.0,0.0,0.0,0.0,0.0,24.0,0.0,0.0,4.0,6.0,6.0,6.0,25.0
CHEMBL220802,Ki,9600.0,25.0,1.0,1.0,3.0,0.0,0.0,2.0,32.0,2.0,3.0,4.0,0.0,0.0,0.0,0.0,3.0,0.0,0.0,0.0,30.0,2.0,5.0,3.0,0.0,0.0,0.0,0.0,0.0,3.0,26.0,3.0,8.0,2.0,0.0,0.0,0.0,0.0,0.0,2.0,26.0,2.0,5.0,2.0,0.0,0.0,0.0,0.0,0.0,0.0,23.0,3.0,7.0,3.0,0.0,0.0,0.0,0.0,0.0,0.0,0.0,22.0,2.0,6.0,4.0,0.0,0.0,0.0,0.0,21.0,2.0,8.0,4.0,0.0,0.0,0.0,0.0,0.0,0.0,18.0,2.0,6.0,5.0,0.0,0.0,0.0,0.0,0.0,0.0,14.0,2.0,6.0,4.0,0.0,0.0,0.0,0.0,0.0,0.0,0.0,1.0,0.0,0.0,0.0,0.0,0.0,2.0,1.0,0.0,0.0,4.0,0.0,1.0,0.0,1.0,0.0,0.0,0.0,0.0,0.0,0.0,0.0,0.0,0.0,0.0,0.0,0.0,0.0,0.0,0.0,1.0,0.0,0.0,1.0,0.0,0.0,0.0,0.0,1.0,2.0,3.0,0.0,0.0,1.0,0.0,1.0,0.0,0.0,1.0,21.0,1.0,7.0,5.0,6.0,6.0,7.0,25.0
CHEMBL126472,Ki,34000.0,23.0,0.0,2.0,0.0,0.0,0.0,0.0,30.0,0.0,2.0,0.0,0.0,0.0,0.0,0.0,0.0,0.0,0.0,0.0,31.0,0.0,2.0,0.0,0.0,0.0,0.0,0.0,0.0,0.0,29.0,0.0,2.0,0.0,0.0,0.0,0.0,0.0,0.0,0.0,28.0,0.0,4.0,0.0,0.0,0.0,0.0,0.0,0.0,0.0,23.0,0.0,6.0,0.0,0.0,0.0,0.0,0.0,0.0,0.0,0.0,18.0,0.0,6.0,0.0,0.0,0.0,0.0,0.0,14.0,0.0,4.0,0.0,0.0,0.0,0.0,0.0,0.0,0.0,9.0,0.0,4.0,0.0,0.0,0.0,0.0,0.0,0.0,0.0,4.0,0.0,4.0,0.0,0.0,0.0,0.0,0.0,0.0,0.0,0.0,2.0,0.0,1.0,0.0,0.0,1.0,1.0,0.0,0.0,1.0,3.0,0.0,2.0,0.0,0.0,1.0,0.0,0.0,1.0,0.0,0.0,0.0,0.0,0.0,0.0,0.0,0.0,0.0,0.0,1.0,0.0,0.0,1.0,0.0,0.0,1.0,0.0,0.0,0.0,0.0,2.0,0.0,0.0,2.0,0.0,0.0,0.0,0.0,0.0,18.0,0.0,0.0,2.0,4.0,4.0,3.0,19.0
CHEMBL90226,Ki,200.0,37.0,6.0,2.0,1.0,0.0,0.0,2.0,50.0,6.0,3.0,3.0,0.0,0.0,0.0,0.0,5.0,0.0,0.0,0.0,49.0,12.0,11.0,3.0,0.0,0.0,0.0,0.0,0.0,1.0,44.0,13.0,14.0,4.0,0.0,0.0,0.0,0.0,2.0,2.0,47.0,10.0,18.0,3.0,0.0,0.0,0.0,0.0,0.0,0.0,46.0,8.0,14.0,3.0,0.0,0.0,0.0,0.0,0.0,0.0,0.0,42.0,7.0,11.0,3.0,0.0,0.0,0.0,0.0,38.0,5.0,9.0,1.0,0.0,0.0,0.0,0.0,0.0,0.0,38.0,2.0,5.0,2.0,0.0,0.0,0.0,0.0,0.0,0.0,40.0,4.0,7.0,3.0,0.0,0.0,0.0,0.0,0.0,0.0,0.0,4.0,0.0,1.0,0.0,0.0,1.0,3.0,0.0,0.0,1.0,6.0,0.0,1.0,0.0,0.0,0.0,0.0,0.0,2.0,0.0,0.0,0.0,0.0,0.0,0.0,0.0,0.0,0.0,0.0,0.0,0.0,0.0,0.0,4.0,1.0,1.0,0.0,0.0,3.0,2.0,4.0,0.0,0.0,2.0,0.0,3.0,0.0,0.0,0.0,30.0,1.0,6.0,9.0,10.0,10.0,7.0,35.0
CHEMBL2442490,Ki,530.0,12.0,5.0,3.0,2.0,3.0,3.0,0.0,15.0,9.0,4.0,1.0,3.0,0.0,0.0,3.0,0.0,3.0,3.0,3.0,13.0,7.0,5.0,2.0,3.0,0.0,0.0,3.0,2.0,0.0,9.0,10.0,4.0,3.0,6.0,0.0,0.0,6.0,1.0,0.0,14.0,5.0,1.0,1.0,3.0,0.0,3.0,3.0,3.0,0.0,10.0,3.0,4.0,2.0,12.0,0.0,0.0,12.0,2.0,0.0,0.0,7.0,2.0,6.0,2.0,9.0,0.0,0.0,9.0,6.0,1.0,4.0,1.0,3.0,0.0,0.0,3.0,6.0,6.0,4.0,0.0,5.0,0.0,0.0,0.0,0.0,0.0,0.0,0.0,1.0,0.0,4.0,0.0,0.0,0.0,0.0,2.0,0.0,0.0,0.0,0.0,0.0,0.0,0.0,0.0,2.0,1.0,0.0,3.0,2.0,2.0,0.0,0.0,0.0,0.0,0.0,0.0,0.0,0.0,0.0,0.0,0.0,0.0,0.0,0.0,0.0,0.0,0.0,0.0,0.0,0.0,0.0,0.0,0.0,0.0,1.0,3.0,0.0,0.0,0.0,3.0,0.0,0.0,0.0,3.0,0.0,0.0,2.0,4.0,16.0,4.0,2.0,10.0,2.0,2.0,2.0,15.0
CHEMBL280223,Ki,28000.0,23.0,3.0,4.0,0.0,0.0,0.0,0.0,27.0,4.0,5.0,0.0,0.0,0.0,0.0,0.0,1.0,0.0,0.0,0.0,28.0,2.0,9.0,0.0,0.0,0.0,0.0,0.0,0.0,0.0,25.0,2.0,7.0,0.0,0.0,0.0,0.0,0.0,0.0,0.0,22.0,2.0,7.0,0.0,0.0,0.0,0.0,1.0,0.0,0.0,19.0,4.0,8.0,0.0,0.0,0.0,0.0,0.0,0.0,0.0,0.0,22.0,3.0,5.0,0.0,0.0,0.0,0.0,0.0,20.0,2.0,5.0,0.0,0.0,0.0,0.0,0.0,0.0,0.0,18.0,1.0,8.0,0.0,0.0,0.0,0.0,0.0,0.0,0.0,13.0,0.0,9.0,0.0,0.0,0.0,0.0,2.0,0.0,0.0,2.0,9.0,1.0,6.0,4.0,0.0,2.0,0.0,0.0,0.0,2.0,17.0,2.0,15.0,2.0,2.0,12.0,1.0,0.0,3.0,9.0,5.0,2.0,1.0,0.0,1.0,1.0,2.0,2.0,3.0,3.0,4.0,8.0,3.0,3.0,3.0,2.0,0.0,0.0,1.0,0.0,4.0,0.0,0.0,8.0,0.0,0.0,0.0,0.0,0.0,6.0,1.0,0.0,7.0,19.0,19.0,11.0,16.0
CHEMBL218229,Ki,2600.0,22.0,1.0,3.0,3.0,0.0,0.0,2.0,27.0,2.0,5.0,4.0,0.0,0.0,0.0,0.0,3.0,0.0,0.0,0.0,25.0,2.0,7.0,3.0,0.0,0.0,0.0,0.0,0.0,3.0,22.0,3.0,9.0,2.0,0.0,0.0,0.0,0.0,0.0,2.0,21.0,2.0,6.0,2.0,0.0,0.0,0.0,0.0,0.0,0.0,19.0,3.0,8.0,3.0,0.0,0.0,0.0,0.0,0.0,0.0,0.0,20.0,2.0,7.0,4.0,0.0,0.0,0.0,0.0,21.0,1.0,8.0,4.0,0.0,0.0,0.0,0.0,0.0,0.0,19.0,1.0,7.0,4.0,0.0,0.0,0.0,0.0,0.0,0.0,15.0,2.0,7.0,3.0,0.0,0.0,0.0,0.0,0.0,0.0,0.0,1.0,0.0,0.0,0.0,1.0,0.0,1.0,0.0,0.0,0.0,7.0,0.0,2.0,0.0,2.0,0.0,0.0,0.0,1.0,0.0,0.0,0.0,0.0,0.0,0.0,0.0,0.0,0.0,0.0,0.0,1.0,0.0,0.0,1.0,0.0,1.0,0.0,0.0,1.0,2.0,4.0,0.0,0.0,1.0,0.0,1.0,0.0,0.0,1.0,17.0,1.0,9.0,7.0,8.0,8.0,9.0,23.0
CHEMBL180191,Ki,151350.0,26.0,0.0,6.0,0.0,0.0,0.0,0.0,33.0,0.0,7.0,0.0,0.0,0.0,0.0,0.0,0.0,0.0,0.0,0.0,32.0,0.0,8.0,0.0,0.0,0.0,0.0,0.0,0.0,0.0,27.0,0.0,9.0,0.0,0.0,0.0,0.0,0.0,0.0,0.0,28.0,0.0,8.0,0.0,0.0,0.0,0.0,0.0,0.0,0.0,27.0,0.0,10.0,0.0,0.0,0.0,0.0,0.0,0.0,0.0,0.0,27.0,0.0,8.0,0.0,0.0,0.0,0.0,0.0,24.0,0.0,6.0,0.0,0.0,0.0,0.0,0.0,0.0,0.0,19.0,0.0,7.0,0.0,0.0,0.0,0.0,0.0,0.0,0.0,15.0,0.0,9.0,0.0,0.0,0.0,0.0,0.0,0.0,0.0,0.0,2.0,0.0,0.0,0.0,1.0,1.0,1.0,1.0,0.0,1.0,8.0,0.0,2.0,0.0,2.0,0.0,0.0,0.0,1.0,0.0,0.0,0.0,0.0,0.0,0.0,0.0,0.0,0.0,0.0,0.0,0.0,0.0,1.0,0.0,0.0,3.0,0.0,0.0,0.0,0.0,4.0,1.0,0.0,1.0,0.0,1.0,0.0,0.0,0.0,18.0,0.0,5.0,6.0,9.0,9.0,9.0,23.0
CHEMBL446098,Ki,13000.0,28.0,0.0,4.0,2.0,0.0,0.0,0.0,37.0,0.0,5.0,3.0,0.0,0.0,0.0,0.0,0.0,0.0,0.0,0.0,34.0,0.0,9.0,3.0,0.0,0.0,0.0,0.0,0.0,0.0,33.0,0.0,6.0,4.0,0.0,0.0,0.0,0.0,0.0,0.0,34.0,0.0,7.0,5.0,0.0,0.0,0.0,0.0,0.0,0.0,34.0,0.0,7.0,3.0,0.0,0.0,0.0,0.0,0.0,0.0,0.0,30.0,0.0,8.0,4.0,0.0,0.0,0.0,0.0,28.0,0.0,5.0,2.0,0.0,0.0,0.0,0.0,0.0,0.0,24.0,0.0,4.0,1.0,0.0,0.0,0.0,0.0,0.0,0.0,19.0,0.0,6.0,0.0,0.0,0.0,0.0,0.0,0.0,0.0,1.0,2.0,1.0,0.0,0.0,1.0,1.0,2.0,0.0,0.0,1.0,5.0,0.0,3.0,1.0,0.0,3.0,0.0,0.0,1.0,0.0,0.0,0.0,0.0,0.0,0.0,0.0,0.0,0.0,0.0,2.0,0.0,0.0,1.0,0.0,0.0,2.0,0.0,0.0,0.0,0.0,3.0,1.0,1.0,1.0,0.0,0.0,0.0,0.0,1.0,23.0,1.0,0.0,6.0,7.0,7.0,6.0,24.0
CHEMBL182367,Ki,260.0,25.0,2.0,3.0,2.0,6.0,7.0,0.0,34.0,2.0,6.0,3.0,6.0,2.0,0.0,8.0,0.0,6.0,6.0,6.0,31.0,3.0,7.0,3.0,12.0,2.0,0.0,14.0,0.0,0.0,29.0,3.0,6.0,3.0,12.0,2.0,0.0,14.0,1.0,0.0,31.0,3.0,5.0,4.0,6.0,2.0,8.0,0.0,6.0,1.0,32.0,2.0,3.0,4.0,12.0,3.0,0.0,15.0,0.0,0.0,0.0,32.0,2.0,4.0,1.0,6.0,3.0,0.0,9.0,25.0,2.0,4.0,2.0,18.0,3.0,0.0,21.0,0.0,0.0,20.0,1.0,4.0,2.0,12.0,4.0,0.0,16.0,1.0,0.0,14.0,2.0,2.0,1.0,12.0,3.0,15.0,0.0,1.0,7.0,0.0,1.0,0.0,0.0,0.0,0.0,1.0,0.0,1.0,6.0,1.0,4.0,0.0,2.0,0.0,0.0,1.0,0.0,0.0,0.0,0.0,0.0,0.0,0.0,0.0,0.0,0.0,0.0,0.0,0.0,0.0,0.0,0.0,2.0,0.0,0.0,2.0,6.0,0.0,0.0,0.0,2.0,1.0,0.0,0.0,6.0,0.0,0.0,1.0,2.0,23.0,2.0,0.0,7.0,3.0,3.0,6.0,24.0
CHEMBL1237303,Ki,2800.0,28.0,0.0,5.0,0.0,0.0,0.0,0.0,35.0,0.0,7.0,0.0,0.0,0.0,0.0,0.0,0.0,0.0,0.0,0.0,34.0,0.0,9.0,0.0,0.0,0.0,0.0,0.0,0.0,0.0,30.0,0.0,8.0,0.0,0.0,0.0,0.0,0.0,0.0,0.0,30.0,0.0,9.0,0.0,0.0,0.0,0.0,0.0,0.0,0.0,31.0,0.0,9.0,0.0,0.0,0.0,0.0,0.0,0.0,0.0,0.0,32.0,0.0,8.0,0.0,0.0,0.0,0.0,0.0,31.0,0.0,7.0,0.0,0.0,0.0,0.0,0.0,0.0,0.0,29.0,0.0,8.0,0.0,0.0,0.0,0.0,0.0,0.0,0.0,24.0,0.0,10.0,0.0,0.0,0.0,0.0,0.0,0.0,0.0,0.0,2.0,0.0,0.0,0.0,1.0,1.0,1.0,1.0,0.0,1.0,9.0,0.0,3.0,0.0,2.0,0.0,0.0,0.0,2.0,0.0,0.0,0.0,0.0,0.0,0.0,0.0,0.0,0.0,0.0,0.0,0.0,0.0,1.0,0.0,0.0,2.0,0.0,0.0,0.0,0.0,4.0,1.0,1.0,1.0,0.0,3.0,0.0,0.0,0.0,18.0,0.0,7.0,5.0,9.0,9.0,9.0,24.0
CHEMBL328697,Ki,100.0,35.0,6.0,2.0,3.0,0.0,0.0,2.0,47.0,6.0,3.0,6.0,0.0,0.0,0.0,0.0,5.0,0.0,0.0,0.0,47.0,11.0,11.0,4.0,0.0,0.0,0.0,0.0,0.0,1.0,44.0,12.0,14.0,4.0,0.0,0.0,0.0,0.0,2.0,2.0,46.0,10.0,17.0,4.0,0.0,0.0,0.0,0.0,0.0,0.0,47.0,7.0,13.0,2.0,0.0,0.0,0.0,0.0,0.0,0.0,0.0,41.0,8.0,10.0,2.0,0.0,0.0,0.0,0.0,35.0,5.0,7.0,3.0,0.0,0.0,0.0,0.0,0.0,0.0,34.0,2.0,7.0,4.0,0.0,0.0,0.0,0.0,0.0,0.0,36.0,4.0,7.0,6.0,0.0,0.0,0.0,0.0,0.0,0.0,0.0,5.0,0.0,2.0,0.0,0.0,1.0,3.0,0.0,0.0,1.0,7.0,0.0,2.0,0.0,0.0,0.0,0.0,0.0,2.0,0.0,0.0,0.0,0.0,0.0,0.0,0.0,0.0,0.0,0.0,0.0,1.0,0.0,0.0,4.0,1.0,1.0,0.0,0.0,3.0,2.0,4.0,0.0,0.0,3.0,0.0,3.0,0.0,0.0,1.0,29.0,2.0,6.0,11.0,11.0,11.0,8.0,33.0
CHEMBL2164612,Ki,68625.0,37.0,6.0,6.0,0.0,0.0,0.0,0.0,50.0,7.0,7.0,0.0,0.0,0.0,0.0,0.0,0.0,6.0,6.0,6.0,57.0,3.0,6.0,0.0,0.0,0.0,0.0,0.0,1.0,0.0,49.0,3.0,9.0,0.0,0.0,0.0,0.0,0.0,0.0,0.0,40.0,4.0,11.0,0.0,0.0,0.0,0.0,0.0,0.0,0.0,41.0,4.0,9.0,0.0,0.0,0.0,0.0,0.0,1.0,0.0,0.0,45.0,4.0,9.0,0.0,0.0,0.0,0.0,0.0,46.0,3.0,10.0,0.0,0.0,0.0,0.0,0.0,0.0,0.0,42.0,4.0,9.0,0.0,0.0,0.0,0.0,0.0,0.0,0.0,34.0,5.0,11.0,0.0,0.0,0.0,0.0,0.0,0.0,0.0,0.0,3.0,0.0,1.0,0.0,5.0,1.0,1.0,1.0,4.0,1.0,17.0,0.0,4.0,0.0,4.0,0.0,0.0,0.0,1.0,0.0,0.0,0.0,0.0,0.0,0.0,0.0,0.0,0.0,0.0,0.0,0.0,0.0,2.0,2.0,1.0,3.0,4.0,0.0,1.0,0.0,4.0,0.0,2.0,1.0,0.0,1.0,0.0,1.0,1.0,24.0,1.0,10.0,12.0,17.0,17.0,14.0,35.0
CHEMBL2164608,Ki,15990.0,29.0,4.0,6.0,0.0,0.0,0.0,0.0,39.0,5.0,7.0,0.0,0.0,0.0,0.0,0.0,0.0,0.0,0.0,0.0,42.0,3.0,6.0,0.0,0.0,0.0,0.0,0.0,1.0,0.0,33.0,7.0,9.0,0.0,0.0,0.0,0.0,0.0,0.0,0.0,29.0,5.0,10.0,0.0,0.0,0.0,0.0,0.0,0.0,0.0,27.0,3.0,10.0,0.0,0.0,0.0,0.0,0.0,2.0,0.0,0.0,29.0,3.0,10.0,0.0,0.0,0.0,0.0,0.0,32.0,3.0,8.0,0.0,0.0,0.0,0.0,0.0,0.0,0.0,29.0,3.0,9.0,0.0,0.0,0.0,0.0,0.0,0.0,0.0,23.0,3.0,11.0,0.0,0.0,0.0,0.0,0.0,0.0,0.0,0.0,3.0,0.0,1.0,0.0,1.0,1.0,2.0,1.0,0.0,1.0,10.0,0.0,3.0,0.0,2.0,0.0,0.0,0.0,1.0,0.0,0.0,0.0,0.0,0.0,0.0,0.0,0.0,0.0,0.0,0.0,0.0,0.0,2.0,0.0,0.0,3.0,0.0,0.0,1.0,0.0,4.0,0.0,0.0,1.0,0.0,1.0,0.0,0.0,1.0,21.0,1.0,5.0,10.0,10.0,10.0,10.0,26.0
CHEMBL86886,Ki,3700.0,27.0,1.0,1.0,5.0,0.0,0.0,2.0,34.0,2.0,3.0,6.0,0.0,0.0,0.0,0.0,3.0,0.0,0.0,0.0,31.0,2.0,5.0,6.0,0.0,0.0,0.0,0.0,0.0,3.0,26.0,4.0,9.0,6.0,0.0,0.0,0.0,0.0,0.0,2.0,26.0,3.0,6.0,6.0,0.0,0.0,0.0,0.0,0.0,0.0,23.0,3.0,9.0,6.0,0.0,0.0,0.0,0.0,0.0,0.0,0.0,23.0,2.0,8.0,7.0,0.0,0.0,0.0,0.0,25.0,1.0,7.0,8.0,0.0,0.0,0.0,0.0,0.0,0.0,25.0,1.0,5.0,6.0,0.0,0.0,0.0,0.0,0.0,0.0,22.0,0.0,2.0,3.0,0.0,0.0,0.0,0.0,0.0,0.0,0.0,4.0,0.0,1.0,0.0,0.0,0.0,1.0,0.0,0.0,0.0,5.0,0.0,2.0,0.0,0.0,0.0,0.0,0.0,2.0,0.0,0.0,0.0,0.0,0.0,0.0,0.0,0.0,0.0,0.0,0.0,1.0,0.0,0.0,1.0,0.0,0.0,0.0,0.0,1.0,2.0,3.0,0.0,0.0,2.0,0.0,0.0,0.0,0.0,1.0,23.0,1.0,4.0,7.0,9.0,9.0,10.0,25.0
CHEMBL90227,Ki,47.0,39.0,4.0,2.0,1.0,0.0,0.0,2.0,51.0,6.0,4.0,3.0,0.0,0.0,0.0,0.0,4.0,0.0,0.0,0.0,51.0,10.0,11.0,4.0,0.0,0.0,0.0,0.0,0.0,1.0,47.0,10.0,16.0,4.0,0.0,0.0,0.0,0.0,0.0,2.0,50.0,7.0,18.0,3.0,0.0,0.0,0.0,0.0,0.0,0.0,49.0,5.0,14.0,3.0,0.0,0.0,0.0,0.0,0.0,0.0,0.0,45.0,4.0,11.0,3.0,0.0,0.0,0.0,0.0,40.0,3.0,9.0,1.0,0.0,0.0,0.0,0.0,0.0,0.0,39.0,1.0,5.0,2.0,0.0,0.0,0.0,0.0,0.0,0.0,41.0,3.0,7.0,3.0,0.0,0.0,0.0,0.0,0.0,0.0,0.0,5.0,0.0,2.0,0.0,0.0,0.0,3.0,0.0,0.0,0.0,7.0,0.0,3.0,0.0,0.0,1.0,0.0,0.0,3.0,0.0,0.0,0.0,0.0,0.0,0.0,0.0,0.0,0.0,1.0,0.0,1.0,0.0,0.0,3.0,1.0,0.0,0.0,0.0,2.0,2.0,4.0,0.0,0.0,4.0,0.0,3.0,0.0,0.0,0.0,30.0,1.0,6.0,7.0,10.0,10.0,8.0,35.0
CHEMBL434637,Ki,2600.0,33.0,1.0,3.0,3.0,0.0,0.0,2.0,42.0,2.0,6.0,4.0,0.0,0.0,0.0,0.0,3.0,0.0,0.0,0.0,40.0,2.0,10.0,3.0,0.0,0.0,0.0,0.0,0.0,3.0,39.0,3.0,13.0,2.0,0.0,0.0,0.0,0.0,0.0,2.0,44.0,2.0,8.0,2.0,0.0,0.0,0.0,0.0,0.0,0.0,43.0,3.0,9.0,3.0,0.0,0.0,0.0,0.0,0.0,0.0,0.0,41.0,3.0,9.0,4.0,0.0,0.0,0.0,0.0,38.0,2.0,11.0,5.0,0.0,0.0,0.0,0.0,0.0,0.0,35.0,2.0,10.0,5.0,0.0,0.0,0.0,0.0,0.0,0.0,30.0,2.0,7.0,5.0,0.0,0.0,0.0,0.0,0.0,0.0,0.0,3.0,0.0,1.0,0.0,0.0,0.0,2.0,0.0,0.0,0.0,4.0,0.0,2.0,0.0,0.0,1.0,0.0,0.0,1.0,0.0,0.0,0.0,0.0,0.0,0.0,0.0,0.0,0.0,1.0,0.0,1.0,0.0,0.0,1.0,0.0,1.0,0.0,0.0,1.0,2.0,4.0,1.0,0.0,2.0,0.0,0.0,0.0,0.0,1.0,29.0,1.0,4.0,7.0,7.0,7.0,9.0,31.0
CHEMBL415310,Ki,12.0,39.0,4.0,4.0,1.0,3.0,3.0,2.0,53.0,6.0,7.0,3.0,3.0,0.0,0.0,3.0,4.0,3.0,3.0,3.0,55.0,11.0,14.0,4.0,6.0,0.0,0.0,6.0,1.0,1.0,49.0,12.0,20.0,5.0,9.0,0.0,0.0,9.0,0.0,2.0,52.0,7.0,22.0,5.0,6.0,0.0,6.0,0.0,0.0,0.0,53.0,4.0,19.0,3.0,6.0,0.0,0.0,6.0,0.0,6.0,6.0,52.0,3.0,13.0,2.0,6.0,0.0,0.0,6.0,48.0,3.0,10.0,0.0,9.0,0.0,0.0,9.0,0.0,0.0,44.0,1.0,5.0,2.0,9.0,0.0,0.0,9.0,0.0,0.0,41.0,3.0,8.0,3.0,6.0,0.0,6.0,0.0,0.0,0.0,0.0,3.0,0.0,1.0,0.0,1.0,0.0,3.0,0.0,3.0,0.0,8.0,0.0,3.0,0.0,0.0,1.0,0.0,0.0,4.0,0.0,0.0,0.0,0.0,0.0,0.0,0.0,0.0,0.0,1.0,0.0,1.0,0.0,2.0,3.0,1.0,2.0,3.0,0.0,2.0,2.0,5.0,1.0,0.0,2.0,3.0,3.0,0.0,0.0,0.0,30.0,1.0,6.0,9.0,8.0,8.0,9.0,37.0
CHEMBL314200,Ki,5800.0,29.0,1.0,5.0,3.0,0.0,0.0,2.0,36.0,2.0,9.0,4.0,0.0,0.0,0.0,0.0,3.0,0.0,0.0,0.0,33.0,3.0,12.0,3.0,0.0,0.0,0.0,0.0,0.0,3.0,33.0,3.0,11.0,3.0,0.0,0.0,0.0,0.0,0.0,3.0,35.0,2.0,10.0,2.0,0.0,0.0,0.0,0.0,0.0,0.0,27.0,3.0,13.0,4.0,0.0,0.0,0.0,0.0,0.0,0.0,0.0,23.0,3.0,14.0,4.0,0.0,0.0,0.0,0.0,23.0,2.0,13.0,5.0,0.0,0.0,0.0,0.0,0.0,0.0,28.0,1.0,10.0,5.0,0.0,0.0,0.0,0.0,0.0,0.0,29.0,0.0,6.0,4.0,0.0,0.0,0.0,1.0,0.0,0.0,1.0,4.0,1.0,2.0,1.0,2.0,0.0,1.0,0.0,0.0,0.0,8.0,0.0,5.0,1.0,0.0,4.0,0.0,0.0,1.0,0.0,0.0,0.0,0.0,0.0,0.0,0.0,0.0,0.0,2.0,2.0,1.0,0.0,2.0,1.0,0.0,2.0,0.0,0.0,1.0,2.0,5.0,0.0,2.0,2.0,0.0,0.0,0.0,0.0,1.0,23.0,1.0,4.0,9.0,11.0,11.0,12.0,26.0
CHEMBL445895,Ki,3000.0,29.0,1.0,1.0,5.0,0.0,0.0,2.0,36.0,2.0,3.0,6.0,0.0,0.0,0.0,0.0,3.0,0.0,0.0,0.0,33.0,2.0,5.0,6.0,0.0,0.0,0.0,0.0,0.0,3.0,29.0,3.0,8.0,6.0,0.0,0.0,0.0,0.0,0.0,2.0,31.0,1.0,4.0,5.0,0.0,0.0,0.0,0.0,0.0,0.0,28.0,2.0,6.0,4.0,0.0,0.0,0.0,0.0,0.0,0.0,0.0,25.0,3.0,5.0,5.0,0.0,0.0,0.0,0.0,23.0,3.0,7.0,7.0,0.0,0.0,0.0,0.0,0.0,0.0,23.0,2.0,8.0,7.0,0.0,0.0,0.0,0.0,0.0,0.0,24.0,1.0,7.0,6.0,0.0,0.0,0.0,0.0,0.0,0.0,0.0,6.0,0.0,3.0,1.0,0.0,0.0,1.0,0.0,0.0,0.0,7.0,0.0,4.0,0.0,0.0,2.0,0.0,0.0,2.0,1.0,0.0,0.0,0.0,0.0,0.0,0.0,1.0,0.0,1.0,0.0,1.0,0.0,0.0,1.0,0.0,0.0,0.0,0.0,1.0,2.0,3.0,0.0,0.0,4.0,0.0,0.0,0.0,0.0,1.0,23.0,1.0,4.0,7.0,11.0,11.0,12.0,25.0
CHEMBL377852,Ki,0.7079,25.0,3.0,4.0,0.0,0.0,1.0,0.0,32.0,6.0,5.0,0.0,0.0,2.0,0.0,2.0,0.0,0.0,0.0,0.0,32.0,4.0,9.0,0.0,0.0,2.0,0.0,2.0,0.0,0.0,31.0,4.0,8.0,0.0,0.0,2.0,0.0,2.0,1.0,0.0,36.0,2.0,6.0,0.0,0.0,1.0,1.0,2.0,1.0,1.0,37.0,1.0,7.0,0.0,0.0,4.0,0.0,4.0,0.0,0.0,0.0,29.0,2.0,10.0,0.0,0.0,4.0,0.0,4.0,24.0,2.0,6.0,0.0,0.0,4.0,0.0,4.0,0.0,0.0,20.0,1.0,4.0,0.0,0.0,4.0,0.0,4.0,2.0,0.0,15.0,0.0,4.0,0.0,0.0,1.0,1.0,0.0,2.0,2.0,0.0,1.0,0.0,0.0,0.0,1.0,1.0,0.0,1.0,0.0,1.0,3.0,0.0,0.0,0.0,0.0,0.0,0.0,0.0,0.0,0.0,0.0,0.0,0.0,0.0,0.0,0.0,0.0,0.0,0.0,0.0,0.0,0.0,0.0,0.0,0.0,2.0,0.0,0.0,0.0,0.0,3.0,2.0,1.0,0.0,0.0,2.0,0.0,0.0,1.0,23.0,1.0,2.0,7.0,4.0,4.0,4.0,24.0
CHEMBL183919,Ki,6700.0,27.0,0.0,4.0,0.0,0.0,2.0,0.0,34.0,0.0,5.0,0.0,0.0,4.0,0.0,4.0,0.0,0.0,0.0,0.0,32.0,0.0,8.0,0.0,0.0,6.0,0.0,6.0,0.0,0.0,29.0,0.0,6.0,0.0,0.0,2.0,0.0,2.0,0.0,0.0,29.0,0.0,6.0,0.0,0.0,2.0,2.0,0.0,0.0,0.0,31.0,0.0,7.0,0.0,0.0,4.0,0.0,4.0,0.0,0.0,0.0,31.0,0.0,6.0,0.0,0.0,8.0,0.0,8.0,28.0,0.0,5.0,0.0,0.0,4.0,0.0,4.0,0.0,0.0,23.0,0.0,4.0,0.0,0.0,2.0,0.0,2.0,0.0,0.0,18.0,0.0,5.0,0.0,0.0,2.0,2.0,0.0,0.0,0.0,0.0,2.0,0.0,0.0,0.0,1.0,1.0,1.0,0.0,0.0,1.0,8.0,0.0,2.0,0.0,2.0,0.0,0.0,0.0,1.0,0.0,0.0,0.0,0.0,0.0,0.0,0.0,0.0,0.0,0.0,0.0,0.0,0.0,1.0,0.0,0.0,2.0,0.0,0.0,0.0,0.0,3.0,1.0,1.0,1.0,0.0,1.0,0.0,0.0,0.0,18.0,0.0,5.0,4.0,9.0,9.0,8.0,23.0
CHEMBL3127163,Ki,0.45,17.0,5.0,2.0,2.0,3.0,3.0,0.0,23.0,9.0,2.0,1.0,3.0,0.0,0.0,3.0,0.0,3.0,3.0,3.0,20.0,10.0,2.0,2.0,6.0,0.0,0.0,6.0,2.0,0.0,16.0,14.0,2.0,3.0,6.0,0.0,0.0,6.0,0.0,0.0,22.0,8.0,0.0,3.0,3.0,0.0,3.0,2.0,3.0,0.0,20.0,5.0,2.0,4.0,6.0,0.0,0.0,6.0,2.0,0.0,0.0,18.0,2.0,6.0,2.0,3.0,0.0,0.0,3.0,11.0,1.0,6.0,1.0,12.0,0.0,0.0,12.0,0.0,0.0,5.0,0.0,8.0,0.0,9.0,0.0,0.0,9.0,0.0,0.0,1.0,0.0,4.0,0.0,3.0,0.0,3.0,0.0,0.0,6.0,0.0,0.0,0.0,0.0,0.0,0.0,1.0,0.0,1.0,3.0,1.0,2.0,0.0,0.0,0.0,0.0,0.0,0.0,0.0,0.0,0.0,0.0,0.0,0.0,0.0,0.0,0.0,0.0,0.0,0.0,0.0,0.0,0.0,0.0,0.0,0.0,1.0,3.0,0.0,0.0,0.0,2.0,0.0,0.0,0.0,3.0,0.0,0.0,2.0,4.0,20.0,4.0,2.0,9.0,1.0,1.0,2.0,19.0
CHEMBL92539,Ki,17.0,38.0,7.0,2.0,1.0,0.0,0.0,2.0,53.0,6.0,3.0,3.0,0.0,0.0,0.0,0.0,5.0,0.0,0.0,0.0,52.0,12.0,12.0,3.0,0.0,0.0,0.0,0.0,0.0,1.0,46.0,13.0,14.0,5.0,0.0,0.0,0.0,0.0,2.0,2.0,51.0,10.0,19.0,3.0,0.0,0.0,0.0,0.0,0.0,0.0,51.0,9.0,14.0,2.0,0.0,0.0,0.0,0.0,0.0,0.0,0.0,46.0,8.0,10.0,3.0,0.0,0.0,0.0,0.0,39.0,6.0,10.0,2.0,0.0,0.0,0.0,0.0,0.0,0.0,38.0,2.0,7.0,3.0,0.0,0.0,0.0,0.0,0.0,0.0,41.0,4.0,9.0,3.0,0.0,0.0,0.0,0.0,0.0,0.0,0.0,5.0,0.0,2.0,0.0,1.0,0.0,3.0,0.0,0.0,0.0,8.0,0.0,2.0,0.0,0.0,0.0,0.0,0.0,3.0,0.0,0.0,0.0,0.0,0.0,0.0,0.0,0.0,0.0,0.0,0.0,1.0,2.0,0.0,6.0,4.0,0.0,0.0,0.0,3.0,2.0,4.0,0.0,0.0,3.0,0.0,3.0,0.0,0.0,0.0,30.0,1.0,6.0,10.0,11.0,11.0,9.0,36.0
CHEMBL3752435,Ki,149.0,18.0,5.0,6.0,4.0,0.0,0.0,0.0,27.0,5.0,5.0,2.0,0.0,0.0,0.0,0.0,2.0,0.0,0.0,0.0,22.0,2.0,11.0,4.0,0.0,0.0,0.0,0.0,2.0,0.0,20.0,3.0,9.0,4.0,0.0,0.0,0.0,0.0,0.0,0.0,25.0,1.0,4.0,2.0,0.0,0.0,0.0,1.0,0.0,0.0,18.0,7.0,11.0,3.0,0.0,0.0,0.0,0.0,0.0,0.0,0.0,18.0,5.0,7.0,3.0,0.0,0.0,0.0,0.0,18.0,2.0,9.0,2.0,0.0,0.0,0.0,0.0,0.0,0.0,12.0,4.0,10.0,4.0,0.0,0.0,0.0,0.0,0.0,0.0,13.0,1.0,8.0,3.0,0.0,0.0,0.0,4.0,0.0,0.0,2.0,8.0,1.0,3.0,0.0,3.0,2.0,0.0,0.0,0.0,2.0,19.0,4.0,15.0,8.0,2.0,19.0,13.0,8.0,0.0,15.0,13.0,14.0,10.0,3.0,3.0,2.0,0.0,3.0,0.0,4.0,3.0,6.0,3.0,3.0,3.0,4.0,0.0,0.0,1.0,0.0,5.0,0.0,3.0,5.0,0.0,0.0,0.0,1.0,2.0,5.0,4.0,2.0,15.0,21.0,21.0,11.0,12.0
CHEMBL3753853,Ki,120.0,14.0,5.0,6.0,4.0,0.0,0.0,0.0,21.0,5.0,5.0,2.0,0.0,0.0,0.0,0.0,2.0,0.0,0.0,0.0,18.0,2.0,11.0,4.0,0.0,0.0,0.0,0.0,2.0,0.0,16.0,3.0,8.0,4.0,0.0,0.0,0.0,0.0,0.0,0.0,17.0,1.0,4.0,2.0,0.0,0.0,0.0,1.0,0.0,0.0,12.0,7.0,9.0,3.0,0.0,0.0,0.0,0.0,0.0,0.0,0.0,15.0,4.0,7.0,3.0,0.0,0.0,0.0,0.0,14.0,2.0,8.0,2.0,0.0,0.0,0.0,0.0,0.0,0.0,9.0,2.0,9.0,4.0,0.0,0.0,0.0,0.0,0.0,0.0,9.0,1.0,6.0,2.0,0.0,0.0,0.0,4.0,0.0,0.0,2.0,6.0,1.0,3.0,1.0,3.0,2.0,0.0,0.0,0.0,2.0,16.0,0.0,11.0,4.0,2.0,11.0,6.0,2.0,0.0,8.0,5.0,4.0,1.0,0.0,1.0,1.0,0.0,1.0,0.0,4.0,3.0,6.0,3.0,3.0,3.0,4.0,0.0,0.0,1.0,0.0,5.0,0.0,3.0,3.0,0.0,0.0,0.0,1.0,2.0,5.0,4.0,2.0,15.0,17.0,17.0,11.0,11.0
CHEMBL3753622,Ki,802.0,21.0,5.0,6.0,4.0,0.0,0.0,0.0,29.0,5.0,5.0,2.0,0.0,0.0,0.0,0.0,2.0,0.0,0.0,0.0,26.0,2.0,11.0,4.0,0.0,0.0,0.0,0.0,2.0,0.0,22.0,3.0,9.0,4.0,0.0,0.0,0.0,0.0,0.0,0.0,25.0,1.0,4.0,2.0,0.0,0.0,0.0,1.0,0.0,0.0,23.0,7.0,10.0,3.0,0.0,0.0,0.0,0.0,0.0,0.0,0.0,24.0,5.0,9.0,3.0,0.0,0.0,0.0,0.0,21.0,2.0,10.0,2.0,0.0,0.0,0.0,0.0,0.0,0.0,14.0,3.0,10.0,4.0,0.0,0.0,0.0,0.0,0.0,0.0,14.0,3.0,7.0,3.0,0.0,0.0,0.0,4.0,0.0,0.0,2.0,8.0,1.0,3.0,0.0,0.0,2.0,0.0,0.0,0.0,2.0,15.0,4.0,11.0,4.0,2.0,12.0,10.0,8.0,1.0,11.0,7.0,2.0,0.0,0.0,0.0,1.0,0.0,3.0,0.0,4.0,3.0,6.0,3.0,3.0,3.0,4.0,0.0,0.0,1.0,0.0,5.0,0.0,0.0,5.0,0.0,0.0,0.0,1.0,2.0,11.0,4.0,2.0,15.0,18.0,18.0,11.0,17.0
CHEMBL3753221,Ki,220.0,16.0,5.0,6.0,4.0,0.0,0.0,0.0,22.0,5.0,5.0,2.0,0.0,0.0,0.0,0.0,2.0,0.0,0.0,0.0,20.0,2.0,11.0,4.0,0.0,0.0,0.0,0.0,2.0,0.0,18.0,3.0,9.0,4.0,0.0,0.0,0.0,0.0,0.0,0.0,19.0,1.0,4.0,2.0,0.0,0.0,0.0,1.0,0.0,0.0,14.0,7.0,9.0,3.0,0.0,0.0,0.0,0.0,0.0,0.0,0.0,16.0,5.0,7.0,3.0,0.0,0.0,0.0,0.0,16.0,2.0,9.0,2.0,0.0,0.0,0.0,0.0,0.0,0.0,10.0,2.0,10.0,4.0,0.0,0.0,0.0,0.0,0.0,0.0,9.0,1.0,6.0,3.0,0.0,0.0,0.0,4.0,0.0,0.0,2.0,9.0,1.0,4.0,1.0,1.0,2.0,0.0,0.0,0.0,2.0,17.0,4.0,13.0,4.0,2.0,14.0,10.0,8.0,0.0,13.0,11.0,8.0,4.0,1.0,1.0,2.0,0.0,3.0,0.0,4.0,3.0,6.0,3.0,3.0,3.0,4.0,0.0,0.0,1.0,0.0,5.0,0.0,1.0,6.0,0.0,0.0,0.0,1.0,2.0,5.0,4.0,2.0,15.0,19.0,19.0,11.0,11.0
CHEMBL3751951,Ki,1080.0,16.0,5.0,6.0,4.0,1.0,1.0,0.0,22.0,5.0,5.0,2.0,1.0,0.0,0.0,1.0,2.0,0.0,0.0,0.0,20.0,2.0,11.0,4.0,1.0,0.0,0.0,1.0,2.0,0.0,18.0,3.0,9.0,4.0,1.0,0.0,0.0,1.0,0.0,0.0,19.0,1.0,4.0,2.0,1.0,0.0,1.0,1.0,0.0,0.0,14.0,7.0,9.0,3.0,3.0,0.0,0.0,3.0,0.0,0.0,0.0,16.0,5.0,7.0,3.0,2.0,0.0,0.0,2.0,16.0,2.0,9.0,2.0,1.0,0.0,0.0,1.0,0.0,0.0,10.0,2.0,10.0,4.0,1.0,0.0,0.0,1.0,0.0,0.0,9.0,1.0,6.0,3.0,1.0,0.0,1.0,4.0,0.0,0.0,2.0,10.0,1.0,5.0,2.0,0.0,2.0,0.0,0.0,1.0,2.0,17.0,4.0,13.0,4.0,2.0,14.0,10.0,8.0,0.0,13.0,11.0,8.0,4.0,1.0,1.0,2.0,0.0,3.0,0.0,4.0,3.0,6.0,3.0,3.0,3.0,4.0,1.0,0.0,1.0,0.0,5.0,0.0,0.0,6.0,1.0,0.0,0.0,1.0,2.0,5.0,4.0,2.0,15.0,20.0,20.0,12.0,11.0
CHEMBL5074870,Ki,3500.0,22.0,6.0,1.0,1.0,0.0,3.0,2.0,27.0,9.0,2.0,3.0,0.0,6.0,0.0,6.0,4.0,0.0,0.0,0.0,23.0,12.0,7.0,2.0,0.0,7.0,0.0,7.0,0.0,1.0,17.0,15.0,6.0,2.0,0.0,3.0,0.0,3.0,2.0,2.0,20.0,10.0,7.0,1.0,0.0,2.0,2.0,0.0,1.0,0.0,21.0,9.0,6.0,1.0,0.0,3.0,0.0,3.0,0.0,0.0,2.0,21.0,5.0,5.0,2.0,0.0,5.0,0.0,5.0,15.0,5.0,7.0,2.0,0.0,5.0,0.0,5.0,0.0,1.0,13.0,4.0,5.0,3.0,0.0,4.0,0.0,4.0,0.0,0.0,14.0,6.0,8.0,1.0,0.0,4.0,4.0,0.0,0.0,0.0,0.0,5.0,0.0,2.0,1.0,0.0,1.0,0.0,1.0,0.0,1.0,8.0,0.0,4.0,0.0,2.0,2.0,0.0,0.0,0.0,1.0,0.0,0.0,0.0,0.0,0.0,0.0,0.0,0.0,0.0,0.0,1.0,0.0,0.0,2.0,0.0,1.0,0.0,0.0,2.0,2.0,3.0,0.0,0.0,3.0,0.0,0.0,0.0,1.0,2.0,17.0,2.0,6.0,8.0,11.0,11.0,7.0,21.0
