Molecule ChEMBL ID,Activity,APC2D1_C_C,APC2D1_C_N,APC2D1_C_O,APC2D1_C_S,APC2D2_C_C,APC2D2_C_N,APC2D2_C_O,APC2D2_C_S,APC2D2_N_N,APC2D3_C_C,APC2D3_C_N,APC2D3_C_O,APC2D3_C_X,APC2D3_N_N,APC2D3_N_S,APC2D4_C_C,APC2D4_C_N,APC2D4_C_O,APC2D4_C_S,APC2D4_C_Cl,APC2D4_C_X,APC2D4_N_N,APC2D5_C_C,APC2D5_C_N,APC2D5_C_O,APC2D5_C_S,APC2D5_C_Cl,APC2D5_C_X,APC2D5_N_N,APC2D5_N_O,APC2D6_C_C,APC2D6_C_N,APC2D6_C_O,APC2D6_C_S,APC2D6_C_F,APC2D6_C_Cl,APC2D6_C_X,APC2D7_C_C,APC2D7_C_N,APC2D7_C_O,APC2D7_C_S,APC2D7_C_F,APC2D7_C_Cl,APC2D7_C_X,APC2D8_C_C,APC2D8_C_N,APC2D8_C_O,APC2D8_C_F,APC2D8_C_Br,APC2D8_C_X,APC2D8_N_N,APC2D9_C_C,APC2D9_C_N,APC2D9_C_O,APC2D9_C_S,APC2D9_N_N,APC2D10_C_C,APC2D10_C_N,APC2D10_C_O,APC2D10_C_S,KRFPC1,KRFPC297,KRFPC298,KRFPC341,KRFPC383,KRFPC467,KRFPC669,KRFPC677,KRFPC758,KRFPC2975,KRFPC3058,KRFPC3150,KRFPC3224,KRFPC3369,KRFPC3396,KRFPC3402,KRFPC3540,KRFPC3593,KRFPC3640,KRFPC3659,KRFPC3660,KRFPC3661,KRFPC3662,KRFPC3682,KRFPC3692,KRFPC3706,KRFPC3712,KRFPC3717,KRFPC3719,KRFPC3722,KRFPC3726,KRFPC3729,KRFPC3733,KRFPC3735,KRFPC3740,KRFPC3742,KRFPC3750,KRFPC3773,KRFPC3781,KRFPC3782,KRFPC3882,KRFPC3926,KRFPC4264,Smiles
CHEMBL3715626,Inactive,14.0,8.0,2.0,0.0,16.0,11.0,3.0,0.0,1.0,12.0,12.0,5.0,0.0,1.0,0.0,15.0,6.0,6.0,0.0,0.0,0.0,1.0,14.0,4.0,5.0,0.0,0.0,0.0,1.0,2.0,14.0,6.0,3.0,0.0,0.0,0.0,0.0,7.0,7.0,3.0,0.0,0.0,0.0,0.0,6.0,3.0,2.0,0.0,0.0,0.0,1.0,5.0,1.0,1.0,0.0,0.0,2.0,2.0,0.0,0.0,2.0,4.0,2.0,1.0,1.0,2.0,0.0,2.0,1.0,8.0,1.0,0.0,6.0,1.0,0.0,1.0,0.0,0.0,3.0,0.0,0.0,1.0,1.0,0.0,1.0,0.0,0.0,0.0,0.0,0.0,0.0,0.0,1.0,0.0,3.0,1.0,4.0,4.0,2.0,1.0,4.0,2.0,0.0,O=C(NC1CCNC1)c1ccc(O)c2[nH]c(C3CC3)nc12
CHEMBL3719268,Inactive,14.0,8.0,0.0,2.0,19.0,11.0,0.0,3.0,1.0,17.0,11.0,0.0,0.0,1.0,1.0,19.0,7.0,0.0,2.0,0.0,0.0,2.0,17.0,8.0,0.0,1.0,0.0,0.0,0.0,0.0,11.0,10.0,0.0,2.0,0.0,0.0,0.0,9.0,5.0,0.0,2.0,0.0,0.0,0.0,7.0,1.0,0.0,0.0,0.0,0.0,0.0,5.0,1.0,0.0,1.0,0.0,2.0,2.0,0.0,0.0,1.0,4.0,2.0,2.0,0.0,0.0,0.0,0.0,0.0,5.0,0.0,0.0,4.0,0.0,0.0,1.0,0.0,0.0,3.0,0.0,0.0,1.0,0.0,0.0,2.0,1.0,0.0,0.0,0.0,0.0,0.0,1.0,3.0,0.0,3.0,0.0,4.0,2.0,0.0,1.0,3.0,1.0,0.0,NC1CCCN(c2ccnc3[nH]c(-c4cccs4)cc23)C1
CHEMBL3719067,Active,16.0,13.0,2.0,2.0,22.0,15.0,3.0,3.0,2.0,18.0,14.0,4.0,0.0,2.0,2.0,17.0,14.0,5.0,4.0,0.0,0.0,1.0,22.0,4.0,3.0,1.0,0.0,0.0,4.0,3.0,15.0,15.0,4.0,3.0,0.0,0.0,0.0,17.0,13.0,2.0,0.0,0.0,0.0,0.0,12.0,11.0,2.0,0.0,0.0,0.0,2.0,14.0,5.0,2.0,2.0,1.0,12.0,4.0,3.0,1.0,2.0,7.0,4.0,3.0,1.0,2.0,0.0,2.0,1.0,10.0,0.0,0.0,7.0,0.0,0.0,1.0,0.0,0.0,5.0,0.0,0.0,1.0,1.0,0.0,3.0,1.0,0.0,0.0,0.0,0.0,0.0,1.0,4.0,1.0,5.0,1.0,6.0,6.0,2.0,2.0,6.0,3.0,0.0,O=C(NC1CCCNC1)c1ccnc2nc(-c3ccc(N4CCC(O)C4)s3)[nH]c12
CHEMBL3718575,Active,22.0,9.0,1.0,0.0,32.0,10.0,1.0,0.0,2.0,21.0,16.0,3.0,0.0,1.0,0.0,16.0,17.0,3.0,0.0,0.0,0.0,1.0,20.0,8.0,3.0,0.0,0.0,0.0,2.0,2.0,21.0,9.0,3.0,0.0,0.0,0.0,0.0,22.0,7.0,3.0,0.0,0.0,0.0,0.0,15.0,10.0,4.0,0.0,0.0,0.0,0.0,13.0,7.0,1.0,0.0,0.0,13.0,5.0,0.0,0.0,5.0,10.0,12.0,3.0,0.0,1.0,0.0,1.0,1.0,16.0,4.0,2.0,16.0,4.0,2.0,0.0,0.0,3.0,21.0,10.0,8.0,0.0,0.0,0.0,24.0,20.0,12.0,0.0,3.0,0.0,4.0,4.0,4.0,2.0,4.0,2.0,2.0,1.0,1.0,0.0,3.0,1.0,0.0,NCC1CCC(CNC(=O)c2ccnc3nc(C4CC5CCC4C5)[nH]c23)CC1
CHEMBL3715412,Active,15.0,9.0,1.0,2.0,19.0,12.0,1.0,3.0,2.0,15.0,14.0,3.0,0.0,1.0,2.0,12.0,13.0,4.0,2.0,0.0,0.0,1.0,17.0,3.0,3.0,1.0,0.0,0.0,3.0,2.0,15.0,8.0,2.0,3.0,0.0,0.0,0.0,15.0,8.0,1.0,0.0,0.0,0.0,0.0,7.0,9.0,2.0,0.0,0.0,0.0,0.0,7.0,4.0,0.0,2.0,1.0,7.0,1.0,0.0,2.0,2.0,4.0,4.0,2.0,0.0,0.0,0.0,1.0,0.0,7.0,0.0,1.0,6.0,0.0,0.0,2.0,0.0,0.0,6.0,0.0,0.0,4.0,2.0,0.0,6.0,6.0,1.0,0.0,0.0,0.0,1.0,4.0,4.0,2.0,4.0,2.0,4.0,2.0,2.0,0.0,3.0,1.0,2.0,NC1CCC(NC(=O)c2ccnc3nc(-c4cccs4)[nH]c23)CC1
CHEMBL3719157,Inactive,15.0,8.0,1.0,2.0,20.0,10.0,1.0,3.0,1.0,15.0,13.0,3.0,0.0,0.0,1.0,16.0,6.0,3.0,2.0,0.0,0.0,3.0,16.0,6.0,4.0,1.0,0.0,0.0,0.0,0.0,15.0,7.0,1.0,2.0,0.0,0.0,0.0,13.0,9.0,1.0,1.0,0.0,0.0,0.0,9.0,3.0,1.0,0.0,0.0,0.0,2.0,6.0,3.0,2.0,2.0,0.0,6.0,1.0,0.0,1.0,1.0,4.0,2.0,2.0,1.0,2.0,0.0,2.0,1.0,6.0,1.0,0.0,5.0,1.0,2.0,0.0,0.0,0.0,5.0,1.0,0.0,0.0,0.0,0.0,3.0,2.0,0.0,0.0,0.0,0.0,0.0,3.0,3.0,0.0,5.0,0.0,3.0,2.0,0.0,1.0,3.0,1.0,0.0,O=C(Nc1ccnc2[nH]c(-c3cccs3)cc12)C1CCCNC1
CHEMBL3716516,Inactive,15.0,10.0,2.0,2.0,20.0,11.0,3.0,3.0,2.0,15.0,14.0,4.0,0.0,1.0,0.0,14.0,10.0,7.0,0.0,0.0,0.0,2.0,13.0,9.0,4.0,2.0,0.0,0.0,2.0,3.0,17.0,6.0,5.0,1.0,0.0,0.0,0.0,14.0,9.0,2.0,3.0,0.0,0.0,0.0,14.0,8.0,2.0,0.0,0.0,0.0,1.0,7.0,6.0,3.0,1.0,2.0,7.0,3.0,2.0,1.0,1.0,5.0,3.0,2.0,1.0,3.0,0.0,2.0,2.0,8.0,1.0,0.0,5.0,1.0,2.0,0.0,0.0,0.0,5.0,1.0,0.0,0.0,0.0,0.0,3.0,2.0,0.0,0.0,0.0,0.0,0.0,3.0,3.0,1.0,5.0,2.0,3.0,3.0,1.0,1.0,4.0,2.0,0.0,O=C(c1nc2nccc(C(=O)NCC3CCCNC3)c2[nH]1)c1cccs1
CHEMBL3714837,Active,18.0,8.0,2.0,0.0,23.0,11.0,3.0,0.0,1.0,19.0,13.0,5.0,0.0,1.0,0.0,16.0,11.0,6.0,0.0,0.0,0.0,1.0,19.0,6.0,5.0,0.0,0.0,0.0,1.0,2.0,21.0,6.0,4.0,0.0,0.0,0.0,0.0,17.0,7.0,5.0,0.0,0.0,0.0,0.0,11.0,6.0,5.0,0.0,0.0,0.0,1.0,9.0,3.0,2.0,0.0,0.0,8.0,2.0,1.0,0.0,1.0,4.0,2.0,2.0,1.0,2.0,0.0,2.0,1.0,6.0,0.0,0.0,4.0,0.0,0.0,1.0,0.0,0.0,3.0,0.0,0.0,1.0,1.0,0.0,2.0,1.0,0.0,0.0,0.0,0.0,0.0,1.0,3.0,1.0,3.0,1.0,4.0,4.0,2.0,1.0,4.0,2.0,0.0,O=C(NC1CCCNC1)c1ccc(O)c2[nH]c(-c3ccccc3)nc12
CHEMBL3716979,Inactive,16.0,8.0,2.0,2.0,20.0,11.0,3.0,3.0,1.0,17.0,11.0,5.0,0.0,1.0,2.0,13.0,12.0,5.0,2.0,0.0,0.0,1.0,16.0,5.0,5.0,2.0,0.0,0.0,1.0,2.0,16.0,5.0,4.0,3.0,0.0,0.0,0.0,16.0,5.0,5.0,0.0,0.0,0.0,0.0,10.0,7.0,3.0,0.0,0.0,0.0,1.0,10.0,4.0,1.0,1.0,0.0,7.0,2.0,2.0,1.0,1.0,5.0,2.0,3.0,1.0,2.0,0.0,2.0,1.0,7.0,0.0,0.0,5.0,0.0,0.0,1.0,0.0,0.0,4.0,0.0,0.0,1.0,0.0,0.0,3.0,2.0,1.0,0.0,0.0,0.0,1.0,2.0,3.0,1.0,3.0,1.0,4.0,4.0,1.0,2.0,4.0,2.0,0.0,O=C(NCC1CCCCN1)c1ccc(O)c2[nH]c(-c3cccs3)nc12
CHEMBL3717110,Inactive,20.0,8.0,2.0,0.0,28.0,11.0,3.0,0.0,1.0,19.0,13.0,5.0,0.0,1.0,0.0,16.0,13.0,6.0,0.0,0.0,0.0,1.0,21.0,6.0,5.0,0.0,0.0,0.0,1.0,2.0,23.0,6.0,4.0,0.0,0.0,0.0,0.0,20.0,7.0,6.0,0.0,0.0,0.0,0.0,11.0,7.0,6.0,0.0,0.0,0.0,1.0,10.0,3.0,2.0,0.0,0.0,10.0,2.0,1.0,0.0,4.0,8.0,8.0,3.0,1.0,2.0,0.0,2.0,1.0,13.0,2.0,1.0,12.0,2.0,0.0,1.0,0.0,1.0,14.0,6.0,6.0,1.0,1.0,0.0,16.0,11.0,5.0,0.0,1.0,0.0,0.0,1.0,3.0,1.0,3.0,1.0,4.0,4.0,2.0,1.0,4.0,2.0,0.0,O=C(NC1CCCNC1)c1ccc(O)c2[nH]c(C3CC4CCC3C4)nc12
CHEMBL4440222,Active,23.0,3.0,2.0,0.0,32.0,5.0,3.0,0.0,0.0,34.0,6.0,6.0,2.0,0.0,0.0,30.0,6.0,8.0,0.0,3.0,3.0,0.0,28.0,4.0,7.0,0.0,3.0,3.0,0.0,1.0,23.0,3.0,6.0,0.0,0.0,4.0,4.0,17.0,3.0,4.0,0.0,0.0,3.0,3.0,11.0,4.0,3.0,0.0,0.0,1.0,0.0,7.0,4.0,1.0,0.0,1.0,4.0,3.0,1.0,0.0,1.0,0.0,0.0,0.0,0.0,0.0,1.0,0.0,0.0,3.0,0.0,0.0,1.0,0.0,0.0,0.0,1.0,0.0,0.0,0.0,0.0,0.0,0.0,1.0,0.0,0.0,0.0,0.0,0.0,0.0,0.0,0.0,0.0,0.0,0.0,0.0,1.0,0.0,0.0,0.0,1.0,0.0,0.0,CC(N)c1ccc(-c2c(O)cc(Cl)c3[nH]c(=O)c4ccccc4c23)cc1
CHEMBL3672295,Active,22.0,3.0,2.0,2.0,32.0,4.0,3.0,3.0,0.0,34.0,6.0,5.0,0.0,0.0,1.0,31.0,6.0,9.0,2.0,0.0,0.0,0.0,27.0,4.0,7.0,3.0,0.0,0.0,0.0,1.0,21.0,3.0,5.0,4.0,0.0,0.0,0.0,16.0,2.0,3.0,2.0,0.0,0.0,0.0,12.0,3.0,4.0,0.0,0.0,0.0,0.0,9.0,5.0,1.0,1.0,0.0,6.0,3.0,1.0,2.0,1.0,1.0,1.0,0.0,0.0,0.0,2.0,0.0,0.0,5.0,0.0,0.0,2.0,0.0,0.0,0.0,2.0,0.0,1.0,0.0,0.0,0.0,0.0,2.0,0.0,0.0,0.0,0.0,0.0,0.0,0.0,0.0,0.0,0.0,1.0,0.0,1.0,0.0,0.0,0.0,1.0,0.0,0.0,Cc1cc(O)c(-c2ccc(C(C)CN)cc2)c2c1[nH]c(=O)c1sccc12
CHEMBL3717234,Inactive,14.0,10.0,1.0,2.0,19.0,11.0,1.0,3.0,2.0,14.0,14.0,3.0,1.0,1.0,2.0,12.0,12.0,3.0,2.0,0.0,1.0,2.0,15.0,5.0,3.0,1.0,0.0,0.0,2.0,2.0,14.0,7.0,2.0,3.0,0.0,0.0,2.0,15.0,7.0,2.0,0.0,0.0,0.0,1.0,8.0,9.0,2.0,0.0,3.0,3.0,1.0,8.0,4.0,0.0,1.0,2.0,6.0,3.0,0.0,2.0,1.0,5.0,3.0,2.0,1.0,3.0,0.0,2.0,2.0,7.0,1.0,0.0,5.0,1.0,2.0,0.0,0.0,0.0,5.0,1.0,0.0,0.0,0.0,0.0,3.0,2.0,0.0,0.0,0.0,0.0,0.0,3.0,3.0,1.0,5.0,2.0,3.0,3.0,1.0,1.0,4.0,2.0,0.0,O=C(NCC1CCCNC1)c1ccnc2nc(-c3cc(Br)cs3)[nH]c12
CHEMBL3718776,Inactive,16.0,13.0,2.0,2.0,22.0,16.0,3.0,3.0,2.0,20.0,13.0,4.0,0.0,2.0,3.0,17.0,14.0,5.0,4.0,0.0,0.0,1.0,20.0,4.0,4.0,3.0,0.0,0.0,4.0,3.0,15.0,15.0,3.0,3.0,0.0,0.0,0.0,17.0,13.0,2.0,0.0,0.0,0.0,0.0,12.0,11.0,2.0,0.0,0.0,0.0,2.0,14.0,5.0,2.0,2.0,1.0,12.0,4.0,3.0,1.0,2.0,7.0,4.0,3.0,1.0,2.0,0.0,2.0,1.0,10.0,0.0,0.0,7.0,0.0,0.0,1.0,0.0,0.0,5.0,0.0,0.0,1.0,1.0,0.0,3.0,1.0,0.0,0.0,0.0,0.0,0.0,1.0,4.0,1.0,5.0,1.0,6.0,6.0,2.0,2.0,6.0,3.0,0.0,O=C(NC1CCCNC1)c1ccnc2nc(-c3cc(N4CCC(O)C4)cs3)[nH]c12
CHEMBL3716309,Inactive,14.0,10.0,2.0,2.0,18.0,12.0,3.0,3.0,2.0,15.0,12.0,4.0,0.0,2.0,0.0,13.0,11.0,8.0,0.0,0.0,0.0,1.0,14.0,8.0,3.0,2.0,0.0,0.0,2.0,4.0,16.0,8.0,5.0,1.0,0.0,0.0,0.0,12.0,10.0,1.0,3.0,0.0,0.0,0.0,12.0,5.0,2.0,0.0,0.0,0.0,2.0,5.0,5.0,4.0,1.0,0.0,6.0,1.0,1.0,2.0,1.0,4.0,2.0,2.0,1.0,2.0,0.0,2.0,1.0,7.0,0.0,0.0,4.0,0.0,0.0,1.0,0.0,0.0,3.0,0.0,0.0,1.0,1.0,0.0,2.0,1.0,0.0,0.0,0.0,0.0,0.0,1.0,3.0,1.0,3.0,1.0,4.0,4.0,2.0,1.0,4.0,2.0,0.0,O=C(c1nc2nccc(C(=O)NC3CCCNC3)c2[nH]1)c1cccs1
CHEMBL4537262,Active,22.0,3.0,2.0,2.0,32.0,4.0,3.0,3.0,0.0,34.0,6.0,5.0,0.0,0.0,1.0,31.0,6.0,9.0,2.0,0.0,0.0,0.0,27.0,4.0,7.0,3.0,0.0,0.0,0.0,1.0,21.0,3.0,5.0,4.0,0.0,0.0,0.0,16.0,2.0,3.0,2.0,0.0,0.0,0.0,12.0,3.0,4.0,0.0,0.0,0.0,0.0,9.0,5.0,1.0,1.0,0.0,6.0,3.0,1.0,2.0,1.0,1.0,1.0,0.0,0.0,0.0,2.0,0.0,0.0,5.0,0.0,0.0,2.0,0.0,0.0,0.0,2.0,0.0,1.0,0.0,0.0,0.0,0.0,2.0,0.0,0.0,0.0,0.0,0.0,0.0,0.0,0.0,0.0,0.0,1.0,0.0,1.0,0.0,0.0,0.0,1.0,0.0,0.0,Cc1cc(O)c(-c2ccc(C(C)CN)cc2)c2c1[nH]c(=O)c1sccc12.Cl
CHEMBL4527920,Active,24.0,3.0,2.0,0.0,34.0,5.0,3.0,0.0,0.0,36.0,7.0,6.0,0.0,0.0,0.0,33.0,6.0,9.0,0.0,0.0,0.0,0.0,31.0,4.0,8.0,0.0,0.0,0.0,0.0,1.0,27.0,3.0,6.0,0.0,0.0,0.0,0.0,20.0,3.0,4.0,0.0,0.0,0.0,0.0,12.0,4.0,3.0,0.0,0.0,0.0,0.0,8.0,4.0,1.0,0.0,1.0,5.0,4.0,1.0,0.0,1.0,0.0,0.0,0.0,0.0,0.0,2.0,0.0,0.0,4.0,0.0,0.0,1.0,0.0,0.0,0.0,2.0,0.0,0.0,0.0,0.0,0.0,0.0,1.0,0.0,0.0,0.0,0.0,0.0,0.0,0.0,0.0,0.0,0.0,0.0,0.0,1.0,0.0,0.0,0.0,1.0,0.0,0.0,Cc1cc(O)c(-c2ccc(C(C)N)cc2)c2c1[nH]c(=O)c1ccccc12
CHEMBL4473141,Active,24.0,3.0,2.0,0.0,34.0,5.0,3.0,0.0,0.0,36.0,7.0,6.0,3.0,0.0,0.0,33.0,6.0,9.0,0.0,0.0,2.0,0.0,31.0,4.0,8.0,0.0,0.0,2.0,0.0,1.0,27.0,3.0,6.0,0.0,3.0,0.0,3.0,20.0,3.0,4.0,0.0,4.0,0.0,4.0,12.0,4.0,3.0,2.0,0.0,2.0,0.0,8.0,4.0,1.0,0.0,1.0,5.0,4.0,1.0,0.0,1.0,0.0,0.0,0.0,0.0,0.0,2.0,0.0,0.0,4.0,0.0,0.0,1.0,0.0,0.0,0.0,2.0,0.0,0.0,0.0,0.0,0.0,0.0,1.0,0.0,0.0,0.0,0.0,0.0,0.0,0.0,0.0,0.0,0.0,0.0,0.0,1.0,0.0,0.0,0.0,1.0,0.0,0.0,Cc1cc(O)c(-c2ccc(C(C)N)cc2)c2c1[nH]c(=O)c1c(F)cccc12
CHEMBL4467180,Inactive,25.0,3.0,2.0,0.0,36.0,5.0,3.0,0.0,0.0,38.0,7.0,6.0,0.0,0.0,0.0,35.0,6.0,9.0,0.0,0.0,0.0,0.0,32.0,5.0,9.0,0.0,0.0,0.0,0.0,1.0,29.0,3.0,6.0,0.0,0.0,0.0,0.0,23.0,3.0,4.0,0.0,0.0,0.0,0.0,16.0,4.0,4.0,0.0,0.0,0.0,0.0,10.0,4.0,1.0,0.0,1.0,6.0,4.0,1.0,0.0,1.0,0.0,0.0,0.0,0.0,0.0,3.0,0.0,0.0,5.0,0.0,0.0,1.0,0.0,0.0,0.0,3.0,0.0,0.0,0.0,0.0,0.0,0.0,1.0,0.0,0.0,0.0,0.0,0.0,0.0,0.0,0.0,0.0,0.0,0.0,0.0,1.0,0.0,0.0,0.0,1.0,0.0,0.0,Cc1ccc2c(c1)c(=O)[nH]c1c(C)cc(O)c(-c3ccc(C(C)N)cc3)c12
CHEMBL4573944,Inactive,25.0,5.0,2.0,0.0,39.0,5.0,3.0,0.0,0.0,42.0,7.0,6.0,0.0,0.0,0.0,39.0,6.0,9.0,0.0,0.0,0.0,0.0,36.0,5.0,9.0,0.0,0.0,0.0,0.0,1.0,31.0,3.0,6.0,0.0,0.0,0.0,0.0,25.0,3.0,4.0,0.0,0.0,0.0,0.0,20.0,4.0,4.0,0.0,0.0,0.0,0.0,16.0,4.0,3.0,0.0,1.0,12.0,6.0,1.0,0.0,1.0,0.0,0.0,0.0,0.0,0.0,5.0,0.0,0.0,7.0,0.0,0.0,1.0,0.0,0.0,0.0,3.0,0.0,0.0,0.0,0.0,0.0,0.0,1.0,0.0,0.0,0.0,0.0,0.0,0.0,0.0,0.0,0.0,0.0,0.0,0.0,1.0,2.0,0.0,0.0,3.0,3.0,0.0,Cc1ccc2c(c1)c(=O)[nH]c1c(C)cc(O)c(-c3ccc(C(C)N(C)C)cc3)c12
CHEMBL3715755,Inactive,17.0,6.0,3.0,2.0,21.0,9.0,5.0,3.0,1.0,17.0,11.0,7.0,0.0,0.0,2.0,14.0,10.0,7.0,2.0,0.0,0.0,1.0,18.0,3.0,6.0,2.0,0.0,0.0,1.0,2.0,18.0,4.0,4.0,3.0,0.0,0.0,0.0,17.0,5.0,5.0,0.0,0.0,0.0,0.0,9.0,5.0,6.0,0.0,0.0,0.0,0.0,8.0,1.0,4.0,2.0,0.0,7.0,0.0,3.0,2.0,2.0,4.0,4.0,2.0,0.0,0.0,0.0,1.0,0.0,7.0,0.0,1.0,6.0,0.0,0.0,1.0,0.0,0.0,6.0,0.0,0.0,2.0,2.0,0.0,6.0,6.0,1.0,0.0,0.0,0.0,1.0,2.0,2.0,2.0,2.0,2.0,2.0,2.0,2.0,0.0,2.0,1.0,1.0,O=C(NC1CCC(O)CC1)c1ccc(O)c2[nH]c(-c3cccs3)nc12
CHEMBL3718662,Active,15.0,8.0,2.0,2.0,19.0,11.0,3.0,3.0,1.0,16.0,11.0,5.0,0.0,1.0,2.0,13.0,11.0,6.0,2.0,0.0,0.0,1.0,17.0,4.0,5.0,2.0,0.0,0.0,1.0,2.0,16.0,6.0,3.0,3.0,0.0,0.0,0.0,15.0,6.0,4.0,0.0,0.0,0.0,0.0,7.0,6.0,4.0,0.0,0.0,0.0,1.0,7.0,2.0,1.0,2.0,0.0,6.0,1.0,1.0,1.0,1.0,4.0,2.0,2.0,1.0,2.0,0.0,2.0,1.0,6.0,0.0,0.0,4.0,0.0,0.0,1.0,0.0,0.0,3.0,0.0,0.0,1.0,1.0,0.0,2.0,1.0,0.0,0.0,0.0,0.0,0.0,1.0,3.0,1.0,3.0,1.0,4.0,4.0,2.0,1.0,4.0,2.0,0.0,O=C(NC1CCCNC1)c1ccc(O)c2[nH]c(-c3cccs3)nc12
CHEMBL3717226,Active,16.0,8.0,2.0,2.0,21.0,10.0,3.0,3.0,1.0,16.0,13.0,5.0,0.0,0.0,2.0,14.0,10.0,5.0,2.0,0.0,0.0,2.0,16.0,5.0,6.0,2.0,0.0,0.0,1.0,1.0,17.0,4.0,3.0,3.0,0.0,0.0,0.0,16.0,6.0,5.0,0.0,0.0,0.0,0.0,10.0,7.0,3.0,0.0,0.0,0.0,1.0,9.0,4.0,2.0,1.0,1.0,7.0,2.0,1.0,2.0,1.0,5.0,3.0,2.0,1.0,3.0,0.0,2.0,2.0,7.0,1.0,0.0,5.0,1.0,2.0,0.0,0.0,0.0,5.0,1.0,0.0,0.0,0.0,0.0,3.0,2.0,0.0,0.0,0.0,0.0,0.0,3.0,3.0,1.0,5.0,2.0,3.0,3.0,1.0,1.0,4.0,2.0,0.0,O=C(NCC1CCCNC1)c1ccc(O)c2[nH]c(-c3cccs3)nc12
CHEMBL3718881,Active,16.0,8.0,2.0,2.0,20.0,11.0,3.0,3.0,1.0,17.0,11.0,5.0,0.0,1.0,0.0,15.0,9.0,6.0,0.0,0.0,0.0,1.0,15.0,8.0,5.0,2.0,0.0,0.0,1.0,2.0,18.0,6.0,3.0,2.0,0.0,0.0,0.0,16.0,6.0,3.0,3.0,0.0,0.0,0.0,13.0,5.0,5.0,0.0,0.0,0.0,1.0,6.0,4.0,3.0,1.0,0.0,6.0,1.0,1.0,2.0,1.0,5.0,2.0,2.0,1.0,2.0,0.0,2.0,1.0,7.0,0.0,0.0,4.0,0.0,0.0,1.0,0.0,0.0,3.0,0.0,0.0,1.0,1.0,0.0,2.0,1.0,0.0,0.0,0.0,0.0,0.0,1.0,3.0,1.0,3.0,1.0,4.0,4.0,2.0,1.0,4.0,2.0,0.0,O=C(NC1CCCNC1)c1ccc(O)c2[nH]c(Cc3cccs3)nc12
CHEMBL3717174,Active,17.0,9.0,1.0,2.0,23.0,10.0,1.0,3.0,2.0,18.0,14.0,3.0,0.0,1.0,2.0,13.0,15.0,3.0,2.0,0.0,0.0,1.0,17.0,5.0,3.0,1.0,0.0,0.0,2.0,2.0,15.0,8.0,3.0,3.0,0.0,0.0,0.0,18.0,5.0,2.0,0.0,0.0,0.0,0.0,11.0,9.0,3.0,0.0,0.0,0.0,0.0,11.0,6.0,0.0,1.0,0.0,9.0,5.0,0.0,2.0,2.0,6.0,6.0,2.0,0.0,1.0,0.0,1.0,1.0,9.0,2.0,1.0,8.0,2.0,2.0,0.0,0.0,2.0,10.0,4.0,2.0,0.0,0.0,0.0,10.0,10.0,7.0,0.0,2.0,0.0,4.0,4.0,4.0,2.0,4.0,2.0,2.0,1.0,1.0,0.0,3.0,1.0,0.0,NCC1CCC(CNC(=O)c2ccnc3nc(-c4cccs4)[nH]c23)CC1
CHEMBL3715360,Active,15.0,15.0,1.0,2.0,21.0,17.0,1.0,3.0,2.0,20.0,14.0,3.0,0.0,3.0,2.0,17.0,15.0,4.0,4.0,0.0,0.0,1.0,22.0,5.0,2.0,1.0,0.0,0.0,4.0,3.0,15.0,17.0,2.0,3.0,0.0,0.0,0.0,17.0,14.0,1.0,0.0,0.0,0.0,0.0,12.0,11.0,2.0,0.0,0.0,0.0,4.0,14.0,7.0,0.0,2.0,1.0,12.0,5.0,2.0,1.0,1.0,8.0,2.0,4.0,3.0,4.0,0.0,3.0,1.0,10.0,0.0,0.0,6.0,0.0,0.0,1.0,0.0,0.0,3.0,0.0,0.0,1.0,1.0,0.0,2.0,1.0,0.0,0.0,0.0,0.0,0.0,1.0,3.0,1.0,3.0,1.0,8.0,8.0,2.0,3.0,8.0,4.0,0.0,O=C(NC1CCCNC1)c1ccnc2nc(-c3ccc(N4CCNCC4)s3)[nH]c12
CHEMBL3715121,Active,14.0,10.0,1.0,0.0,17.0,11.0,1.0,0.0,2.0,12.0,16.0,3.0,0.0,1.0,0.0,14.0,8.0,3.0,0.0,0.0,0.0,2.0,12.0,6.0,3.0,0.0,0.0,0.0,2.0,2.0,15.0,5.0,2.0,0.0,0.0,0.0,0.0,9.0,8.0,3.0,0.0,0.0,0.0,0.0,9.0,7.0,0.0,0.0,0.0,0.0,1.0,7.0,4.0,0.0,0.0,2.0,6.0,3.0,0.0,0.0,2.0,6.0,3.0,2.0,1.0,3.0,0.0,2.0,2.0,10.0,2.0,0.0,8.0,2.0,2.0,0.0,0.0,0.0,6.0,1.0,0.0,0.0,0.0,0.0,3.0,2.0,0.0,0.0,0.0,0.0,0.0,3.0,3.0,1.0,5.0,2.0,3.0,3.0,1.0,1.0,4.0,2.0,0.0,O=C(NCC1CCCNC1)c1ccnc2[nH]c(C3CC3)nc12
CHEMBL3715939,Inactive,9.0,10.0,1.0,0.0,13.0,10.0,1.0,0.0,2.0,10.0,10.0,3.0,0.0,2.0,0.0,8.0,8.0,4.0,0.0,0.0,0.0,1.0,8.0,3.0,2.0,0.0,0.0,0.0,2.0,3.0,8.0,6.0,1.0,0.0,0.0,0.0,0.0,6.0,7.0,0.0,0.0,0.0,0.0,0.0,3.0,4.0,0.0,0.0,0.0,0.0,2.0,1.0,2.0,0.0,0.0,0.0,0.0,0.0,0.0,0.0,1.0,4.0,2.0,2.0,1.0,2.0,0.0,2.0,1.0,6.0,0.0,0.0,4.0,0.0,0.0,1.0,0.0,0.0,3.0,0.0,0.0,1.0,1.0,0.0,2.0,1.0,0.0,0.0,0.0,0.0,0.0,1.0,3.0,1.0,3.0,1.0,4.0,4.0,2.0,1.0,4.0,2.0,0.0,O=C(NC1CCCNC1)c1ccnc2nc[nH]c12
CHEMBL3716396,Inactive,14.0,10.0,1.0,2.0,19.0,11.0,1.0,3.0,2.0,14.0,14.0,3.0,2.0,1.0,2.0,12.0,12.0,3.0,2.0,0.0,1.0,2.0,15.0,5.0,3.0,1.0,0.0,0.0,2.0,2.0,14.0,7.0,2.0,3.0,0.0,0.0,2.0,15.0,7.0,2.0,0.0,0.0,0.0,1.0,8.0,9.0,2.0,0.0,3.0,3.0,1.0,8.0,4.0,0.0,1.0,2.0,6.0,3.0,0.0,2.0,1.0,5.0,3.0,2.0,1.0,3.0,0.0,2.0,2.0,7.0,1.0,0.0,5.0,1.0,2.0,0.0,0.0,0.0,5.0,1.0,0.0,0.0,0.0,0.0,3.0,2.0,0.0,0.0,0.0,0.0,0.0,3.0,3.0,1.0,5.0,2.0,3.0,3.0,1.0,1.0,4.0,2.0,0.0,O=C(NCC1CCCNC1)c1ccnc2nc(-c3ccc(Br)s3)[nH]c12
CHEMBL3714835,Inactive,15.0,8.0,2.0,2.0,19.0,11.0,3.0,3.0,1.0,16.0,11.0,5.0,0.0,1.0,2.0,13.0,11.0,6.0,2.0,0.0,0.0,1.0,17.0,4.0,5.0,2.0,0.0,0.0,1.0,2.0,16.0,6.0,3.0,3.0,0.0,0.0,0.0,15.0,6.0,4.0,0.0,0.0,0.0,0.0,7.0,6.0,4.0,0.0,0.0,0.0,1.0,7.0,2.0,1.0,2.0,0.0,6.0,1.0,1.0,1.0,1.0,4.0,2.0,2.0,1.0,2.0,0.0,2.0,1.0,6.0,0.0,0.0,4.0,0.0,0.0,1.0,0.0,0.0,3.0,0.0,0.0,1.0,1.0,0.0,2.0,1.0,0.0,0.0,0.0,0.0,0.0,1.0,3.0,1.0,3.0,1.0,4.0,4.0,2.0,1.0,4.0,2.0,0.0,O=C(NC1CCCNC1)c1ccc(O)c2[nH]c(-c3cccs3)nc12
CHEMBL3717841,Active,15.0,8.0,2.0,2.0,19.0,11.0,3.0,3.0,1.0,16.0,11.0,5.0,0.0,1.0,2.0,13.0,11.0,6.0,2.0,0.0,0.0,1.0,17.0,4.0,5.0,2.0,0.0,0.0,1.0,2.0,16.0,6.0,3.0,3.0,0.0,0.0,0.0,15.0,6.0,4.0,0.0,0.0,0.0,0.0,7.0,6.0,4.0,0.0,0.0,0.0,1.0,7.0,2.0,1.0,2.0,0.0,6.0,1.0,1.0,1.0,1.0,4.0,2.0,2.0,1.0,2.0,0.0,2.0,1.0,6.0,0.0,0.0,4.0,0.0,0.0,1.0,0.0,0.0,3.0,0.0,0.0,1.0,1.0,0.0,2.0,1.0,0.0,0.0,0.0,0.0,0.0,1.0,3.0,1.0,3.0,1.0,4.0,4.0,2.0,1.0,4.0,2.0,0.0,O=C(NC1CCCNC1)c1ccc(O)c2[nH]c(-c3cccs3)nc12
CHEMBL3719145,Inactive,15.0,8.0,2.0,2.0,19.0,11.0,3.0,3.0,1.0,16.0,12.0,5.0,0.0,0.0,2.0,14.0,9.0,6.0,2.0,0.0,0.0,2.0,17.0,4.0,6.0,2.0,0.0,0.0,1.0,1.0,17.0,5.0,2.0,3.0,0.0,0.0,0.0,15.0,7.0,4.0,0.0,0.0,0.0,0.0,7.0,6.0,4.0,0.0,0.0,0.0,1.0,6.0,2.0,2.0,2.0,1.0,6.0,1.0,0.0,2.0,1.0,4.0,2.0,2.0,2.0,2.0,0.0,2.0,0.0,6.0,0.0,0.0,4.0,0.0,0.0,1.0,0.0,0.0,3.0,0.0,0.0,2.0,2.0,0.0,2.0,1.0,0.0,0.0,0.0,0.0,0.0,1.0,2.0,0.0,4.0,2.0,4.0,4.0,2.0,1.0,4.0,2.0,0.0,O=C(NC1CCNCC1)c1ccc(O)c2[nH]c(-c3cccs3)nc12
CHEMBL3716966,Inactive,14.0,8.0,2.0,2.0,18.0,11.0,3.0,3.0,1.0,14.0,10.0,5.0,0.0,1.0,2.0,13.0,10.0,6.0,2.0,0.0,0.0,1.0,16.0,4.0,5.0,2.0,0.0,0.0,1.0,2.0,15.0,6.0,2.0,3.0,0.0,0.0,0.0,13.0,6.0,4.0,0.0,0.0,0.0,0.0,5.0,5.0,4.0,0.0,0.0,0.0,1.0,5.0,1.0,1.0,2.0,0.0,5.0,1.0,0.0,1.0,1.0,3.0,2.0,1.0,1.0,2.0,0.0,2.0,1.0,5.0,0.0,0.0,3.0,0.0,0.0,1.0,0.0,0.0,2.0,0.0,0.0,1.0,1.0,0.0,1.0,0.0,0.0,0.0,0.0,0.0,0.0,0.0,1.0,0.0,3.0,1.0,4.0,4.0,2.0,1.0,4.0,2.0,0.0,O=C(NC1CCNC1)c1ccc(O)c2[nH]c(-c3cccs3)nc12
CHEMBL3719302,Inactive,15.0,13.0,3.0,2.0,20.0,16.0,3.0,3.0,2.0,22.0,13.0,3.0,0.0,2.0,3.0,18.0,14.0,8.0,4.0,0.0,0.0,1.0,20.0,4.0,8.0,3.0,0.0,0.0,4.0,3.0,15.0,15.0,4.0,3.0,0.0,0.0,0.0,17.0,13.0,3.0,0.0,0.0,0.0,0.0,12.0,11.0,2.0,0.0,0.0,0.0,2.0,14.0,5.0,4.0,2.0,1.0,12.0,4.0,4.0,1.0,1.0,8.0,2.0,4.0,1.0,2.0,0.0,2.0,1.0,10.0,0.0,0.0,6.0,0.0,0.0,1.0,0.0,0.0,3.0,0.0,0.0,1.0,1.0,0.0,2.0,1.0,0.0,0.0,0.0,0.0,0.0,1.0,3.0,1.0,3.0,1.0,6.0,6.0,2.0,2.0,6.0,3.0,0.0,O=C(NC1CCCNC1)c1ccnc2nc(-c3cc(N(CCO)CCO)cs3)[nH]c12
CHEMBL3717281,Active,17.0,7.0,2.0,2.0,21.0,11.0,3.0,3.0,1.0,17.0,13.0,5.0,0.0,0.0,2.0,14.0,11.0,6.0,2.0,0.0,0.0,1.0,18.0,3.0,6.0,2.0,0.0,0.0,2.0,1.0,18.0,5.0,3.0,3.0,0.0,0.0,0.0,17.0,6.0,4.0,0.0,0.0,0.0,0.0,9.0,7.0,4.0,0.0,0.0,0.0,0.0,8.0,3.0,2.0,2.0,1.0,7.0,2.0,1.0,2.0,2.0,4.0,4.0,2.0,0.0,0.0,0.0,1.0,0.0,7.0,0.0,1.0,6.0,0.0,0.0,2.0,0.0,0.0,6.0,0.0,0.0,4.0,2.0,0.0,6.0,6.0,1.0,0.0,0.0,0.0,1.0,4.0,4.0,2.0,4.0,2.0,4.0,2.0,2.0,0.0,3.0,1.0,2.0,NC1CCC(NC(=O)c2ccc(O)c3[nH]c(-c4cccs4)nc23)CC1
CHEMBL3719148,Inactive,15.0,10.0,2.0,2.0,20.0,11.0,3.0,3.0,2.0,15.0,14.0,4.0,0.0,1.0,0.0,14.0,10.0,7.0,0.0,0.0,0.0,2.0,13.0,9.0,4.0,2.0,0.0,0.0,2.0,3.0,17.0,6.0,5.0,1.0,0.0,0.0,0.0,14.0,9.0,2.0,3.0,0.0,0.0,0.0,14.0,8.0,2.0,0.0,0.0,0.0,1.0,7.0,6.0,3.0,1.0,2.0,7.0,3.0,2.0,1.0,1.0,5.0,3.0,2.0,1.0,3.0,0.0,2.0,2.0,8.0,1.0,0.0,5.0,1.0,2.0,0.0,0.0,0.0,5.0,1.0,0.0,0.0,0.0,0.0,3.0,2.0,0.0,0.0,0.0,0.0,0.0,3.0,3.0,1.0,5.0,2.0,3.0,3.0,1.0,1.0,4.0,2.0,0.0,O=C(c1nc2nccc(C(=O)NCC3CCCNC3)c2[nH]1)c1cccs1
CHEMBL4455728,Active,27.0,5.0,2.0,0.0,41.0,4.0,3.0,0.0,0.0,42.0,8.0,6.0,0.0,0.0,0.0,43.0,6.0,9.0,0.0,0.0,0.0,0.0,37.0,5.0,8.0,0.0,0.0,0.0,0.0,1.0,33.0,3.0,6.0,0.0,0.0,0.0,0.0,26.0,2.0,4.0,0.0,0.0,0.0,0.0,20.0,3.0,5.0,0.0,0.0,0.0,0.0,18.0,6.0,1.0,0.0,0.0,19.0,3.0,3.0,0.0,0.0,2.0,0.0,0.0,0.0,0.0,3.0,0.0,0.0,8.0,2.0,0.0,4.0,2.0,1.0,0.0,2.0,0.0,3.0,0.0,0.0,0.0,0.0,3.0,1.0,0.0,0.0,0.0,0.0,0.0,0.0,0.0,1.0,0.0,2.0,0.0,1.0,2.0,0.0,0.0,3.0,3.0,0.0,Cc1cc(O)c(-c2ccc(C3(CN(C)C)CC3)cc2)c2c1[nH]c(=O)c1ccccc12
CHEMBL3715032,Active,16.0,9.0,1.0,2.0,21.0,11.0,1.0,3.0,2.0,16.0,14.0,3.0,0.0,1.0,2.0,12.0,14.0,3.0,2.0,0.0,0.0,1.0,16.0,5.0,3.0,1.0,0.0,0.0,2.0,2.0,15.0,6.0,3.0,3.0,0.0,0.0,0.0,17.0,6.0,2.0,0.0,0.0,0.0,0.0,10.0,9.0,2.0,0.0,0.0,0.0,0.0,9.0,7.0,0.0,1.0,0.0,7.0,4.0,0.0,2.0,2.0,5.0,5.0,2.0,0.0,1.0,0.0,1.0,1.0,8.0,1.0,1.0,7.0,1.0,1.0,1.0,0.0,1.0,8.0,2.0,1.0,2.0,0.0,0.0,8.0,8.0,3.0,0.0,1.0,0.0,2.0,6.0,4.0,2.0,4.0,2.0,3.0,1.0,1.0,0.0,3.0,1.0,1.0,NC1CCC(CNC(=O)c2ccnc3nc(-c4cccs4)[nH]c23)CC1
CHEMBL4534499,Active,24.0,5.0,2.0,0.0,37.0,4.0,3.0,0.0,0.0,38.0,6.0,6.0,2.0,0.0,0.0,36.0,6.0,8.0,0.0,3.0,3.0,0.0,33.0,5.0,7.0,0.0,3.0,3.0,0.0,1.0,28.0,3.0,6.0,0.0,0.0,4.0,4.0,21.0,2.0,4.0,0.0,0.0,3.0,3.0,16.0,3.0,4.0,0.0,0.0,1.0,0.0,14.0,5.0,1.0,0.0,0.0,13.0,3.0,3.0,0.0,1.0,1.0,1.0,0.0,0.0,0.0,3.0,0.0,0.0,6.0,0.0,0.0,2.0,0.0,0.0,0.0,1.0,0.0,1.0,0.0,0.0,0.0,0.0,2.0,0.0,0.0,0.0,0.0,0.0,0.0,0.0,0.0,0.0,0.0,1.0,0.0,1.0,2.0,0.0,0.0,3.0,3.0,0.0,CC(CN(C)C)c1ccc(-c2c(O)cc(Cl)c3[nH]c(=O)c4ccccc4c23)cc1
CHEMBL3716635,Active,15.0,9.0,1.0,0.0,17.0,12.0,1.0,0.0,2.0,13.0,16.0,3.0,0.0,1.0,0.0,14.0,9.0,4.0,0.0,0.0,0.0,1.0,14.0,4.0,3.0,0.0,0.0,0.0,3.0,2.0,16.0,6.0,2.0,0.0,0.0,0.0,0.0,9.0,9.0,2.0,0.0,0.0,0.0,0.0,8.0,7.0,0.0,0.0,0.0,0.0,0.0,7.0,4.0,0.0,0.0,1.0,5.0,1.0,0.0,0.0,3.0,5.0,4.0,2.0,0.0,0.0,0.0,1.0,0.0,10.0,1.0,1.0,9.0,1.0,0.0,2.0,0.0,0.0,7.0,0.0,0.0,4.0,2.0,0.0,6.0,6.0,1.0,0.0,0.0,0.0,1.0,4.0,4.0,2.0,4.0,2.0,4.0,2.0,2.0,0.0,3.0,1.0,2.0,NC1CCC(NC(=O)c2ccnc3[nH]c(C4CC4)nc23)CC1
CHEMBL4555026,Inactive,24.0,5.0,3.0,0.0,37.0,4.0,5.0,0.0,0.0,38.0,6.0,9.0,2.0,0.0,0.0,36.0,6.0,10.0,0.0,3.0,3.0,0.0,33.0,5.0,9.0,0.0,3.0,3.0,0.0,1.0,28.0,3.0,9.0,0.0,0.0,4.0,4.0,21.0,2.0,7.0,0.0,0.0,3.0,3.0,16.0,3.0,6.0,0.0,0.0,1.0,0.0,14.0,5.0,2.0,0.0,0.0,13.0,3.0,4.0,0.0,1.0,1.0,1.0,0.0,0.0,0.0,3.0,0.0,0.0,6.0,0.0,0.0,2.0,0.0,0.0,0.0,1.0,0.0,1.0,0.0,0.0,0.0,0.0,2.0,0.0,0.0,0.0,0.0,0.0,0.0,0.0,0.0,0.0,0.0,1.0,0.0,1.0,2.0,0.0,0.0,3.0,3.0,0.0,CC(CN(C)C)c1ccc(-c2c(O)cc(Cl)c3[nH]c(=O)c4c(O)cccc4c23)cc1
CHEMBL4455498,Active,25.0,5.0,2.0,0.0,39.0,5.0,3.0,0.0,0.0,42.0,7.0,6.0,0.0,0.0,0.0,39.0,6.0,9.0,0.0,0.0,0.0,0.0,38.0,4.0,8.0,0.0,0.0,0.0,0.0,1.0,32.0,4.0,7.0,0.0,0.0,0.0,0.0,26.0,3.0,5.0,0.0,0.0,0.0,0.0,18.0,4.0,3.0,0.0,0.0,0.0,0.0,15.0,4.0,3.0,0.0,1.0,12.0,6.0,1.0,0.0,1.0,0.0,0.0,0.0,0.0,0.0,5.0,0.0,0.0,7.0,0.0,0.0,1.0,0.0,0.0,0.0,2.0,0.0,0.0,0.0,0.0,0.0,0.0,1.0,0.0,0.0,0.0,0.0,0.0,0.0,0.0,0.0,0.0,0.0,0.0,0.0,1.0,2.0,0.0,0.0,3.0,3.0,0.0,Cc1ccc2c(=O)[nH]c3c(C)cc(O)c(-c4ccc(C(C)N(C)C)cc4)c3c2c1
CHEMBL4452595,Active,26.0,3.0,2.0,0.0,38.0,4.0,3.0,0.0,0.0,40.0,7.0,6.0,0.0,0.0,0.0,37.0,6.0,9.0,0.0,0.0,0.0,0.0,35.0,5.0,8.0,0.0,0.0,0.0,0.0,1.0,31.0,4.0,7.0,0.0,0.0,0.0,0.0,26.0,2.0,5.0,0.0,0.0,0.0,0.0,17.0,3.0,4.0,0.0,0.0,0.0,0.0,12.0,5.0,1.0,0.0,0.0,10.0,3.0,1.0,0.0,1.0,1.0,1.0,0.0,0.0,0.0,3.0,0.0,0.0,6.0,0.0,0.0,2.0,0.0,0.0,0.0,2.0,0.0,1.0,0.0,0.0,0.0,0.0,2.0,0.0,0.0,0.0,0.0,0.0,0.0,0.0,0.0,0.0,0.0,1.0,0.0,1.0,0.0,0.0,0.0,1.0,0.0,0.0,Cc1ccc2c(=O)[nH]c3c(C)cc(O)c(-c4ccc(C(C)CN)cc4)c3c2c1
CHEMBL3719153,Inactive,14.0,8.0,2.0,2.0,18.0,9.0,3.0,3.0,1.0,13.0,12.0,5.0,0.0,0.0,2.0,13.0,9.0,5.0,2.0,0.0,0.0,2.0,15.0,4.0,6.0,2.0,0.0,0.0,1.0,1.0,15.0,4.0,2.0,3.0,0.0,0.0,0.0,13.0,6.0,4.0,0.0,0.0,0.0,0.0,6.0,6.0,3.0,0.0,0.0,0.0,1.0,5.0,2.0,2.0,1.0,1.0,4.0,1.0,0.0,2.0,1.0,3.0,2.0,0.0,0.0,2.0,0.0,2.0,1.0,5.0,1.0,0.0,3.0,1.0,2.0,0.0,0.0,0.0,3.0,0.0,0.0,0.0,0.0,0.0,0.0,0.0,0.0,0.0,0.0,0.0,0.0,0.0,0.0,0.0,5.0,2.0,3.0,2.0,1.0,0.0,4.0,2.0,0.0,O=C(NCC1CNC1)c1ccc(O)c2[nH]c(-c3cccs3)nc12
CHEMBL3715228,Inactive,15.0,8.0,2.0,0.0,17.0,11.0,3.0,0.0,1.0,14.0,14.0,5.0,0.0,0.0,0.0,16.0,5.0,6.0,0.0,0.0,0.0,2.0,15.0,4.0,6.0,0.0,0.0,0.0,1.0,1.0,16.0,5.0,3.0,0.0,0.0,0.0,0.0,9.0,8.0,3.0,0.0,0.0,0.0,0.0,8.0,4.0,2.0,0.0,0.0,0.0,1.0,6.0,2.0,2.0,0.0,1.0,4.0,1.0,0.0,0.0,2.0,5.0,2.0,2.0,2.0,2.0,0.0,2.0,0.0,9.0,1.0,0.0,7.0,1.0,0.0,1.0,0.0,0.0,4.0,0.0,0.0,2.0,2.0,0.0,2.0,1.0,0.0,0.0,0.0,0.0,0.0,1.0,2.0,0.0,4.0,2.0,4.0,4.0,2.0,1.0,4.0,2.0,0.0,O=C(NC1CCNCC1)c1ccc(O)c2[nH]c(C3CC3)nc12
CHEMBL3714883,Active,15.0,8.0,2.0,0.0,17.0,11.0,3.0,0.0,1.0,14.0,13.0,5.0,0.0,1.0,0.0,15.0,7.0,6.0,0.0,0.0,0.0,1.0,15.0,4.0,5.0,0.0,0.0,0.0,1.0,2.0,15.0,6.0,4.0,0.0,0.0,0.0,0.0,9.0,7.0,3.0,0.0,0.0,0.0,0.0,8.0,4.0,2.0,0.0,0.0,0.0,1.0,7.0,2.0,1.0,0.0,0.0,3.0,2.0,1.0,0.0,2.0,5.0,2.0,2.0,1.0,2.0,0.0,2.0,1.0,9.0,1.0,0.0,7.0,1.0,0.0,1.0,0.0,0.0,4.0,0.0,0.0,1.0,1.0,0.0,2.0,1.0,0.0,0.0,0.0,0.0,0.0,1.0,3.0,1.0,3.0,1.0,4.0,4.0,2.0,1.0,4.0,2.0,0.0,O=C(NC1CCCNC1)c1ccc(O)c2[nH]c(C3CC3)nc12
CHEMBL3718223,Inactive,14.0,8.0,2.0,0.0,16.0,9.0,3.0,0.0,1.0,11.0,14.0,5.0,0.0,0.0,0.0,15.0,5.0,5.0,0.0,0.0,0.0,2.0,13.0,4.0,6.0,0.0,0.0,0.0,1.0,1.0,14.0,4.0,3.0,0.0,0.0,0.0,0.0,7.0,7.0,3.0,0.0,0.0,0.0,0.0,7.0,4.0,1.0,0.0,0.0,0.0,1.0,4.0,2.0,2.0,0.0,1.0,4.0,1.0,0.0,0.0,2.0,4.0,2.0,0.0,0.0,2.0,0.0,2.0,1.0,8.0,2.0,0.0,6.0,2.0,2.0,0.0,0.0,0.0,4.0,0.0,0.0,0.0,0.0,0.0,0.0,0.0,0.0,0.0,0.0,0.0,0.0,0.0,0.0,0.0,5.0,2.0,3.0,2.0,1.0,0.0,4.0,2.0,0.0,O=C(NCC1CNC1)c1ccc(O)c2[nH]c(C3CC3)nc12
CHEMBL3716964,Active,17.0,8.0,2.0,0.0,22.0,11.0,3.0,0.0,1.0,16.0,13.0,5.0,0.0,1.0,0.0,15.0,11.0,6.0,0.0,0.0,0.0,1.0,19.0,4.0,5.0,0.0,0.0,0.0,1.0,2.0,19.0,6.0,4.0,0.0,0.0,0.0,0.0,15.0,7.0,5.0,0.0,0.0,0.0,0.0,8.0,6.0,4.0,0.0,0.0,0.0,1.0,9.0,2.0,1.0,0.0,0.0,7.0,2.0,1.0,0.0,2.0,8.0,4.0,5.0,1.0,2.0,0.0,2.0,1.0,11.0,0.0,0.0,9.0,0.0,0.0,1.0,0.0,0.0,8.0,0.0,0.0,1.0,1.0,0.0,7.0,2.0,0.0,0.0,0.0,0.0,0.0,1.0,3.0,1.0,3.0,1.0,4.0,4.0,2.0,1.0,4.0,2.0,0.0,O=C(NC1CCCNC1)c1ccc(O)c2[nH]c(C3CCCC3)nc12
CHEMBL3714949,Inactive,19.0,8.0,2.0,0.0,25.0,10.0,3.0,0.0,1.0,19.0,15.0,5.0,0.0,0.0,0.0,17.0,10.0,5.0,0.0,0.0,0.0,2.0,18.0,7.0,6.0,0.0,0.0,0.0,1.0,1.0,22.0,4.0,4.0,0.0,0.0,0.0,0.0,18.0,7.0,6.0,0.0,0.0,0.0,0.0,14.0,7.0,4.0,0.0,0.0,0.0,1.0,10.0,5.0,3.0,0.0,1.0,10.0,2.0,1.0,0.0,1.0,5.0,3.0,2.0,1.0,3.0,0.0,2.0,2.0,7.0,1.0,0.0,5.0,1.0,2.0,0.0,0.0,0.0,5.0,1.0,0.0,0.0,0.0,0.0,3.0,2.0,0.0,0.0,0.0,0.0,0.0,3.0,3.0,1.0,5.0,2.0,3.0,3.0,1.0,1.0,4.0,2.0,0.0,O=C(NCC1CCCNC1)c1ccc(O)c2[nH]c(-c3ccccc3)nc12
CHEMBL3718701,Inactive,13.0,9.0,2.0,2.0,18.0,11.0,3.0,3.0,1.0,17.0,9.0,6.0,0.0,1.0,2.0,14.0,10.0,6.0,2.0,0.0,0.0,1.0,17.0,5.0,4.0,2.0,0.0,0.0,1.0,2.0,15.0,7.0,2.0,3.0,0.0,0.0,0.0,12.0,5.0,5.0,0.0,0.0,0.0,0.0,4.0,4.0,4.0,0.0,0.0,0.0,1.0,6.0,1.0,0.0,2.0,0.0,4.0,1.0,0.0,0.0,0.0,4.0,0.0,2.0,2.0,2.0,0.0,1.0,0.0,5.0,0.0,0.0,2.0,0.0,0.0,0.0,0.0,0.0,0.0,0.0,0.0,0.0,0.0,0.0,0.0,0.0,0.0,0.0,0.0,0.0,0.0,0.0,0.0,0.0,0.0,0.0,4.0,6.0,2.0,2.0,5.0,4.0,0.0,O=C(c1ccc(O)c2[nH]c(-c3cccs3)nc12)N1CCNCC1
CHEMBL3715171,Inactive,15.0,8.0,2.0,2.0,20.0,10.0,3.0,3.0,1.0,14.0,12.0,5.0,0.0,0.0,2.0,13.0,10.0,5.0,2.0,0.0,0.0,2.0,16.0,4.0,6.0,2.0,0.0,0.0,1.0,1.0,16.0,4.0,3.0,3.0,0.0,0.0,0.0,15.0,6.0,4.0,0.0,0.0,0.0,0.0,8.0,7.0,3.0,0.0,0.0,0.0,1.0,7.0,3.0,2.0,1.0,1.0,5.0,1.0,1.0,2.0,1.0,4.0,3.0,1.0,1.0,3.0,0.0,2.0,2.0,6.0,1.0,0.0,4.0,1.0,2.0,0.0,0.0,0.0,4.0,1.0,0.0,0.0,0.0,0.0,2.0,0.0,0.0,0.0,0.0,0.0,0.0,0.0,3.0,1.0,5.0,2.0,3.0,3.0,1.0,1.0,4.0,2.0,0.0,O=C(NCC1CCNC1)c1ccc(O)c2[nH]c(-c3cccs3)nc12
CHEMBL3718151,Inactive,21.0,8.0,2.0,0.0,30.0,10.0,3.0,0.0,1.0,19.0,15.0,5.0,0.0,0.0,0.0,17.0,12.0,5.0,0.0,0.0,0.0,2.0,20.0,7.0,6.0,0.0,0.0,0.0,1.0,1.0,24.0,4.0,4.0,0.0,0.0,0.0,0.0,21.0,7.0,7.0,0.0,0.0,0.0,0.0,14.0,8.0,5.0,0.0,0.0,0.0,1.0,11.0,5.0,3.0,0.0,1.0,11.0,2.0,1.0,0.0,4.0,9.0,9.0,3.0,1.0,3.0,0.0,2.0,2.0,14.0,3.0,1.0,13.0,3.0,2.0,0.0,0.0,1.0,16.0,7.0,6.0,0.0,0.0,0.0,17.0,12.0,5.0,0.0,1.0,0.0,0.0,3.0,3.0,1.0,5.0,2.0,3.0,3.0,1.0,1.0,4.0,2.0,0.0,O=C(NCC1CCCNC1)c1ccc(O)c2[nH]c(C3CC4CCC3C4)nc12
CHEMBL3716900,Inactive,10.0,8.0,0.0,0.0,14.0,10.0,0.0,0.0,1.0,12.0,10.0,0.0,0.0,1.0,0.0,14.0,4.0,0.0,0.0,0.0,0.0,2.0,10.0,6.0,0.0,0.0,0.0,0.0,0.0,0.0,5.0,7.0,0.0,0.0,0.0,0.0,0.0,1.0,3.0,0.0,0.0,0.0,0.0,0.0,0.0,0.0,0.0,0.0,0.0,0.0,0.0,0.0,0.0,0.0,0.0,0.0,0.0,0.0,0.0,0.0,1.0,4.0,2.0,2.0,0.0,0.0,0.0,0.0,0.0,5.0,0.0,0.0,4.0,0.0,0.0,1.0,0.0,0.0,3.0,0.0,0.0,1.0,0.0,0.0,2.0,1.0,0.0,0.0,0.0,0.0,0.0,1.0,3.0,0.0,3.0,0.0,4.0,2.0,0.0,1.0,3.0,1.0,0.0,NC1CCCN(c2ccnc3[nH]ccc23)C1
CHEMBL3715494,Active,14.0,10.0,1.0,0.0,16.0,12.0,1.0,0.0,2.0,14.0,12.0,3.0,0.0,2.0,0.0,11.0,13.0,4.0,0.0,0.0,0.0,1.0,16.0,4.0,2.0,0.0,0.0,0.0,2.0,3.0,13.0,9.0,2.0,0.0,0.0,0.0,0.0,13.0,8.0,1.0,0.0,0.0,0.0,0.0,6.0,6.0,2.0,0.0,0.0,0.0,2.0,6.0,3.0,0.0,0.0,0.0,6.0,1.0,0.0,0.0,2.0,6.0,3.0,2.0,1.0,2.0,0.0,2.0,1.0,10.0,2.0,0.0,8.0,2.0,0.0,1.0,0.0,0.0,6.0,0.0,0.0,1.0,1.0,0.0,3.0,1.0,0.0,0.0,0.0,0.0,0.0,1.0,3.0,1.0,3.0,1.0,4.0,4.0,2.0,1.0,4.0,2.0,0.0,O=C(NC1CCCNC1)c1ccnc2nc(CC3CC3)[nH]c12
CHEMBL3717191,Inactive,13.0,10.0,1.0,2.0,17.0,12.0,1.0,3.0,2.0,14.0,12.0,3.0,1.0,2.0,2.0,11.0,13.0,4.0,2.0,0.0,1.0,1.0,16.0,4.0,2.0,1.0,0.0,0.0,2.0,3.0,13.0,9.0,2.0,3.0,0.0,0.0,2.0,13.0,8.0,1.0,0.0,0.0,0.0,1.0,6.0,6.0,2.0,0.0,3.0,3.0,2.0,6.0,3.0,0.0,2.0,0.0,6.0,1.0,0.0,1.0,1.0,4.0,2.0,2.0,1.0,2.0,0.0,2.0,1.0,6.0,0.0,0.0,4.0,0.0,0.0,1.0,0.0,0.0,3.0,0.0,0.0,1.0,1.0,0.0,2.0,1.0,0.0,0.0,0.0,0.0,0.0,1.0,3.0,1.0,3.0,1.0,4.0,4.0,2.0,1.0,4.0,2.0,0.0,O=C(NC1CCCNC1)c1ccnc2nc(-c3cc(Br)cs3)[nH]c12
CHEMBL3717823,Inactive,10.0,10.0,1.0,0.0,15.0,9.0,1.0,0.0,2.0,10.0,12.0,3.0,0.0,1.0,0.0,9.0,7.0,3.0,0.0,0.0,0.0,2.0,7.0,4.0,3.0,0.0,0.0,0.0,2.0,2.0,9.0,4.0,1.0,0.0,0.0,0.0,0.0,8.0,6.0,1.0,0.0,0.0,0.0,0.0,6.0,7.0,0.0,0.0,0.0,0.0,1.0,3.0,4.0,0.0,0.0,2.0,1.0,2.0,0.0,0.0,1.0,5.0,3.0,2.0,1.0,3.0,0.0,2.0,2.0,7.0,1.0,0.0,5.0,1.0,2.0,0.0,0.0,0.0,5.0,1.0,0.0,0.0,0.0,0.0,3.0,2.0,0.0,0.0,0.0,0.0,0.0,3.0,3.0,1.0,5.0,2.0,3.0,3.0,1.0,1.0,4.0,2.0,0.0,O=C(NCC1CCCNC1)c1ccnc2nc[nH]c12
CHEMBL3715259,Active,19.0,9.0,1.0,2.0,29.0,11.0,1.0,3.0,2.0,23.0,15.0,3.0,0.0,1.0,2.0,20.0,18.0,4.0,2.0,0.0,0.0,1.0,21.0,6.0,3.0,1.0,0.0,0.0,3.0,2.0,19.0,8.0,6.0,3.0,0.0,0.0,0.0,23.0,8.0,1.0,0.0,0.0,0.0,0.0,15.0,13.0,2.0,0.0,0.0,0.0,0.0,11.0,12.0,0.0,2.0,1.0,11.0,1.0,0.0,2.0,1.0,4.0,2.0,0.0,0.0,0.0,3.0,1.0,0.0,11.0,8.0,1.0,10.0,8.0,3.0,1.0,0.0,4.0,16.0,12.0,4.0,2.0,2.0,0.0,14.0,18.0,9.0,4.0,8.0,0.0,5.0,6.0,8.0,6.0,5.0,2.0,3.0,2.0,2.0,0.0,3.0,1.0,1.0,CC1(C)CC(NC(=O)c2ccnc3nc(-c4cccs4)[nH]c23)CC(C)(CN)C1
CHEMBL3715388,Active,21.0,9.0,1.0,2.0,31.0,14.0,1.0,3.0,2.0,25.0,16.0,3.0,0.0,1.0,2.0,17.0,17.0,5.0,2.0,0.0,0.0,2.0,22.0,4.0,4.0,1.0,0.0,0.0,2.0,2.0,21.0,9.0,4.0,3.0,0.0,0.0,0.0,22.0,12.0,1.0,0.0,0.0,0.0,0.0,13.0,13.0,2.0,0.0,0.0,0.0,1.0,11.0,7.0,0.0,3.0,2.0,12.0,1.0,0.0,3.0,2.0,6.0,6.0,0.0,0.0,0.0,0.0,1.0,0.0,11.0,4.0,4.0,12.0,4.0,0.0,6.0,0.0,12.0,18.0,12.0,12.0,12.0,6.0,0.0,24.0,36.0,28.0,15.0,36.0,15.0,9.0,12.0,12.0,6.0,6.0,3.0,6.0,3.0,3.0,0.0,3.0,1.0,6.0,NC12CC3CC(C1)CC(NC(=O)c1ccnc4nc(-c5cccs5)[nH]c14)(C3)C2
CHEMBL3717765,Inactive,15.0,10.0,1.0,2.0,20.0,11.0,1.0,3.0,2.0,16.0,13.0,3.0,0.0,1.0,2.0,12.0,14.0,3.0,2.0,0.0,0.0,1.0,16.0,4.0,2.0,1.0,0.0,0.0,3.0,2.0,13.0,8.0,3.0,3.0,0.0,0.0,0.0,16.0,5.0,2.0,0.0,0.0,0.0,0.0,10.0,8.0,3.0,0.0,0.0,0.0,0.0,10.0,7.0,0.0,1.0,1.0,8.0,4.0,0.0,1.0,1.0,6.0,3.0,3.0,2.0,3.0,0.0,2.0,1.0,8.0,1.0,0.0,6.0,1.0,1.0,0.0,0.0,0.0,6.0,2.0,1.0,0.0,0.0,0.0,5.0,3.0,1.0,0.0,0.0,0.0,1.0,3.0,5.0,2.0,4.0,1.0,3.0,3.0,1.0,1.0,4.0,2.0,0.0,O=C(NCCC1CCCNC1)c1ccnc2nc(-c3cccs3)[nH]c12
CHEMBL3718019,Inactive,15.0,12.0,1.0,0.0,21.0,12.0,1.0,0.0,3.0,16.0,15.0,3.0,2.0,1.0,0.0,14.0,13.0,3.0,0.0,1.0,1.0,2.0,15.0,8.0,2.0,0.0,1.0,1.0,3.0,2.0,17.0,8.0,2.0,0.0,0.0,0.0,0.0,14.0,9.0,3.0,0.0,0.0,2.0,2.0,11.0,9.0,2.0,0.0,0.0,1.0,1.0,8.0,7.0,1.0,0.0,3.0,7.0,4.0,0.0,0.0,0.0,2.0,0.0,1.0,1.0,1.0,0.0,1.0,0.0,3.0,0.0,0.0,1.0,0.0,0.0,0.0,0.0,0.0,0.0,0.0,0.0,0.0,0.0,0.0,0.0,0.0,0.0,0.0,0.0,0.0,0.0,0.0,0.0,0.0,0.0,0.0,1.0,1.0,1.0,0.0,2.0,1.0,0.0,O=C(NCCc1c[nH]cn1)c1ccnc2nc(-c3ccc(Cl)cc3)[nH]c12
CHEMBL4444190,Active,25.0,5.0,2.0,0.0,39.0,4.0,3.0,0.0,0.0,40.0,7.0,6.0,0.0,0.0,0.0,39.0,6.0,9.0,0.0,0.0,0.0,0.0,36.0,5.0,8.0,0.0,0.0,0.0,0.0,1.0,32.0,3.0,6.0,0.0,0.0,0.0,0.0,24.0,2.0,4.0,0.0,0.0,0.0,0.0,17.0,3.0,4.0,0.0,0.0,0.0,0.0,15.0,5.0,1.0,0.0,0.0,15.0,3.0,3.0,0.0,1.0,1.0,1.0,0.0,0.0,0.0,4.0,0.0,0.0,7.0,0.0,0.0,2.0,0.0,0.0,0.0,2.0,0.0,1.0,0.0,0.0,0.0,0.0,2.0,0.0,0.0,0.0,0.0,0.0,0.0,0.0,0.0,0.0,0.0,1.0,0.0,1.0,2.0,0.0,0.0,3.0,3.0,0.0,Cc1cc(O)c(-c2ccc(C(C)CN(C)C)cc2)c2c1[nH]c(=O)c1ccccc12
CHEMBL4528387,Inactive,26.0,5.0,3.0,0.0,39.0,4.0,5.0,0.0,0.0,40.0,7.0,9.0,2.0,0.0,0.0,40.0,6.0,10.0,0.0,3.0,3.0,0.0,34.0,5.0,9.0,0.0,3.0,3.0,0.0,1.0,29.0,3.0,9.0,0.0,0.0,4.0,4.0,23.0,2.0,7.0,0.0,0.0,3.0,3.0,19.0,3.0,7.0,0.0,0.0,1.0,0.0,17.0,6.0,2.0,0.0,0.0,16.0,3.0,4.0,0.0,0.0,2.0,0.0,0.0,0.0,0.0,2.0,0.0,0.0,7.0,2.0,0.0,4.0,2.0,1.0,0.0,1.0,0.0,3.0,0.0,0.0,0.0,0.0,3.0,1.0,0.0,0.0,0.0,0.0,0.0,0.0,0.0,1.0,0.0,2.0,0.0,1.0,2.0,0.0,0.0,3.0,3.0,0.0,CN(C)CC1(c2ccc(-c3c(O)cc(Cl)c4[nH]c(=O)c5c(O)cccc5c34)cc2)CC1
CHEMBL4442377,Inactive,25.0,5.0,2.0,0.0,39.0,5.0,3.0,0.0,0.0,43.0,7.0,6.0,0.0,0.0,0.0,39.0,7.0,10.0,0.0,0.0,0.0,0.0,37.0,4.0,8.0,0.0,0.0,0.0,0.0,1.0,32.0,3.0,6.0,0.0,0.0,0.0,0.0,26.0,3.0,5.0,0.0,0.0,0.0,0.0,18.0,4.0,3.0,0.0,0.0,0.0,0.0,15.0,4.0,3.0,0.0,1.0,12.0,6.0,1.0,0.0,1.0,0.0,0.0,0.0,0.0,0.0,5.0,0.0,0.0,7.0,0.0,0.0,1.0,0.0,0.0,0.0,2.0,0.0,0.0,0.0,0.0,0.0,0.0,1.0,0.0,0.0,0.0,0.0,0.0,0.0,0.0,0.0,0.0,0.0,0.0,0.0,1.0,2.0,0.0,0.0,3.0,3.0,0.0,Cc1cc(O)c(-c2ccc(C(C)N(C)C)cc2)c2c1[nH]c(=O)c1c(C)cccc12
CHEMBL3714866,Inactive,18.0,8.0,2.0,0.0,23.0,11.0,3.0,0.0,1.0,17.0,13.0,5.0,0.0,1.0,0.0,15.0,12.0,5.0,0.0,0.0,0.0,1.0,18.0,5.0,5.0,0.0,0.0,0.0,1.0,2.0,19.0,5.0,5.0,0.0,0.0,0.0,0.0,16.0,6.0,6.0,0.0,0.0,0.0,0.0,11.0,7.0,3.0,0.0,0.0,0.0,1.0,11.0,4.0,1.0,0.0,0.0,8.0,3.0,2.0,0.0,2.0,9.0,4.0,6.0,1.0,2.0,0.0,2.0,1.0,12.0,0.0,0.0,10.0,0.0,0.0,1.0,0.0,0.0,9.0,0.0,0.0,1.0,0.0,0.0,8.0,3.0,1.0,0.0,0.0,0.0,1.0,2.0,3.0,1.0,3.0,1.0,4.0,4.0,1.0,2.0,4.0,2.0,0.0,O=C(NCC1CCCCN1)c1ccc(O)c2[nH]c(C3CCCC3)nc12
CHEMBL3718588,Active,22.0,7.0,2.0,0.0,30.0,11.0,3.0,0.0,1.0,20.0,15.0,5.0,0.0,0.0,0.0,17.0,13.0,6.0,0.0,0.0,0.0,2.0,22.0,6.0,6.0,0.0,0.0,0.0,1.0,1.0,25.0,5.0,4.0,0.0,0.0,0.0,0.0,22.0,8.0,6.0,0.0,0.0,0.0,0.0,13.0,8.0,6.0,0.0,0.0,0.0,1.0,11.0,4.0,3.0,0.0,1.0,12.0,1.0,1.0,0.0,5.0,8.0,10.0,3.0,0.0,0.0,0.0,1.0,0.0,14.0,2.0,2.0,14.0,2.0,0.0,2.0,0.0,1.0,17.0,6.0,6.0,4.0,2.0,0.0,20.0,16.0,6.0,0.0,1.0,0.0,1.0,4.0,4.0,2.0,4.0,2.0,4.0,2.0,2.0,0.0,3.0,1.0,2.0,NC1CCCC(NC(=O)c2ccc(O)c3[nH]c(C4CC5CCC4C5)nc23)C1
CHEMBL3719247,Inactive,17.0,8.0,2.0,2.0,22.0,10.0,3.0,3.0,1.0,17.0,13.0,5.0,0.0,0.0,0.0,16.0,8.0,5.0,0.0,0.0,0.0,2.0,14.0,9.0,6.0,2.0,0.0,0.0,1.0,1.0,19.0,4.0,3.0,2.0,0.0,0.0,0.0,17.0,6.0,4.0,3.0,0.0,0.0,0.0,16.0,6.0,4.0,0.0,0.0,0.0,1.0,8.0,6.0,4.0,1.0,1.0,8.0,2.0,1.0,1.0,1.0,6.0,3.0,2.0,1.0,3.0,0.0,2.0,2.0,8.0,1.0,0.0,5.0,1.0,2.0,0.0,0.0,0.0,5.0,1.0,0.0,0.0,0.0,0.0,3.0,2.0,0.0,0.0,0.0,0.0,0.0,3.0,3.0,1.0,5.0,2.0,3.0,3.0,1.0,1.0,4.0,2.0,0.0,O=C(NCC1CCCNC1)c1ccc(O)c2[nH]c(Cc3cccs3)nc12
CHEMBL3718405,Inactive,15.0,9.0,1.0,2.0,19.0,12.0,1.0,3.0,2.0,15.0,14.0,3.0,0.0,1.0,2.0,12.0,13.0,4.0,2.0,0.0,0.0,2.0,17.0,4.0,3.0,1.0,0.0,0.0,2.0,2.0,15.0,8.0,2.0,3.0,0.0,0.0,0.0,15.0,9.0,1.0,0.0,0.0,0.0,0.0,7.0,9.0,2.0,0.0,0.0,0.0,1.0,7.0,3.0,0.0,2.0,2.0,7.0,1.0,0.0,2.0,0.0,0.0,0.0,0.0,0.0,0.0,0.0,1.0,0.0,1.0,0.0,0.0,0.0,0.0,0.0,0.0,0.0,0.0,0.0,0.0,0.0,0.0,0.0,0.0,0.0,0.0,0.0,0.0,0.0,0.0,0.0,0.0,0.0,0.0,0.0,0.0,0.0,0.0,0.0,0.0,1.0,0.0,0.0,Nc1cccc(NC(=O)c2ccnc3nc(-c4cccs4)[nH]c23)c1
CHEMBL3718783,Active,15.0,13.0,3.0,2.0,21.0,15.0,3.0,3.0,2.0,20.0,14.0,3.0,0.0,2.0,2.0,17.0,14.0,5.0,4.0,0.0,0.0,1.0,22.0,4.0,3.0,1.0,0.0,0.0,4.0,3.0,15.0,15.0,4.0,3.0,0.0,0.0,0.0,17.0,13.0,2.0,0.0,0.0,0.0,0.0,12.0,11.0,2.0,0.0,0.0,0.0,2.0,14.0,5.0,2.0,2.0,1.0,12.0,4.0,3.0,1.0,1.0,8.0,2.0,4.0,1.0,2.0,0.0,2.0,1.0,10.0,0.0,0.0,6.0,0.0,0.0,1.0,0.0,0.0,3.0,0.0,0.0,1.0,1.0,0.0,2.0,1.0,0.0,0.0,0.0,0.0,0.0,1.0,3.0,1.0,3.0,1.0,6.0,6.0,2.0,2.0,6.0,3.0,0.0,O=C(NC1CCCNC1)c1ccnc2nc(-c3ccc(N4CCOCC4)s3)[nH]c12
CHEMBL3716245,Inactive,19.0,8.0,2.0,0.0,24.0,11.0,3.0,0.0,1.0,20.0,13.0,5.0,0.0,1.0,0.0,16.0,12.0,5.0,0.0,0.0,0.0,1.0,18.0,7.0,5.0,0.0,0.0,0.0,1.0,2.0,21.0,5.0,5.0,0.0,0.0,0.0,0.0,18.0,6.0,6.0,0.0,0.0,0.0,0.0,14.0,7.0,4.0,0.0,0.0,0.0,1.0,11.0,5.0,2.0,0.0,0.0,9.0,3.0,2.0,0.0,1.0,5.0,2.0,3.0,1.0,2.0,0.0,2.0,1.0,7.0,0.0,0.0,5.0,0.0,0.0,1.0,0.0,0.0,4.0,0.0,0.0,1.0,0.0,0.0,3.0,2.0,1.0,0.0,0.0,0.0,1.0,2.0,3.0,1.0,3.0,1.0,4.0,4.0,1.0,2.0,4.0,2.0,0.0,O=C(NCC1CCCCN1)c1ccc(O)c2[nH]c(-c3ccccc3)nc12
CHEMBL3717059,Active,14.0,10.0,1.0,2.0,18.0,12.0,1.0,3.0,2.0,15.0,12.0,3.0,0.0,2.0,0.0,13.0,11.0,4.0,0.0,0.0,0.0,1.0,14.0,8.0,2.0,2.0,0.0,0.0,2.0,3.0,16.0,8.0,2.0,1.0,0.0,0.0,0.0,12.0,10.0,1.0,3.0,0.0,0.0,0.0,12.0,5.0,1.0,0.0,0.0,0.0,2.0,5.0,5.0,2.0,1.0,0.0,6.0,1.0,0.0,2.0,1.0,5.0,2.0,2.0,1.0,2.0,0.0,2.0,1.0,7.0,0.0,0.0,4.0,0.0,0.0,1.0,0.0,0.0,3.0,0.0,0.0,1.0,1.0,0.0,2.0,1.0,0.0,0.0,0.0,0.0,0.0,1.0,3.0,1.0,3.0,1.0,4.0,4.0,2.0,1.0,4.0,2.0,0.0,O=C(NC1CCCNC1)c1ccnc2nc(Cc3cccs3)[nH]c12
CHEMBL3715533,Inactive,17.0,13.0,2.0,2.0,23.0,15.0,3.0,3.0,2.0,20.0,15.0,4.0,0.0,2.0,2.0,18.0,14.0,6.0,4.0,0.0,0.0,1.0,23.0,4.0,3.0,2.0,0.0,0.0,4.0,3.0,17.0,15.0,4.0,3.0,0.0,0.0,0.0,18.0,13.0,2.0,0.0,0.0,0.0,0.0,12.0,13.0,2.0,0.0,0.0,0.0,2.0,16.0,5.0,2.0,2.0,1.0,13.0,5.0,3.0,1.0,2.0,8.0,4.0,4.0,1.0,2.0,0.0,2.0,1.0,11.0,0.0,0.0,8.0,0.0,0.0,1.0,0.0,0.0,6.0,0.0,0.0,1.0,1.0,0.0,4.0,2.0,0.0,0.0,0.0,0.0,0.0,2.0,5.0,1.0,5.0,1.0,6.0,6.0,2.0,2.0,6.0,3.0,0.0,O=C(NC1CCCNC1)c1ccnc2nc(-c3ccc(N4CCCC(O)C4)s3)[nH]c12
CHEMBL3717368,Inactive,15.0,10.0,2.0,2.0,20.0,11.0,3.0,3.0,2.0,15.0,14.0,4.0,0.0,1.0,0.0,14.0,10.0,7.0,0.0,0.0,0.0,2.0,13.0,9.0,4.0,2.0,0.0,0.0,2.0,3.0,17.0,6.0,5.0,1.0,0.0,0.0,0.0,14.0,9.0,2.0,3.0,0.0,0.0,0.0,14.0,8.0,2.0,0.0,0.0,0.0,1.0,7.0,6.0,3.0,1.0,2.0,7.0,3.0,2.0,1.0,2.0,5.0,3.0,2.0,1.0,3.0,0.0,2.0,2.0,8.0,1.0,0.0,5.0,1.0,2.0,0.0,0.0,0.0,5.0,1.0,0.0,0.0,0.0,0.0,3.0,2.0,0.0,0.0,0.0,0.0,0.0,3.0,3.0,1.0,5.0,2.0,3.0,3.0,1.0,1.0,4.0,2.0,0.0,O=C(NCC1CCCNC1)c1ccnc2nc(C(O)c3cccs3)[nH]c12
CHEMBL3715553,Inactive,15.0,15.0,3.0,0.0,21.0,17.0,4.0,0.0,2.0,20.0,14.0,5.0,0.0,3.0,0.0,17.0,15.0,8.0,0.0,0.0,0.0,1.0,22.0,5.0,3.0,0.0,0.0,0.0,4.0,5.0,15.0,17.0,5.0,0.0,0.0,0.0,0.0,17.0,14.0,1.0,0.0,0.0,0.0,0.0,12.0,11.0,3.0,0.0,0.0,0.0,4.0,14.0,7.0,2.0,0.0,1.0,12.0,5.0,3.0,0.0,1.0,8.0,2.0,4.0,3.0,4.0,0.0,3.0,1.0,10.0,0.0,0.0,6.0,0.0,0.0,1.0,0.0,0.0,3.0,0.0,0.0,1.0,1.0,0.0,2.0,1.0,0.0,0.0,0.0,0.0,0.0,1.0,3.0,1.0,3.0,1.0,8.0,8.0,2.0,3.0,8.0,4.0,0.0,O=C(NC1CCCNC1)c1ccnc2nc(-c3ccc(N4CCNCC4)o3)[nH]c12
CHEMBL3716143,Active,19.0,10.0,4.0,0.0,24.0,11.0,4.0,0.0,2.0,19.0,17.0,6.0,0.0,1.0,0.0,18.0,13.0,9.0,0.0,0.0,0.0,1.0,20.0,6.0,7.0,0.0,0.0,0.0,2.0,2.0,23.0,5.0,6.0,0.0,0.0,0.0,0.0,18.0,10.0,5.0,0.0,0.0,0.0,0.0,18.0,6.0,0.0,0.0,0.0,0.0,0.0,13.0,6.0,3.0,0.0,0.0,9.0,7.0,2.0,0.0,3.0,6.0,5.0,2.0,0.0,1.0,3.0,2.0,1.0,16.0,2.0,1.0,13.0,3.0,1.0,1.0,0.0,1.0,12.0,2.0,1.0,2.0,2.0,0.0,8.0,8.0,3.0,0.0,1.0,0.0,3.0,6.0,4.0,4.0,4.0,4.0,3.0,3.0,3.0,0.0,4.0,2.0,1.0,CC(C)(C)OC(=O)NCC1CCC(NC(=O)c2ccnc3nc(C4CC4)[nH]c23)CC1
CHEMBL3718956,Active,15.0,15.0,1.0,2.0,21.0,18.0,1.0,3.0,2.0,22.0,13.0,3.0,0.0,3.0,3.0,17.0,15.0,4.0,4.0,0.0,0.0,1.0,20.0,6.0,2.0,3.0,0.0,0.0,4.0,3.0,15.0,16.0,2.0,3.0,0.0,0.0,0.0,17.0,14.0,1.0,0.0,0.0,0.0,0.0,12.0,11.0,2.0,0.0,0.0,0.0,4.0,14.0,7.0,0.0,2.0,1.0,12.0,5.0,2.0,1.0,1.0,8.0,2.0,4.0,3.0,4.0,0.0,3.0,1.0,10.0,0.0,0.0,6.0,0.0,0.0,1.0,0.0,0.0,3.0,0.0,0.0,1.0,1.0,0.0,2.0,1.0,0.0,0.0,0.0,0.0,0.0,1.0,3.0,1.0,3.0,1.0,8.0,8.0,2.0,3.0,8.0,4.0,0.0,O=C(NC1CCCNC1)c1ccnc2nc(-c3cc(N4CCNCC4)cs3)[nH]c12
CHEMBL3718423,Active,15.0,10.0,1.0,2.0,20.0,11.0,1.0,3.0,2.0,15.0,14.0,3.0,0.0,1.0,0.0,14.0,10.0,3.0,0.0,0.0,0.0,2.0,13.0,9.0,3.0,2.0,0.0,0.0,2.0,2.0,17.0,6.0,2.0,1.0,0.0,0.0,0.0,14.0,9.0,2.0,3.0,0.0,0.0,0.0,14.0,8.0,1.0,0.0,0.0,0.0,1.0,7.0,6.0,2.0,1.0,2.0,7.0,3.0,0.0,1.0,1.0,6.0,3.0,2.0,1.0,3.0,0.0,2.0,2.0,8.0,1.0,0.0,5.0,1.0,2.0,0.0,0.0,0.0,5.0,1.0,0.0,0.0,0.0,0.0,3.0,2.0,0.0,0.0,0.0,0.0,0.0,3.0,3.0,1.0,5.0,2.0,3.0,3.0,1.0,1.0,4.0,2.0,0.0,O=C(NCC1CCCNC1)c1ccnc2nc(Cc3cccs3)[nH]c12
CHEMBL3716999,Inactive,17.0,13.0,2.0,2.0,23.0,16.0,3.0,3.0,1.0,22.0,13.0,5.0,0.0,2.0,2.0,19.0,13.0,6.0,4.0,0.0,0.0,1.0,23.0,5.0,5.0,2.0,0.0,0.0,3.0,2.0,18.0,14.0,3.0,3.0,0.0,0.0,0.0,19.0,13.0,4.0,0.0,0.0,0.0,0.0,15.0,9.0,4.0,0.0,0.0,0.0,3.0,17.0,4.0,3.0,2.0,1.0,12.0,6.0,5.0,1.0,1.0,8.0,2.0,4.0,3.0,4.0,0.0,3.0,1.0,10.0,0.0,0.0,6.0,0.0,0.0,1.0,0.0,0.0,3.0,0.0,0.0,1.0,1.0,0.0,2.0,1.0,0.0,0.0,0.0,0.0,0.0,1.0,3.0,1.0,3.0,1.0,8.0,8.0,2.0,3.0,8.0,4.0,0.0,O=C(NC1CCCNC1)c1ccc(O)c2[nH]c(-c3ccc(N4CCNCC4)s3)nc12
CHEMBL3718039,Active,14.0,10.0,1.0,2.0,19.0,11.0,1.0,3.0,2.0,14.0,14.0,3.0,0.0,1.0,2.0,12.0,12.0,3.0,2.0,0.0,0.0,2.0,15.0,5.0,3.0,1.0,0.0,0.0,2.0,2.0,14.0,7.0,2.0,3.0,0.0,0.0,0.0,15.0,7.0,2.0,0.0,0.0,0.0,0.0,8.0,9.0,2.0,0.0,0.0,0.0,1.0,8.0,4.0,0.0,1.0,2.0,6.0,3.0,0.0,2.0,1.0,5.0,3.0,2.0,1.0,3.0,0.0,2.0,2.0,7.0,1.0,0.0,5.0,1.0,2.0,0.0,0.0,0.0,5.0,1.0,0.0,0.0,0.0,0.0,3.0,2.0,0.0,0.0,0.0,0.0,0.0,3.0,3.0,1.0,5.0,2.0,3.0,3.0,1.0,1.0,4.0,2.0,0.0,O=C(NCC1CCCNC1)c1ccnc2[nH]c(-c3cccs3)nc12
CHEMBL3714773,Inactive,12.0,12.0,1.0,2.0,17.0,12.0,1.0,3.0,3.0,13.0,13.0,3.0,0.0,1.0,2.0,11.0,13.0,3.0,2.0,0.0,0.0,2.0,14.0,5.0,2.0,1.0,0.0,0.0,3.0,2.0,12.0,8.0,2.0,3.0,0.0,0.0,0.0,13.0,7.0,2.0,0.0,0.0,0.0,0.0,7.0,9.0,2.0,0.0,0.0,0.0,1.0,7.0,6.0,0.0,1.0,3.0,5.0,4.0,0.0,1.0,0.0,2.0,0.0,1.0,1.0,1.0,0.0,1.0,0.0,3.0,0.0,0.0,1.0,0.0,0.0,0.0,0.0,0.0,0.0,0.0,0.0,0.0,0.0,0.0,0.0,0.0,0.0,0.0,0.0,0.0,0.0,0.0,0.0,0.0,0.0,0.0,1.0,1.0,1.0,0.0,2.0,1.0,0.0,O=C(NCCc1c[nH]cn1)c1ccnc2nc(-c3cccs3)[nH]c12
CHEMBL3719325,Inactive,15.0,10.0,2.0,2.0,20.0,11.0,3.0,3.0,2.0,15.0,14.0,4.0,0.0,1.0,0.0,14.0,10.0,7.0,0.0,0.0,0.0,2.0,13.0,9.0,4.0,2.0,0.0,0.0,2.0,3.0,17.0,6.0,5.0,1.0,0.0,0.0,0.0,14.0,9.0,2.0,3.0,0.0,0.0,0.0,14.0,8.0,2.0,0.0,0.0,0.0,1.0,7.0,6.0,3.0,1.0,2.0,7.0,3.0,2.0,1.0,2.0,5.0,3.0,2.0,1.0,3.0,0.0,2.0,2.0,8.0,1.0,0.0,5.0,1.0,2.0,0.0,0.0,0.0,5.0,1.0,0.0,0.0,0.0,0.0,3.0,2.0,0.0,0.0,0.0,0.0,0.0,3.0,3.0,1.0,5.0,2.0,3.0,3.0,1.0,1.0,4.0,2.0,0.0,O=C(NCC1CCCNC1)c1ccnc2nc(C(O)c3cccs3)[nH]c12
CHEMBL4536593,Active,25.0,3.0,3.0,0.0,37.0,4.0,3.0,0.0,0.0,40.0,7.0,6.0,0.0,0.0,0.0,38.0,6.0,9.0,0.0,0.0,0.0,0.0,37.0,5.0,8.0,0.0,0.0,0.0,0.0,1.0,32.0,4.0,6.0,0.0,0.0,0.0,0.0,26.0,2.0,4.0,0.0,0.0,0.0,0.0,17.0,3.0,5.0,0.0,0.0,0.0,0.0,13.0,5.0,1.0,0.0,0.0,9.0,4.0,1.0,0.0,1.0,1.0,1.0,0.0,0.0,0.0,3.0,0.0,0.0,6.0,0.0,0.0,2.0,0.0,0.0,0.0,2.0,0.0,1.0,0.0,0.0,0.0,0.0,2.0,0.0,0.0,0.0,0.0,0.0,0.0,0.0,0.0,0.0,0.0,1.0,0.0,1.0,0.0,0.0,0.0,1.0,0.0,0.0,COc1cc(C)c2[nH]c(=O)c3ccccc3c2c1-c1ccc(C(C)CN)cc1
CHEMBL4436998,Active,25.0,3.0,3.0,0.0,36.0,4.0,5.0,0.0,0.0,38.0,7.0,9.0,0.0,0.0,0.0,35.0,6.0,11.0,0.0,0.0,0.0,0.0,32.0,5.0,10.0,0.0,0.0,0.0,0.0,1.0,28.0,3.0,9.0,0.0,0.0,0.0,0.0,22.0,2.0,8.0,0.0,0.0,0.0,0.0,15.0,3.0,6.0,0.0,0.0,0.0,0.0,11.0,5.0,2.0,0.0,0.0,9.0,3.0,2.0,0.0,1.0,1.0,1.0,0.0,0.0,0.0,2.0,0.0,0.0,5.0,0.0,0.0,2.0,0.0,0.0,0.0,2.0,0.0,1.0,0.0,0.0,0.0,0.0,2.0,0.0,0.0,0.0,0.0,0.0,0.0,0.0,0.0,0.0,0.0,1.0,0.0,1.0,0.0,0.0,0.0,1.0,0.0,0.0,Cc1cc(O)c(-c2ccc(C(C)CN)cc2)c2c1[nH]c(=O)c1c(O)cccc12
CHEMBL4438486,Active,23.0,5.0,2.0,0.0,35.0,5.0,3.0,0.0,0.0,38.0,6.0,6.0,2.0,0.0,0.0,34.0,6.0,8.0,0.0,3.0,3.0,0.0,32.0,4.0,7.0,0.0,3.0,3.0,0.0,1.0,25.0,3.0,6.0,0.0,0.0,4.0,4.0,19.0,3.0,4.0,0.0,0.0,3.0,3.0,15.0,4.0,3.0,0.0,0.0,1.0,0.0,13.0,4.0,3.0,0.0,1.0,10.0,5.0,1.0,0.0,1.0,0.0,0.0,0.0,0.0,0.0,3.0,0.0,0.0,5.0,0.0,0.0,1.0,0.0,0.0,0.0,1.0,0.0,0.0,0.0,0.0,0.0,0.0,1.0,0.0,0.0,0.0,0.0,0.0,0.0,0.0,0.0,0.0,0.0,0.0,0.0,1.0,2.0,0.0,0.0,3.0,3.0,0.0,CC(c1ccc(-c2c(O)cc(Cl)c3[nH]c(=O)c4ccccc4c23)cc1)N(C)C
CHEMBL3716499,Inactive,14.0,11.0,2.0,2.0,19.0,13.0,3.0,3.0,1.0,19.0,9.0,5.0,0.0,2.0,2.0,13.0,13.0,5.0,2.0,0.0,0.0,1.0,15.0,7.0,4.0,2.0,0.0,0.0,1.0,2.0,15.0,5.0,4.0,3.0,0.0,0.0,0.0,15.0,5.0,6.0,0.0,0.0,0.0,0.0,10.0,7.0,3.0,0.0,0.0,0.0,1.0,11.0,7.0,0.0,1.0,0.0,8.0,5.0,2.0,0.0,0.0,6.0,0.0,3.0,3.0,3.0,0.0,2.0,0.0,7.0,0.0,0.0,3.0,0.0,0.0,0.0,0.0,0.0,0.0,0.0,0.0,0.0,0.0,0.0,0.0,0.0,0.0,0.0,0.0,0.0,0.0,0.0,0.0,0.0,0.0,0.0,6.0,9.0,1.0,4.0,7.0,5.0,0.0,O=C(NCCN1CCNCC1)c1ccc(O)c2[nH]c(-c3cccs3)nc12
CHEMBL3715897,Inactive,23.0,7.0,2.0,0.0,32.0,10.0,3.0,0.0,1.0,21.0,15.0,5.0,0.0,0.0,0.0,17.0,14.0,5.0,0.0,0.0,0.0,1.0,21.0,7.0,6.0,0.0,0.0,0.0,1.0,1.0,25.0,3.0,5.0,0.0,0.0,0.0,0.0,23.0,6.0,7.0,0.0,0.0,0.0,0.0,16.0,8.0,5.0,0.0,0.0,0.0,0.0,13.0,6.0,3.0,0.0,0.0,12.0,3.0,2.0,0.0,5.0,9.0,11.0,3.0,0.0,1.0,0.0,1.0,1.0,15.0,3.0,2.0,15.0,3.0,1.0,1.0,0.0,2.0,19.0,8.0,7.0,2.0,0.0,0.0,22.0,18.0,8.0,0.0,2.0,0.0,2.0,6.0,4.0,2.0,4.0,2.0,3.0,1.0,1.0,0.0,3.0,1.0,1.0,NC1CCC(CNC(=O)c2ccc(O)c3[nH]c(C4CC5CCC4C5)nc23)CC1
CHEMBL3718636,Active,12.0,10.0,1.0,2.0,16.0,12.0,1.0,3.0,2.0,12.0,11.0,3.0,0.0,2.0,2.0,11.0,12.0,4.0,2.0,0.0,0.0,1.0,15.0,4.0,2.0,1.0,0.0,0.0,2.0,3.0,12.0,9.0,1.0,3.0,0.0,0.0,0.0,11.0,8.0,1.0,0.0,0.0,0.0,0.0,4.0,5.0,2.0,0.0,0.0,0.0,2.0,5.0,1.0,0.0,2.0,0.0,5.0,1.0,0.0,1.0,1.0,3.0,2.0,1.0,1.0,2.0,0.0,2.0,1.0,5.0,0.0,0.0,3.0,0.0,0.0,1.0,0.0,0.0,2.0,0.0,0.0,1.0,1.0,0.0,1.0,0.0,0.0,0.0,0.0,0.0,0.0,0.0,1.0,0.0,3.0,1.0,4.0,4.0,2.0,1.0,4.0,2.0,0.0,O=C(NC1CCNC1)c1ccnc2nc(-c3cccs3)[nH]c12
CHEMBL3715508,Active,14.0,10.0,1.0,2.0,19.0,11.0,1.0,3.0,2.0,14.0,14.0,3.0,0.0,1.0,2.0,12.0,12.0,3.0,2.0,0.0,0.0,2.0,15.0,5.0,3.0,1.0,0.0,0.0,2.0,2.0,14.0,7.0,2.0,3.0,0.0,0.0,0.0,15.0,7.0,2.0,0.0,0.0,0.0,0.0,8.0,9.0,2.0,0.0,0.0,0.0,1.0,8.0,4.0,0.0,1.0,2.0,6.0,3.0,0.0,2.0,1.0,5.0,3.0,2.0,1.0,3.0,0.0,2.0,2.0,7.0,1.0,0.0,5.0,1.0,2.0,0.0,0.0,0.0,5.0,1.0,0.0,0.0,0.0,0.0,3.0,2.0,0.0,0.0,0.0,0.0,0.0,3.0,3.0,1.0,5.0,2.0,3.0,3.0,1.0,1.0,4.0,2.0,0.0,O=C(NCC1CCCNC1)c1ccnc2[nH]c(-c3cccs3)nc12
CHEMBL3718105,Active,13.0,10.0,1.0,0.0,15.0,12.0,1.0,0.0,2.0,12.0,14.0,3.0,0.0,2.0,0.0,13.0,9.0,4.0,0.0,0.0,0.0,1.0,13.0,5.0,2.0,0.0,0.0,0.0,2.0,3.0,14.0,7.0,2.0,0.0,0.0,0.0,0.0,7.0,9.0,2.0,0.0,0.0,0.0,0.0,7.0,4.0,0.0,0.0,0.0,0.0,2.0,6.0,3.0,0.0,0.0,0.0,3.0,2.0,0.0,0.0,2.0,5.0,2.0,2.0,1.0,2.0,0.0,2.0,1.0,9.0,1.0,0.0,7.0,1.0,0.0,1.0,0.0,0.0,4.0,0.0,0.0,1.0,1.0,0.0,2.0,1.0,0.0,0.0,0.0,0.0,0.0,1.0,3.0,1.0,3.0,1.0,4.0,4.0,2.0,1.0,4.0,2.0,0.0,O=C(NC1CCCNC1)c1ccnc2[nH]c(C3CC3)nc12
CHEMBL3716839,Inactive,15.0,8.0,1.0,2.0,20.0,10.0,1.0,3.0,1.0,17.0,10.0,3.0,0.0,1.0,1.0,14.0,11.0,5.0,2.0,0.0,0.0,0.0,17.0,3.0,2.0,1.0,0.0,0.0,2.0,3.0,15.0,7.0,2.0,3.0,0.0,0.0,0.0,14.0,8.0,1.0,0.0,0.0,0.0,0.0,7.0,5.0,2.0,0.0,0.0,0.0,2.0,6.0,3.0,0.0,2.0,0.0,6.0,1.0,0.0,1.0,1.0,4.0,2.0,2.0,1.0,2.0,0.0,2.0,1.0,6.0,0.0,0.0,4.0,0.0,0.0,1.0,0.0,0.0,3.0,0.0,0.0,1.0,1.0,0.0,2.0,1.0,0.0,0.0,0.0,0.0,0.0,1.0,3.0,1.0,3.0,1.0,4.0,4.0,2.0,1.0,4.0,2.0,0.0,O=C(NC1CCCNC1)c1ccnc2[nH]c(-c3cccs3)cc12
CHEMBL3718276,Inactive,16.0,8.0,2.0,0.0,19.0,10.0,3.0,0.0,1.0,14.0,15.0,5.0,0.0,0.0,0.0,16.0,6.0,5.0,0.0,0.0,0.0,2.0,14.0,5.0,6.0,0.0,0.0,0.0,1.0,1.0,16.0,4.0,4.0,0.0,0.0,0.0,0.0,10.0,7.0,4.0,0.0,0.0,0.0,0.0,11.0,5.0,1.0,0.0,0.0,0.0,1.0,8.0,4.0,2.0,0.0,1.0,7.0,2.0,1.0,0.0,2.0,6.0,3.0,2.0,1.0,3.0,0.0,2.0,2.0,10.0,2.0,0.0,8.0,2.0,2.0,0.0,0.0,0.0,6.0,1.0,0.0,0.0,0.0,0.0,3.0,2.0,0.0,0.0,0.0,0.0,0.0,3.0,3.0,1.0,5.0,2.0,3.0,3.0,1.0,1.0,4.0,2.0,0.0,O=C(NCC1CCCNC1)c1ccc(O)c2[nH]c(C3CC3)nc12
CHEMBL3717192,Active,20.0,8.0,2.0,0.0,28.0,11.0,3.0,0.0,1.0,19.0,13.0,5.0,0.0,1.0,0.0,16.0,13.0,6.0,0.0,0.0,0.0,1.0,21.0,6.0,5.0,0.0,0.0,0.0,1.0,2.0,23.0,6.0,4.0,0.0,0.0,0.0,0.0,20.0,7.0,6.0,0.0,0.0,0.0,0.0,11.0,7.0,6.0,0.0,0.0,0.0,1.0,10.0,3.0,2.0,0.0,0.0,10.0,2.0,1.0,0.0,4.0,8.0,8.0,3.0,1.0,2.0,0.0,2.0,1.0,13.0,2.0,1.0,12.0,2.0,0.0,1.0,0.0,1.0,14.0,6.0,6.0,1.0,1.0,0.0,16.0,11.0,5.0,0.0,1.0,0.0,0.0,1.0,3.0,1.0,3.0,1.0,4.0,4.0,2.0,1.0,4.0,2.0,0.0,O=C(NC1CCCNC1)c1ccc(O)c2[nH]c(C3CC4CCC3C4)nc12
CHEMBL3718855,Inactive,13.0,10.0,0.0,2.0,18.0,12.0,0.0,3.0,2.0,16.0,13.0,0.0,0.0,2.0,2.0,16.0,11.0,0.0,2.0,0.0,0.0,3.0,17.0,10.0,0.0,1.0,0.0,0.0,0.0,0.0,12.0,11.0,0.0,2.0,0.0,0.0,0.0,10.0,8.0,0.0,2.0,0.0,0.0,0.0,8.0,1.0,0.0,0.0,0.0,0.0,2.0,6.0,1.0,0.0,2.0,0.0,4.0,1.0,0.0,0.0,1.0,5.0,3.0,2.0,0.0,0.0,0.0,0.0,0.0,6.0,1.0,0.0,5.0,1.0,2.0,0.0,0.0,0.0,5.0,1.0,0.0,0.0,0.0,0.0,3.0,2.0,0.0,0.0,0.0,0.0,0.0,3.0,3.0,0.0,5.0,0.0,3.0,2.0,0.0,1.0,3.0,1.0,0.0,NCC1CCCN(c2ccnc3nc(-c4cccs4)[nH]c23)C1
CHEMBL3714893,Inactive,14.0,10.0,2.0,2.0,18.0,12.0,3.0,3.0,2.0,15.0,12.0,4.0,0.0,2.0,0.0,13.0,11.0,8.0,0.0,0.0,0.0,1.0,14.0,8.0,3.0,2.0,0.0,0.0,2.0,4.0,16.0,8.0,5.0,1.0,0.0,0.0,0.0,12.0,10.0,1.0,3.0,0.0,0.0,0.0,12.0,5.0,2.0,0.0,0.0,0.0,2.0,5.0,5.0,4.0,1.0,0.0,6.0,1.0,1.0,2.0,2.0,4.0,2.0,2.0,1.0,2.0,0.0,2.0,1.0,7.0,0.0,0.0,4.0,0.0,0.0,1.0,0.0,0.0,3.0,0.0,0.0,1.0,1.0,0.0,2.0,1.0,0.0,0.0,0.0,0.0,0.0,1.0,3.0,1.0,3.0,1.0,4.0,4.0,2.0,1.0,4.0,2.0,0.0,O=C(NC1CCCNC1)c1ccnc2nc(C(O)c3cccs3)[nH]c12
CHEMBL3717295,Inactive,16.0,10.0,1.0,0.0,21.0,12.0,1.0,0.0,2.0,17.0,14.0,3.0,2.0,2.0,0.0,14.0,13.0,4.0,0.0,1.0,1.0,1.0,17.0,7.0,2.0,0.0,1.0,1.0,2.0,3.0,18.0,9.0,2.0,0.0,0.0,0.0,0.0,14.0,10.0,2.0,0.0,0.0,2.0,2.0,10.0,6.0,2.0,0.0,0.0,1.0,2.0,8.0,4.0,1.0,0.0,0.0,8.0,2.0,0.0,0.0,1.0,4.0,2.0,2.0,1.0,2.0,0.0,2.0,1.0,6.0,0.0,0.0,4.0,0.0,0.0,1.0,0.0,0.0,3.0,0.0,0.0,1.0,1.0,0.0,2.0,1.0,0.0,0.0,0.0,0.0,0.0,1.0,3.0,1.0,3.0,1.0,4.0,4.0,2.0,1.0,4.0,2.0,0.0,O=C(NC1CCCNC1)c1ccnc2nc(-c3ccc(Cl)cc3)[nH]c12
CHEMBL3718730,Active,16.0,9.0,1.0,0.0,19.0,11.0,1.0,0.0,2.0,15.0,16.0,3.0,0.0,1.0,0.0,15.0,10.0,4.0,0.0,0.0,0.0,1.0,14.0,6.0,3.0,0.0,0.0,0.0,2.0,2.0,17.0,5.0,2.0,0.0,0.0,0.0,0.0,10.0,9.0,3.0,0.0,0.0,0.0,0.0,10.0,6.0,0.0,0.0,0.0,0.0,0.0,9.0,5.0,0.0,0.0,0.0,6.0,4.0,0.0,0.0,3.0,6.0,5.0,2.0,0.0,0.0,0.0,1.0,0.0,11.0,2.0,1.0,10.0,2.0,1.0,1.0,0.0,1.0,9.0,2.0,1.0,2.0,2.0,0.0,8.0,8.0,3.0,0.0,1.0,0.0,1.0,6.0,4.0,2.0,4.0,2.0,3.0,2.0,2.0,0.0,3.0,1.0,1.0,NCC1CCC(NC(=O)c2ccnc3[nH]c(C4CC4)nc23)CC1
CHEMBL3717200,Active,14.0,10.0,3.0,0.0,19.0,11.0,4.0,0.0,2.0,14.0,14.0,3.0,2.0,1.0,0.0,12.0,12.0,5.0,0.0,0.0,1.0,2.0,15.0,5.0,4.0,0.0,0.0,0.0,2.0,3.0,14.0,7.0,5.0,0.0,0.0,0.0,2.0,15.0,7.0,2.0,0.0,0.0,0.0,1.0,8.0,9.0,3.0,0.0,3.0,3.0,1.0,8.0,4.0,1.0,0.0,2.0,6.0,3.0,2.0,0.0,1.0,5.0,3.0,2.0,1.0,3.0,0.0,2.0,2.0,7.0,1.0,0.0,5.0,1.0,2.0,0.0,0.0,0.0,5.0,1.0,0.0,0.0,0.0,0.0,3.0,2.0,0.0,0.0,0.0,0.0,0.0,3.0,3.0,1.0,5.0,2.0,3.0,3.0,1.0,1.0,4.0,2.0,0.0,O=C(NCC1CCCNC1)c1ccnc2nc(-c3ccc(Br)o3)[nH]c12
CHEMBL3718268,Active,17.0,9.0,1.0,2.0,23.0,10.0,1.0,3.0,2.0,18.0,14.0,3.0,0.0,1.0,2.0,14.0,15.0,3.0,2.0,0.0,0.0,1.0,16.0,7.0,3.0,1.0,0.0,0.0,2.0,2.0,16.0,6.0,3.0,3.0,0.0,0.0,0.0,18.0,6.0,3.0,0.0,0.0,0.0,0.0,12.0,9.0,2.0,0.0,0.0,0.0,0.0,11.0,8.0,0.0,1.0,0.0,8.0,6.0,0.0,2.0,2.0,6.0,6.0,2.0,0.0,1.0,0.0,1.0,1.0,9.0,2.0,1.0,8.0,2.0,2.0,0.0,0.0,2.0,10.0,4.0,2.0,0.0,0.0,0.0,10.0,11.0,5.0,0.0,3.0,0.0,2.0,6.0,4.0,2.0,4.0,2.0,2.0,1.0,1.0,0.0,3.0,1.0,0.0,NCC1CCCC(CNC(=O)c2ccnc3[nH]c(-c4cccs4)nc23)C1
CHEMBL3718661,Active,12.0,10.0,1.0,2.0,16.0,10.0,1.0,3.0,2.0,11.0,13.0,3.0,0.0,1.0,2.0,11.0,11.0,3.0,2.0,0.0,0.0,2.0,14.0,4.0,3.0,1.0,0.0,0.0,2.0,2.0,12.0,7.0,1.0,3.0,0.0,0.0,0.0,12.0,7.0,1.0,0.0,0.0,0.0,0.0,4.0,8.0,2.0,0.0,0.0,0.0,1.0,5.0,1.0,0.0,1.0,2.0,4.0,1.0,0.0,2.0,1.0,3.0,2.0,0.0,0.0,2.0,0.0,2.0,1.0,5.0,1.0,0.0,3.0,1.0,2.0,0.0,0.0,0.0,3.0,0.0,0.0,0.0,0.0,0.0,0.0,0.0,0.0,0.0,0.0,0.0,0.0,0.0,0.0,0.0,5.0,2.0,3.0,2.0,1.0,0.0,4.0,2.0,0.0,O=C(NCC1CNC1)c1ccnc2nc(-c3cccs3)[nH]c12
CHEMBL3716727,Inactive,14.0,10.0,1.0,2.0,18.0,12.0,1.0,3.0,2.0,15.0,12.0,3.0,0.0,2.0,2.0,11.0,14.0,3.0,2.0,0.0,0.0,1.0,15.0,5.0,2.0,1.0,0.0,0.0,2.0,3.0,13.0,8.0,3.0,3.0,0.0,0.0,0.0,15.0,6.0,2.0,0.0,0.0,0.0,0.0,9.0,7.0,2.0,0.0,0.0,0.0,2.0,8.0,6.0,0.0,1.0,0.0,6.0,3.0,0.0,1.0,1.0,5.0,2.0,3.0,1.0,2.0,0.0,2.0,1.0,7.0,0.0,0.0,5.0,0.0,0.0,1.0,0.0,0.0,4.0,0.0,0.0,1.0,0.0,0.0,3.0,2.0,1.0,0.0,0.0,0.0,1.0,2.0,3.0,1.0,3.0,1.0,4.0,4.0,1.0,2.0,4.0,2.0,0.0,O=C(NCC1CCCCN1)c1ccnc2nc(-c3cccs3)[nH]c12
CHEMBL3718962,Inactive,15.0,9.0,2.0,2.0,21.0,11.0,3.0,3.0,1.0,18.0,11.0,5.0,0.0,1.0,2.0,14.0,12.0,6.0,2.0,0.0,0.0,1.0,18.0,4.0,5.0,2.0,0.0,0.0,1.0,2.0,17.0,6.0,4.0,3.0,0.0,0.0,0.0,17.0,6.0,4.0,0.0,0.0,0.0,0.0,9.0,7.0,4.0,0.0,0.0,0.0,1.0,9.0,3.0,1.0,2.0,0.0,7.0,1.0,2.0,1.0,1.0,4.0,2.0,2.0,0.0,0.0,1.0,1.0,0.0,7.0,0.0,0.0,4.0,0.0,0.0,1.0,0.0,0.0,3.0,0.0,0.0,1.0,1.0,0.0,2.0,1.0,0.0,0.0,0.0,0.0,0.0,1.0,3.0,1.0,3.0,1.0,4.0,6.0,2.0,1.0,5.0,4.0,0.0,CN1CCCC(NC(=O)c2ccc(O)c3[nH]c(-c4cccs4)nc23)C1
CHEMBL3716223,Inactive,16.0,8.0,2.0,0.0,18.0,11.0,3.0,0.0,1.0,15.0,13.0,5.0,0.0,1.0,0.0,15.0,8.0,5.0,0.0,0.0,0.0,1.0,14.0,5.0,5.0,0.0,0.0,0.0,1.0,2.0,15.0,5.0,5.0,0.0,0.0,0.0,0.0,10.0,6.0,4.0,0.0,0.0,0.0,0.0,11.0,5.0,1.0,0.0,0.0,0.0,1.0,9.0,4.0,1.0,0.0,0.0,6.0,3.0,2.0,0.0,2.0,6.0,2.0,3.0,1.0,2.0,0.0,2.0,1.0,10.0,1.0,0.0,8.0,1.0,0.0,1.0,0.0,0.0,5.0,0.0,0.0,1.0,0.0,0.0,3.0,2.0,1.0,0.0,0.0,0.0,1.0,2.0,3.0,1.0,3.0,1.0,4.0,4.0,1.0,2.0,4.0,2.0,0.0,O=C(NCC1CCCCN1)c1ccc(O)c2[nH]c(C3CC3)nc12
CHEMBL3715919,Inactive,13.0,11.0,1.0,2.0,19.0,12.0,1.0,3.0,2.0,16.0,12.0,3.0,0.0,2.0,2.0,12.0,14.0,4.0,2.0,0.0,0.0,1.0,17.0,4.0,2.0,1.0,0.0,0.0,2.0,3.0,14.0,9.0,3.0,3.0,0.0,0.0,0.0,15.0,8.0,1.0,0.0,0.0,0.0,0.0,8.0,7.0,2.0,0.0,0.0,0.0,2.0,7.0,5.0,0.0,2.0,0.0,7.0,1.0,0.0,1.0,1.0,4.0,2.0,2.0,0.0,0.0,1.0,1.0,0.0,7.0,0.0,0.0,4.0,0.0,0.0,1.0,0.0,0.0,3.0,0.0,0.0,1.0,1.0,0.0,2.0,1.0,0.0,0.0,0.0,0.0,0.0,1.0,3.0,1.0,3.0,1.0,4.0,6.0,2.0,1.0,5.0,4.0,0.0,CN1CCCC(NC(=O)c2ccnc3nc(-c4cccs4)[nH]c23)C1
CHEMBL4579248,Active,24.0,3.0,3.0,0.0,34.0,4.0,5.0,0.0,0.0,36.0,6.0,9.0,2.0,0.0,0.0,32.0,6.0,10.0,0.0,3.0,3.0,0.0,29.0,5.0,9.0,0.0,3.0,3.0,0.0,1.0,24.0,3.0,9.0,0.0,0.0,4.0,4.0,19.0,2.0,7.0,0.0,0.0,3.0,3.0,14.0,3.0,6.0,0.0,0.0,1.0,0.0,10.0,5.0,2.0,0.0,0.0,7.0,3.0,2.0,0.0,1.0,1.0,1.0,0.0,0.0,0.0,1.0,0.0,0.0,4.0,0.0,0.0,2.0,0.0,0.0,0.0,1.0,0.0,1.0,0.0,0.0,0.0,0.0,2.0,0.0,0.0,0.0,0.0,0.0,0.0,0.0,0.0,0.0,0.0,1.0,0.0,1.0,0.0,0.0,0.0,1.0,0.0,0.0,CC(CN)c1ccc(-c2c(O)cc(Cl)c3[nH]c(=O)c4c(O)cccc4c23)cc1
CHEMBL3717297,Active,13.0,10.0,1.0,2.0,17.0,12.0,1.0,3.0,2.0,14.0,12.0,3.0,0.0,2.0,2.0,11.0,13.0,4.0,2.0,0.0,0.0,1.0,16.0,4.0,2.0,1.0,0.0,0.0,2.0,3.0,13.0,9.0,2.0,3.0,0.0,0.0,0.0,13.0,8.0,1.0,0.0,0.0,0.0,0.0,6.0,6.0,2.0,0.0,0.0,0.0,2.0,6.0,3.0,0.0,2.0,0.0,6.0,1.0,0.0,1.0,1.0,4.0,2.0,2.0,1.0,2.0,0.0,2.0,1.0,6.0,0.0,0.0,4.0,0.0,0.0,1.0,0.0,0.0,3.0,0.0,0.0,1.0,1.0,0.0,2.0,1.0,0.0,0.0,0.0,0.0,0.0,1.0,3.0,1.0,3.0,1.0,4.0,4.0,2.0,1.0,4.0,2.0,0.0,O=C(NC1CCCNC1)c1ccnc2nc(-c3cccs3)[nH]c12
CHEMBL3716414,Active,28.0,7.0,2.0,0.0,42.0,13.0,3.0,0.0,1.0,30.0,17.0,5.0,0.0,0.0,0.0,22.0,17.0,7.0,0.0,0.0,0.0,2.0,27.0,6.0,7.0,0.0,0.0,0.0,1.0,1.0,31.0,6.0,6.0,0.0,0.0,0.0,0.0,30.0,10.0,6.0,0.0,0.0,0.0,0.0,20.0,11.0,7.0,0.0,0.0,0.0,1.0,18.0,6.0,4.0,0.0,1.0,19.0,1.0,3.0,0.0,5.0,10.0,12.0,1.0,0.0,0.0,0.0,1.0,0.0,18.0,6.0,5.0,20.0,6.0,0.0,6.0,0.0,13.0,29.0,18.0,18.0,12.0,6.0,0.0,38.0,46.0,33.0,15.0,37.0,15.0,9.0,12.0,12.0,6.0,6.0,3.0,6.0,3.0,3.0,0.0,3.0,1.0,6.0,NC12CC3CC(C1)CC(NC(=O)c1ccc(O)c4[nH]c(C5CC6CCC5C6)nc14)(C3)C2
CHEMBL3718848,Inactive,15.0,8.0,2.0,2.0,19.0,11.0,3.0,3.0,1.0,16.0,11.0,5.0,2.0,1.0,2.0,13.0,11.0,6.0,2.0,0.0,1.0,1.0,17.0,4.0,5.0,2.0,0.0,0.0,1.0,2.0,16.0,6.0,3.0,3.0,0.0,0.0,2.0,15.0,6.0,4.0,0.0,0.0,0.0,2.0,7.0,6.0,4.0,0.0,3.0,3.0,1.0,7.0,2.0,1.0,2.0,0.0,6.0,1.0,1.0,1.0,1.0,4.0,2.0,2.0,1.0,2.0,0.0,2.0,1.0,6.0,0.0,0.0,4.0,0.0,0.0,1.0,0.0,0.0,3.0,0.0,0.0,1.0,1.0,0.0,2.0,1.0,0.0,0.0,0.0,0.0,0.0,1.0,3.0,1.0,3.0,1.0,4.0,4.0,2.0,1.0,4.0,2.0,0.0,O=C(NC1CCCNC1)c1ccc(O)c2[nH]c(-c3ccc(Br)s3)nc12
CHEMBL3717190,Inactive,11.0,8.0,1.0,0.0,16.0,9.0,1.0,0.0,1.0,13.0,12.0,2.0,0.0,0.0,0.0,16.0,3.0,1.0,0.0,0.0,0.0,3.0,12.0,6.0,2.0,0.0,0.0,0.0,0.0,0.0,8.0,6.0,2.0,0.0,0.0,0.0,0.0,2.0,7.0,3.0,0.0,0.0,0.0,0.0,0.0,1.0,1.0,0.0,0.0,0.0,2.0,0.0,0.0,0.0,0.0,0.0,0.0,0.0,0.0,0.0,1.0,4.0,2.0,2.0,0.0,0.0,0.0,0.0,0.0,6.0,1.0,0.0,5.0,1.0,2.0,0.0,0.0,0.0,5.0,1.0,0.0,0.0,0.0,0.0,3.0,2.0,0.0,0.0,0.0,0.0,0.0,3.0,3.0,0.0,5.0,0.0,3.0,2.0,0.0,1.0,3.0,1.0,0.0,NC(=O)C1CCCN(c2ccnc3[nH]ccc23)C1
CHEMBL3718407,Active,17.0,13.0,1.0,2.0,23.0,15.0,1.0,3.0,2.0,20.0,15.0,3.0,0.0,2.0,2.0,18.0,14.0,4.0,4.0,0.0,0.0,1.0,23.0,4.0,2.0,2.0,0.0,0.0,4.0,3.0,17.0,15.0,2.0,3.0,0.0,0.0,0.0,18.0,13.0,1.0,0.0,0.0,0.0,0.0,12.0,13.0,2.0,0.0,0.0,0.0,2.0,16.0,5.0,0.0,2.0,1.0,13.0,5.0,2.0,1.0,1.0,9.0,2.0,6.0,1.0,2.0,0.0,2.0,1.0,11.0,0.0,0.0,8.0,0.0,0.0,1.0,0.0,0.0,6.0,0.0,0.0,1.0,1.0,0.0,4.0,2.0,0.0,0.0,0.0,0.0,0.0,2.0,5.0,1.0,5.0,1.0,6.0,6.0,2.0,2.0,6.0,3.0,0.0,O=C(NC1CCCNC1)c1ccnc2nc(-c3ccc(N4CCCCC4)s3)[nH]c12
CHEMBL4451419,Active,24.0,5.0,2.0,0.0,37.0,5.0,3.0,0.0,0.0,40.0,7.0,6.0,0.0,0.0,0.0,37.0,6.0,9.0,0.0,0.0,0.0,0.0,35.0,4.0,8.0,0.0,0.0,0.0,0.0,1.0,29.0,3.0,6.0,0.0,0.0,0.0,0.0,22.0,3.0,4.0,0.0,0.0,0.0,0.0,16.0,4.0,3.0,0.0,0.0,0.0,0.0,14.0,4.0,3.0,0.0,1.0,11.0,6.0,1.0,0.0,1.0,0.0,0.0,0.0,0.0,0.0,4.0,0.0,0.0,6.0,0.0,0.0,1.0,0.0,0.0,0.0,2.0,0.0,0.0,0.0,0.0,0.0,0.0,1.0,0.0,0.0,0.0,0.0,0.0,0.0,0.0,0.0,0.0,0.0,0.0,0.0,1.0,2.0,0.0,0.0,3.0,3.0,0.0,Cc1cc(O)c(-c2ccc(C(C)N(C)C)cc2)c2c1[nH]c(=O)c1ccccc12
CHEMBL3672271,Active,21.0,3.0,2.0,2.0,30.0,5.0,3.0,3.0,0.0,32.0,6.0,5.0,0.0,0.0,1.0,29.0,6.0,9.0,2.0,0.0,0.0,0.0,26.0,3.0,7.0,3.0,0.0,0.0,0.0,1.0,20.0,3.0,5.0,4.0,0.0,0.0,0.0,14.0,3.0,3.0,2.0,0.0,0.0,0.0,9.0,4.0,3.0,0.0,0.0,0.0,0.0,6.0,4.0,1.0,1.0,1.0,3.0,3.0,1.0,1.0,1.0,0.0,0.0,0.0,0.0,0.0,2.0,0.0,0.0,4.0,0.0,0.0,1.0,0.0,0.0,0.0,2.0,0.0,0.0,0.0,0.0,0.0,0.0,1.0,0.0,0.0,0.0,0.0,0.0,0.0,0.0,0.0,0.0,0.0,0.0,0.0,1.0,0.0,0.0,0.0,1.0,0.0,0.0,Cc1cc(O)c(-c2ccc(C(C)N)cc2)c2c1[nH]c(=O)c1sccc12
CHEMBL4552688,Active,24.0,3.0,3.0,0.0,35.0,5.0,3.0,0.0,0.0,38.0,7.0,6.0,0.0,0.0,0.0,36.0,6.0,9.0,0.0,0.0,0.0,0.0,36.0,4.0,8.0,0.0,0.0,0.0,0.0,1.0,31.0,4.0,6.0,0.0,0.0,0.0,0.0,24.0,3.0,4.0,0.0,0.0,0.0,0.0,14.0,4.0,4.0,0.0,0.0,0.0,0.0,9.0,5.0,1.0,0.0,1.0,5.0,4.0,1.0,0.0,1.0,0.0,0.0,0.0,0.0,0.0,3.0,0.0,0.0,5.0,0.0,0.0,1.0,0.0,0.0,0.0,2.0,0.0,0.0,0.0,0.0,0.0,0.0,1.0,0.0,0.0,0.0,0.0,0.0,0.0,0.0,0.0,0.0,0.0,0.0,0.0,1.0,0.0,0.0,0.0,1.0,0.0,0.0,COc1cc(C)c2[nH]c(=O)c3ccccc3c2c1-c1ccc(C(C)N)cc1
CHEMBL4534841,Active,25.0,3.0,2.0,0.0,36.0,4.0,3.0,0.0,0.0,38.0,7.0,6.0,3.0,0.0,0.0,35.0,6.0,9.0,0.0,0.0,2.0,0.0,32.0,5.0,8.0,0.0,0.0,2.0,0.0,1.0,28.0,3.0,6.0,0.0,3.0,0.0,3.0,22.0,2.0,4.0,0.0,4.0,0.0,4.0,15.0,3.0,4.0,2.0,0.0,2.0,0.0,11.0,5.0,1.0,0.0,0.0,9.0,3.0,1.0,0.0,1.0,1.0,1.0,0.0,0.0,0.0,2.0,0.0,0.0,5.0,0.0,0.0,2.0,0.0,0.0,0.0,2.0,0.0,1.0,0.0,0.0,0.0,0.0,2.0,0.0,0.0,0.0,0.0,0.0,0.0,0.0,0.0,0.0,0.0,1.0,0.0,1.0,0.0,0.0,0.0,1.0,0.0,0.0,Cc1cc(O)c(-c2ccc(C(C)CN)cc2)c2c1[nH]c(=O)c1c(F)cccc12
CHEMBL4537653,Inactive,27.0,3.0,3.0,0.0,38.0,4.0,5.0,0.0,0.0,40.0,8.0,9.0,0.0,0.0,0.0,37.0,6.0,11.0,0.0,0.0,0.0,0.0,33.0,5.0,10.0,0.0,0.0,0.0,0.0,1.0,29.0,3.0,9.0,0.0,0.0,0.0,0.0,24.0,2.0,8.0,0.0,0.0,0.0,0.0,18.0,3.0,7.0,0.0,0.0,0.0,0.0,14.0,6.0,2.0,0.0,0.0,13.0,3.0,2.0,0.0,0.0,2.0,0.0,0.0,0.0,0.0,1.0,1.0,0.0,6.0,2.0,0.0,4.0,2.0,1.0,0.0,2.0,0.0,3.0,0.0,0.0,0.0,0.0,3.0,1.0,0.0,0.0,0.0,0.0,0.0,0.0,0.0,1.0,0.0,2.0,0.0,1.0,0.0,0.0,0.0,2.0,0.0,0.0,Cc1cc(O)c(-c2ccc(C3(CN)CC3)cc2)c2c1[nH]c(=O)c1c(O)cccc12
CHEMBL4564624,Active,24.0,3.0,2.0,0.0,34.0,4.0,3.0,0.0,0.0,36.0,6.0,6.0,2.0,0.0,0.0,32.0,6.0,8.0,0.0,3.0,3.0,0.0,29.0,5.0,7.0,0.0,3.0,3.0,0.0,1.0,24.0,3.0,6.0,0.0,0.0,4.0,4.0,19.0,2.0,4.0,0.0,0.0,3.0,3.0,14.0,3.0,4.0,0.0,0.0,1.0,0.0,10.0,5.0,1.0,0.0,0.0,7.0,3.0,1.0,0.0,1.0,1.0,1.0,0.0,0.0,0.0,1.0,0.0,0.0,4.0,0.0,0.0,2.0,0.0,0.0,0.0,1.0,0.0,1.0,0.0,0.0,0.0,0.0,2.0,0.0,0.0,0.0,0.0,0.0,0.0,0.0,0.0,0.0,0.0,1.0,0.0,1.0,0.0,0.0,0.0,1.0,0.0,0.0,CC(CN)c1ccc(-c2c(O)cc(Cl)c3[nH]c(=O)c4ccccc4c23)cc1
CHEMBL4535216,Inactive,23.0,3.0,3.0,0.0,32.0,5.0,5.0,0.0,0.0,34.0,6.0,9.0,2.0,0.0,0.0,30.0,6.0,10.0,0.0,3.0,3.0,0.0,28.0,4.0,9.0,0.0,3.0,3.0,0.0,1.0,23.0,3.0,9.0,0.0,0.0,4.0,4.0,17.0,3.0,7.0,0.0,0.0,3.0,3.0,11.0,4.0,5.0,0.0,0.0,1.0,0.0,7.0,4.0,2.0,0.0,1.0,4.0,3.0,2.0,0.0,1.0,0.0,0.0,0.0,0.0,0.0,1.0,0.0,0.0,3.0,0.0,0.0,1.0,0.0,0.0,0.0,1.0,0.0,0.0,0.0,0.0,0.0,0.0,1.0,0.0,0.0,0.0,0.0,0.0,0.0,0.0,0.0,0.0,0.0,0.0,0.0,1.0,0.0,0.0,0.0,1.0,0.0,0.0,CC(N)c1ccc(-c2c(O)cc(Cl)c3[nH]c(=O)c4c(O)cccc4c23)cc1
CHEMBL4585042,Inactive,26.0,5.0,2.0,0.0,41.0,4.0,3.0,0.0,0.0,42.0,7.0,6.0,0.0,0.0,0.0,41.0,6.0,9.0,0.0,0.0,0.0,0.0,37.0,6.0,9.0,0.0,0.0,0.0,0.0,1.0,34.0,3.0,6.0,0.0,0.0,0.0,0.0,27.0,2.0,4.0,0.0,0.0,0.0,0.0,21.0,3.0,5.0,0.0,0.0,0.0,0.0,17.0,5.0,1.0,0.0,0.0,16.0,3.0,3.0,0.0,1.0,1.0,1.0,0.0,0.0,0.0,5.0,0.0,0.0,8.0,0.0,0.0,2.0,0.0,0.0,0.0,3.0,0.0,1.0,0.0,0.0,0.0,0.0,2.0,0.0,0.0,0.0,0.0,0.0,0.0,0.0,0.0,0.0,0.0,1.0,0.0,1.0,2.0,0.0,0.0,3.0,3.0,0.0,Cc1ccc2c(c1)c(=O)[nH]c1c(C)cc(O)c(-c3ccc(C(C)CN(C)C)cc3)c12
CHEMBL4452726,Active,25.0,3.0,2.0,0.0,36.0,5.0,3.0,0.0,0.0,38.0,7.0,6.0,0.0,0.0,0.0,35.0,6.0,9.0,0.0,0.0,0.0,0.0,34.0,4.0,8.0,0.0,0.0,0.0,0.0,1.0,30.0,4.0,7.0,0.0,0.0,0.0,0.0,24.0,3.0,5.0,0.0,0.0,0.0,0.0,14.0,4.0,3.0,0.0,0.0,0.0,0.0,9.0,4.0,1.0,0.0,1.0,6.0,4.0,1.0,0.0,1.0,0.0,0.0,0.0,0.0,0.0,3.0,0.0,0.0,5.0,0.0,0.0,1.0,0.0,0.0,0.0,2.0,0.0,0.0,0.0,0.0,0.0,0.0,1.0,0.0,0.0,0.0,0.0,0.0,0.0,0.0,0.0,0.0,0.0,0.0,0.0,1.0,0.0,0.0,0.0,1.0,0.0,0.0,Cc1ccc2c(=O)[nH]c3c(C)cc(O)c(-c4ccc(C(C)N)cc4)c3c2c1
CHEMBL4469640,Active,26.0,5.0,2.0,0.0,41.0,4.0,3.0,0.0,0.0,42.0,7.0,6.0,0.0,0.0,0.0,41.0,6.0,9.0,0.0,0.0,0.0,0.0,39.0,5.0,8.0,0.0,0.0,0.0,0.0,1.0,35.0,4.0,7.0,0.0,0.0,0.0,0.0,28.0,2.0,5.0,0.0,0.0,0.0,0.0,19.0,3.0,4.0,0.0,0.0,0.0,0.0,16.0,5.0,1.0,0.0,0.0,16.0,3.0,3.0,0.0,1.0,1.0,1.0,0.0,0.0,0.0,5.0,0.0,0.0,8.0,0.0,0.0,2.0,0.0,0.0,0.0,2.0,0.0,1.0,0.0,0.0,0.0,0.0,2.0,0.0,0.0,0.0,0.0,0.0,0.0,0.0,0.0,0.0,0.0,1.0,0.0,1.0,2.0,0.0,0.0,3.0,3.0,0.0,Cc1ccc2c(=O)[nH]c3c(C)cc(O)c(-c4ccc(C(C)CN(C)C)cc4)c3c2c1
CHEMBL3715542,Active,18.0,8.0,2.0,0.0,24.0,10.0,3.0,0.0,1.0,16.0,15.0,5.0,0.0,0.0,0.0,16.0,10.0,5.0,0.0,0.0,0.0,2.0,18.0,5.0,6.0,0.0,0.0,0.0,1.0,1.0,20.0,4.0,4.0,0.0,0.0,0.0,0.0,16.0,7.0,6.0,0.0,0.0,0.0,0.0,11.0,7.0,3.0,0.0,0.0,0.0,1.0,10.0,4.0,2.0,0.0,1.0,9.0,2.0,1.0,0.0,2.0,9.0,5.0,5.0,1.0,3.0,0.0,2.0,2.0,12.0,1.0,0.0,10.0,1.0,2.0,0.0,0.0,0.0,10.0,1.0,0.0,0.0,0.0,0.0,8.0,3.0,0.0,0.0,0.0,0.0,0.0,3.0,3.0,1.0,5.0,2.0,3.0,3.0,1.0,1.0,4.0,2.0,0.0,O=C(NCC1CCCNC1)c1ccc(O)c2[nH]c(C3CCCC3)nc12
CHEMBL3716048,Inactive,13.0,10.0,3.0,0.0,17.0,12.0,4.0,0.0,2.0,14.0,12.0,3.0,2.0,2.0,0.0,11.0,13.0,6.0,0.0,0.0,1.0,1.0,16.0,4.0,3.0,0.0,0.0,0.0,2.0,4.0,13.0,9.0,5.0,0.0,0.0,0.0,2.0,13.0,8.0,1.0,0.0,0.0,0.0,1.0,6.0,6.0,3.0,0.0,3.0,3.0,2.0,6.0,3.0,2.0,0.0,0.0,6.0,1.0,1.0,0.0,1.0,4.0,2.0,2.0,1.0,2.0,0.0,2.0,1.0,6.0,0.0,0.0,4.0,0.0,0.0,1.0,0.0,0.0,3.0,0.0,0.0,1.0,1.0,0.0,2.0,1.0,0.0,0.0,0.0,0.0,0.0,1.0,3.0,1.0,3.0,1.0,4.0,4.0,2.0,1.0,4.0,2.0,0.0,O=C(NC1CCCNC1)c1ccnc2nc(-c3ccc(Br)o3)[nH]c12
CHEMBL3719168,Inactive,14.0,10.0,1.0,2.0,19.0,11.0,1.0,3.0,2.0,14.0,14.0,3.0,2.0,1.0,2.0,12.0,12.0,3.0,2.0,0.0,1.0,2.0,15.0,5.0,3.0,1.0,0.0,0.0,2.0,2.0,14.0,7.0,2.0,3.0,0.0,0.0,2.0,15.0,7.0,2.0,0.0,0.0,0.0,1.0,8.0,9.0,2.0,0.0,3.0,3.0,1.0,8.0,4.0,0.0,1.0,2.0,6.0,3.0,0.0,2.0,1.0,5.0,3.0,2.0,1.0,3.0,0.0,2.0,2.0,7.0,1.0,0.0,5.0,1.0,2.0,0.0,0.0,0.0,5.0,1.0,0.0,0.0,0.0,0.0,3.0,2.0,0.0,0.0,0.0,0.0,0.0,3.0,3.0,1.0,5.0,2.0,3.0,3.0,1.0,1.0,4.0,2.0,0.0,O=C(NCC1CCCNC1)c1ccnc2nc(-c3ccc(Br)s3)[nH]c12
CHEMBL3717063,Active,16.0,9.0,1.0,2.0,21.0,11.0,1.0,3.0,2.0,17.0,14.0,3.0,0.0,1.0,2.0,13.0,14.0,4.0,2.0,0.0,0.0,1.0,17.0,5.0,3.0,1.0,0.0,0.0,2.0,2.0,16.0,7.0,2.0,3.0,0.0,0.0,0.0,16.0,8.0,2.0,0.0,0.0,0.0,0.0,9.0,8.0,2.0,0.0,0.0,0.0,0.0,9.0,5.0,0.0,2.0,0.0,8.0,4.0,0.0,2.0,2.0,5.0,5.0,2.0,0.0,0.0,0.0,1.0,0.0,8.0,1.0,1.0,7.0,1.0,1.0,1.0,0.0,1.0,8.0,2.0,1.0,2.0,2.0,0.0,8.0,8.0,3.0,0.0,1.0,0.0,1.0,6.0,4.0,2.0,4.0,2.0,3.0,2.0,2.0,0.0,3.0,1.0,1.0,NCC1CCC(NC(=O)c2ccnc3[nH]c(-c4cccs4)nc23)CC1
CHEMBL3715871,Inactive,11.0,9.0,1.0,0.0,15.0,10.0,1.0,0.0,2.0,11.0,12.0,3.0,0.0,1.0,0.0,9.0,8.0,4.0,0.0,0.0,0.0,2.0,9.0,3.0,3.0,0.0,0.0,0.0,2.0,2.0,10.0,5.0,1.0,0.0,0.0,0.0,0.0,8.0,8.0,0.0,0.0,0.0,0.0,0.0,4.0,7.0,0.0,0.0,0.0,0.0,1.0,1.0,3.0,0.0,0.0,2.0,0.0,0.0,0.0,0.0,2.0,4.0,4.0,2.0,0.0,0.0,0.0,1.0,0.0,7.0,0.0,1.0,6.0,0.0,0.0,2.0,0.0,0.0,6.0,0.0,0.0,4.0,2.0,0.0,6.0,6.0,1.0,0.0,0.0,0.0,1.0,4.0,4.0,2.0,4.0,2.0,4.0,2.0,2.0,0.0,3.0,1.0,2.0,NC1CCCC(NC(=O)c2ccnc3nc[nH]c23)C1
CHEMBL4535960,Inactive,25.0,3.0,2.0,0.0,36.0,5.0,3.0,0.0,0.0,39.0,7.0,6.0,0.0,0.0,0.0,35.0,7.0,10.0,0.0,0.0,0.0,0.0,33.0,4.0,8.0,0.0,0.0,0.0,0.0,1.0,30.0,3.0,6.0,0.0,0.0,0.0,0.0,24.0,3.0,5.0,0.0,0.0,0.0,0.0,14.0,4.0,3.0,0.0,0.0,0.0,0.0,9.0,4.0,1.0,0.0,1.0,6.0,4.0,1.0,0.0,1.0,0.0,0.0,0.0,0.0,0.0,3.0,0.0,0.0,5.0,0.0,0.0,1.0,0.0,0.0,0.0,2.0,0.0,0.0,0.0,0.0,0.0,0.0,1.0,0.0,0.0,0.0,0.0,0.0,0.0,0.0,0.0,0.0,0.0,0.0,0.0,1.0,0.0,0.0,0.0,1.0,0.0,0.0,Cc1cc(O)c(-c2ccc(C(C)N)cc2)c2c1[nH]c(=O)c1c(C)cccc12
CHEMBL3717206,Inactive,16.0,8.0,2.0,2.0,21.0,10.0,3.0,3.0,1.0,17.0,12.0,5.0,0.0,0.0,2.0,13.0,12.0,5.0,2.0,0.0,0.0,1.0,17.0,3.0,6.0,2.0,0.0,0.0,2.0,1.0,17.0,4.0,4.0,3.0,0.0,0.0,0.0,17.0,5.0,4.0,0.0,0.0,0.0,0.0,10.0,8.0,3.0,0.0,0.0,0.0,0.0,9.0,4.0,2.0,1.0,1.0,6.0,2.0,2.0,2.0,1.0,5.0,3.0,2.0,2.0,3.0,0.0,2.0,1.0,7.0,1.0,0.0,5.0,1.0,1.0,0.0,0.0,0.0,5.0,2.0,1.0,0.0,0.0,0.0,4.0,1.0,0.0,0.0,0.0,0.0,0.0,1.0,6.0,2.0,4.0,2.0,3.0,3.0,1.0,1.0,4.0,2.0,0.0,O=C(NCC1CCNCC1)c1ccc(O)c2[nH]c(-c3cccs3)nc12
CHEMBL3715740,Active,15.0,8.0,2.0,0.0,17.0,11.0,3.0,0.0,1.0,14.0,13.0,5.0,0.0,1.0,0.0,15.0,7.0,6.0,0.0,0.0,0.0,1.0,15.0,4.0,5.0,0.0,0.0,0.0,1.0,2.0,15.0,6.0,4.0,0.0,0.0,0.0,0.0,9.0,7.0,3.0,0.0,0.0,0.0,0.0,8.0,4.0,2.0,0.0,0.0,0.0,1.0,7.0,2.0,1.0,0.0,0.0,3.0,2.0,1.0,0.0,2.0,5.0,2.0,2.0,1.0,2.0,0.0,2.0,1.0,9.0,1.0,0.0,7.0,1.0,0.0,1.0,0.0,0.0,4.0,0.0,0.0,1.0,1.0,0.0,2.0,1.0,0.0,0.0,0.0,0.0,0.0,1.0,3.0,1.0,3.0,1.0,4.0,4.0,2.0,1.0,4.0,2.0,0.0,O=C(NC1CCCNC1)c1ccc(O)c2[nH]c(C3CC3)nc12
CHEMBL3716598,Inactive,17.0,9.0,1.0,0.0,27.0,12.0,1.0,0.0,2.0,21.0,14.0,3.0,0.0,1.0,0.0,14.0,12.0,5.0,0.0,0.0,0.0,2.0,14.0,3.0,4.0,0.0,0.0,0.0,2.0,2.0,16.0,6.0,3.0,0.0,0.0,0.0,0.0,15.0,11.0,0.0,0.0,0.0,0.0,0.0,9.0,11.0,0.0,0.0,0.0,0.0,1.0,3.0,7.0,0.0,0.0,2.0,0.0,0.0,0.0,0.0,2.0,6.0,6.0,0.0,0.0,0.0,0.0,1.0,0.0,11.0,4.0,4.0,12.0,4.0,0.0,6.0,0.0,12.0,18.0,12.0,12.0,12.0,6.0,0.0,24.0,36.0,28.0,15.0,36.0,15.0,9.0,12.0,12.0,6.0,6.0,3.0,6.0,3.0,3.0,0.0,3.0,1.0,6.0,NC12CC3CC(C1)CC(NC(=O)c1ccnc4[nH]cnc14)(C3)C2
CHEMBL3716771,Inactive,13.0,10.0,1.0,2.0,17.0,12.0,1.0,3.0,2.0,14.0,12.0,3.0,0.0,2.0,2.0,11.0,13.0,4.0,2.0,0.0,0.0,1.0,16.0,4.0,2.0,1.0,0.0,0.0,2.0,3.0,13.0,9.0,2.0,3.0,0.0,0.0,0.0,13.0,8.0,1.0,0.0,0.0,0.0,0.0,6.0,6.0,2.0,0.0,0.0,0.0,2.0,6.0,3.0,0.0,2.0,0.0,6.0,1.0,0.0,1.0,1.0,4.0,2.0,2.0,1.0,2.0,0.0,2.0,1.0,6.0,0.0,0.0,4.0,0.0,0.0,1.0,0.0,0.0,3.0,0.0,0.0,1.0,1.0,0.0,2.0,1.0,0.0,0.0,0.0,0.0,0.0,1.0,3.0,1.0,3.0,1.0,4.0,4.0,2.0,1.0,4.0,2.0,0.0,O=C(NC1CCCNC1)c1ccnc2nc(-c3cccs3)[nH]c12
CHEMBL4591205,Active,26.0,3.0,2.0,0.0,38.0,4.0,3.0,0.0,0.0,40.0,7.0,6.0,0.0,0.0,0.0,37.0,6.0,9.0,0.0,0.0,0.0,0.0,33.0,6.0,9.0,0.0,0.0,0.0,0.0,1.0,30.0,3.0,6.0,0.0,0.0,0.0,0.0,25.0,2.0,4.0,0.0,0.0,0.0,0.0,19.0,3.0,5.0,0.0,0.0,0.0,0.0,13.0,5.0,1.0,0.0,0.0,10.0,3.0,1.0,0.0,1.0,1.0,1.0,0.0,0.0,0.0,3.0,0.0,0.0,6.0,0.0,0.0,2.0,0.0,0.0,0.0,3.0,0.0,1.0,0.0,0.0,0.0,0.0,2.0,0.0,0.0,0.0,0.0,0.0,0.0,0.0,0.0,0.0,0.0,1.0,0.0,1.0,0.0,0.0,0.0,1.0,0.0,0.0,Cc1ccc2c(c1)c(=O)[nH]c1c(C)cc(O)c(-c3ccc(C(C)CN)cc3)c12
CHEMBL4445123,Active,25.0,3.0,2.0,0.0,36.0,4.0,3.0,0.0,0.0,38.0,7.0,6.0,0.0,0.0,0.0,35.0,6.0,9.0,0.0,0.0,0.0,0.0,32.0,5.0,8.0,0.0,0.0,0.0,0.0,1.0,28.0,3.0,6.0,0.0,0.0,0.0,0.0,22.0,2.0,4.0,0.0,0.0,0.0,0.0,15.0,3.0,4.0,0.0,0.0,0.0,0.0,11.0,5.0,1.0,0.0,0.0,9.0,3.0,1.0,0.0,1.0,1.0,1.0,0.0,0.0,0.0,2.0,0.0,0.0,5.0,0.0,0.0,2.0,0.0,0.0,0.0,2.0,0.0,1.0,0.0,0.0,0.0,0.0,2.0,0.0,0.0,0.0,0.0,0.0,0.0,0.0,0.0,0.0,0.0,1.0,0.0,1.0,0.0,0.0,0.0,1.0,0.0,0.0,Cc1cc(O)c(-c2ccc(C(C)CN)cc2)c2c1[nH]c(=O)c1ccccc12
CHEMBL4474776,Inactive,24.0,3.0,3.0,0.0,34.0,5.0,5.0,0.0,0.0,36.0,7.0,9.0,0.0,0.0,0.0,33.0,6.0,11.0,0.0,0.0,0.0,0.0,31.0,4.0,10.0,0.0,0.0,0.0,0.0,1.0,27.0,3.0,9.0,0.0,0.0,0.0,0.0,20.0,3.0,8.0,0.0,0.0,0.0,0.0,12.0,4.0,5.0,0.0,0.0,0.0,0.0,8.0,4.0,2.0,0.0,1.0,5.0,4.0,2.0,0.0,1.0,0.0,0.0,0.0,0.0,0.0,2.0,0.0,0.0,4.0,0.0,0.0,1.0,0.0,0.0,0.0,2.0,0.0,0.0,0.0,0.0,0.0,0.0,1.0,0.0,0.0,0.0,0.0,0.0,0.0,0.0,0.0,0.0,0.0,0.0,0.0,1.0,0.0,0.0,0.0,1.0,0.0,0.0,Cc1cc(O)c(-c2ccc(C(C)N)cc2)c2c1[nH]c(=O)c1c(O)cccc12
CHEMBL4588267,Inactive,23.0,5.0,3.0,0.0,35.0,5.0,5.0,0.0,0.0,38.0,6.0,9.0,2.0,0.0,0.0,34.0,6.0,10.0,0.0,3.0,3.0,0.0,32.0,4.0,9.0,0.0,3.0,3.0,0.0,1.0,25.0,3.0,9.0,0.0,0.0,4.0,4.0,19.0,3.0,7.0,0.0,0.0,3.0,3.0,15.0,4.0,5.0,0.0,0.0,1.0,0.0,13.0,4.0,4.0,0.0,1.0,10.0,5.0,2.0,0.0,1.0,0.0,0.0,0.0,0.0,0.0,3.0,0.0,0.0,5.0,0.0,0.0,1.0,0.0,0.0,0.0,1.0,0.0,0.0,0.0,0.0,0.0,0.0,1.0,0.0,0.0,0.0,0.0,0.0,0.0,0.0,0.0,0.0,0.0,0.0,0.0,1.0,2.0,0.0,0.0,3.0,3.0,0.0,CC(c1ccc(-c2c(O)cc(Cl)c3[nH]c(=O)c4c(O)cccc4c23)cc1)N(C)C
CHEMBL3717479,Active,23.0,7.0,2.0,2.0,33.0,13.0,3.0,3.0,1.0,27.0,15.0,5.0,0.0,0.0,2.0,19.0,15.0,7.0,2.0,0.0,0.0,2.0,23.0,4.0,7.0,2.0,0.0,0.0,1.0,1.0,24.0,6.0,5.0,3.0,0.0,0.0,0.0,25.0,9.0,4.0,0.0,0.0,0.0,0.0,16.0,10.0,5.0,0.0,0.0,0.0,1.0,14.0,5.0,3.0,3.0,1.0,12.0,1.0,3.0,3.0,2.0,6.0,6.0,0.0,0.0,0.0,0.0,1.0,0.0,11.0,4.0,4.0,12.0,4.0,0.0,6.0,0.0,12.0,18.0,12.0,12.0,12.0,6.0,0.0,24.0,36.0,28.0,15.0,36.0,15.0,9.0,12.0,12.0,6.0,6.0,3.0,6.0,3.0,3.0,0.0,3.0,1.0,6.0,NC12CC3CC(C1)CC(NC(=O)c1ccc(O)c4[nH]c(-c5cccs5)nc14)(C3)C2
CHEMBL3718092,Inactive,16.0,8.0,2.0,0.0,19.0,10.0,3.0,0.0,1.0,15.0,14.0,5.0,0.0,0.0,0.0,15.0,8.0,5.0,0.0,0.0,0.0,1.0,15.0,3.0,6.0,0.0,0.0,0.0,2.0,1.0,16.0,4.0,5.0,0.0,0.0,0.0,0.0,11.0,6.0,3.0,0.0,0.0,0.0,0.0,11.0,6.0,1.0,0.0,0.0,0.0,0.0,8.0,4.0,2.0,0.0,1.0,6.0,2.0,2.0,0.0,2.0,6.0,3.0,2.0,2.0,3.0,0.0,2.0,1.0,10.0,2.0,0.0,8.0,2.0,1.0,0.0,0.0,0.0,6.0,2.0,1.0,0.0,0.0,0.0,4.0,1.0,0.0,0.0,0.0,0.0,0.0,1.0,6.0,2.0,4.0,2.0,3.0,3.0,1.0,1.0,4.0,2.0,0.0,O=C(NCC1CCNCC1)c1ccc(O)c2[nH]c(C3CC3)nc12
CHEMBL3716274,Inactive,15.0,13.0,3.0,2.0,21.0,16.0,3.0,3.0,2.0,22.0,13.0,3.0,0.0,2.0,3.0,17.0,14.0,5.0,4.0,0.0,0.0,1.0,20.0,4.0,4.0,3.0,0.0,0.0,4.0,3.0,15.0,15.0,3.0,3.0,0.0,0.0,0.0,17.0,13.0,2.0,0.0,0.0,0.0,0.0,12.0,11.0,2.0,0.0,0.0,0.0,2.0,14.0,5.0,2.0,2.0,1.0,12.0,4.0,3.0,1.0,1.0,8.0,2.0,4.0,1.0,2.0,0.0,2.0,1.0,10.0,0.0,0.0,6.0,0.0,0.0,1.0,0.0,0.0,3.0,0.0,0.0,1.0,1.0,0.0,2.0,1.0,0.0,0.0,0.0,0.0,0.0,1.0,3.0,1.0,3.0,1.0,6.0,6.0,2.0,2.0,6.0,3.0,0.0,O=C(NC1CCCNC1)c1ccnc2nc(-c3cc(N4CCOCC4)cs3)[nH]c12
CHEMBL3718368,Active,14.0,13.0,2.0,2.0,20.0,14.0,2.0,3.0,2.0,18.0,14.0,3.0,0.0,2.0,2.0,16.0,14.0,6.0,3.0,0.0,0.0,1.0,20.0,4.0,3.0,1.0,0.0,0.0,4.0,3.0,14.0,15.0,4.0,3.0,0.0,0.0,0.0,17.0,11.0,2.0,0.0,0.0,0.0,0.0,10.0,11.0,2.0,0.0,0.0,0.0,2.0,13.0,4.0,2.0,2.0,1.0,9.0,4.0,3.0,1.0,1.0,6.0,2.0,3.0,1.0,2.0,1.0,2.0,1.0,9.0,0.0,0.0,5.0,0.0,0.0,1.0,0.0,0.0,3.0,0.0,0.0,1.0,1.0,0.0,2.0,1.0,0.0,0.0,0.0,0.0,0.0,1.0,3.0,1.0,3.0,1.0,5.0,5.0,2.0,1.0,6.0,3.0,0.0,CN(CCO)c1ccc(-c2nc3c(C(=O)NC4CCCNC4)ccnc3[nH]2)s1
CHEMBL3718758,Active,15.0,10.0,1.0,2.0,20.0,11.0,1.0,3.0,2.0,15.0,14.0,3.0,0.0,1.0,0.0,14.0,10.0,3.0,0.0,0.0,0.0,2.0,13.0,9.0,3.0,2.0,0.0,0.0,2.0,2.0,17.0,6.0,2.0,1.0,0.0,0.0,0.0,14.0,9.0,2.0,3.0,0.0,0.0,0.0,14.0,8.0,1.0,0.0,0.0,0.0,1.0,7.0,6.0,2.0,1.0,2.0,7.0,3.0,0.0,1.0,1.0,6.0,3.0,2.0,1.0,3.0,0.0,2.0,2.0,8.0,1.0,0.0,5.0,1.0,2.0,0.0,0.0,0.0,5.0,1.0,0.0,0.0,0.0,0.0,3.0,2.0,0.0,0.0,0.0,0.0,0.0,3.0,3.0,1.0,5.0,2.0,3.0,3.0,1.0,1.0,4.0,2.0,0.0,O=C(NCC1CCCNC1)c1ccnc2nc(Cc3cccs3)[nH]c12
CHEMBL3716544,Active,21.0,9.0,1.0,0.0,29.0,14.0,1.0,0.0,2.0,23.0,18.0,3.0,0.0,1.0,0.0,19.0,13.0,5.0,0.0,0.0,0.0,2.0,19.0,5.0,4.0,0.0,0.0,0.0,2.0,2.0,22.0,7.0,4.0,0.0,0.0,0.0,0.0,16.0,13.0,2.0,0.0,0.0,0.0,0.0,14.0,11.0,0.0,0.0,0.0,0.0,1.0,12.0,7.0,0.0,0.0,2.0,9.0,1.0,0.0,0.0,3.0,7.0,6.0,0.0,0.0,0.0,0.0,1.0,0.0,14.0,5.0,4.0,15.0,5.0,0.0,6.0,0.0,12.0,19.0,12.0,12.0,12.0,6.0,0.0,24.0,36.0,28.0,15.0,36.0,15.0,9.0,12.0,12.0,6.0,6.0,3.0,6.0,3.0,3.0,0.0,3.0,1.0,6.0,NC12CC3CC(C1)CC(NC(=O)c1ccnc4[nH]c(C5CC5)nc14)(C3)C2
CHEMBL3716044,Inactive,13.0,10.0,1.0,2.0,17.0,12.0,1.0,3.0,2.0,14.0,12.0,3.0,2.0,2.0,2.0,11.0,13.0,4.0,2.0,0.0,1.0,1.0,16.0,4.0,2.0,1.0,0.0,0.0,2.0,3.0,13.0,9.0,2.0,3.0,0.0,0.0,2.0,13.0,8.0,1.0,0.0,0.0,0.0,1.0,6.0,6.0,2.0,0.0,3.0,3.0,2.0,6.0,3.0,0.0,2.0,0.0,6.0,1.0,0.0,1.0,1.0,4.0,2.0,2.0,1.0,2.0,0.0,2.0,1.0,6.0,0.0,0.0,4.0,0.0,0.0,1.0,0.0,0.0,3.0,0.0,0.0,1.0,1.0,0.0,2.0,1.0,0.0,0.0,0.0,0.0,0.0,1.0,3.0,1.0,3.0,1.0,4.0,4.0,2.0,1.0,4.0,2.0,0.0,O=C(NC1CCCNC1)c1ccnc2nc(-c3ccc(Br)s3)[nH]c12
CHEMBL3716403,Inactive,14.0,10.0,1.0,2.0,18.0,12.0,1.0,3.0,2.0,15.0,12.0,3.0,2.0,2.0,2.0,11.0,14.0,3.0,2.0,0.0,1.0,1.0,15.0,5.0,2.0,1.0,0.0,0.0,2.0,3.0,13.0,8.0,3.0,3.0,0.0,0.0,2.0,15.0,6.0,2.0,0.0,0.0,0.0,1.0,9.0,7.0,2.0,0.0,3.0,3.0,2.0,8.0,6.0,0.0,1.0,0.0,6.0,3.0,0.0,1.0,1.0,5.0,2.0,3.0,1.0,2.0,0.0,2.0,1.0,7.0,0.0,0.0,5.0,0.0,0.0,1.0,0.0,0.0,4.0,0.0,0.0,1.0,0.0,0.0,3.0,2.0,1.0,0.0,0.0,0.0,1.0,2.0,3.0,1.0,3.0,1.0,4.0,4.0,1.0,2.0,4.0,2.0,0.0,O=C(NCC1CCCCN1)c1ccnc2nc(-c3ccc(Br)s3)[nH]c12
CHEMBL3718439,Active,15.0,9.0,1.0,2.0,19.0,12.0,1.0,3.0,2.0,15.0,14.0,3.0,0.0,1.0,2.0,12.0,13.0,4.0,2.0,0.0,0.0,2.0,17.0,4.0,3.0,1.0,0.0,0.0,2.0,2.0,15.0,8.0,2.0,3.0,0.0,0.0,0.0,15.0,9.0,1.0,0.0,0.0,0.0,0.0,7.0,9.0,2.0,0.0,0.0,0.0,1.0,7.0,3.0,0.0,2.0,2.0,7.0,1.0,0.0,2.0,2.0,4.0,4.0,2.0,0.0,0.0,0.0,1.0,0.0,7.0,0.0,1.0,6.0,0.0,0.0,2.0,0.0,0.0,6.0,0.0,0.0,4.0,2.0,0.0,6.0,6.0,1.0,0.0,0.0,0.0,1.0,4.0,4.0,2.0,4.0,2.0,4.0,2.0,2.0,0.0,3.0,1.0,2.0,NC1CCCC(NC(=O)c2ccnc3nc(-c4cccs4)[nH]c23)C1
CHEMBL3717030,Active,15.0,10.0,1.0,2.0,20.0,11.0,1.0,3.0,2.0,16.0,13.0,3.0,0.0,1.0,2.0,12.0,14.0,3.0,2.0,0.0,0.0,1.0,16.0,4.0,2.0,1.0,0.0,0.0,3.0,2.0,13.0,8.0,3.0,3.0,0.0,0.0,0.0,16.0,5.0,2.0,0.0,0.0,0.0,0.0,10.0,8.0,3.0,0.0,0.0,0.0,0.0,10.0,7.0,0.0,1.0,1.0,8.0,4.0,0.0,1.0,1.0,6.0,3.0,3.0,2.0,3.0,0.0,2.0,1.0,8.0,1.0,0.0,6.0,1.0,1.0,0.0,0.0,0.0,6.0,2.0,1.0,0.0,0.0,0.0,5.0,3.0,1.0,0.0,0.0,0.0,1.0,3.0,5.0,2.0,4.0,1.0,3.0,3.0,1.0,1.0,4.0,2.0,0.0,O=C(NCCC1CCCNC1)c1ccnc2nc(-c3cccs3)[nH]c12
CHEMBL3715825,Active,14.0,10.0,1.0,2.0,19.0,11.0,1.0,3.0,2.0,14.0,14.0,3.0,0.0,1.0,2.0,12.0,12.0,3.0,2.0,0.0,0.0,2.0,15.0,5.0,3.0,1.0,0.0,0.0,2.0,2.0,14.0,7.0,2.0,3.0,0.0,0.0,0.0,15.0,7.0,2.0,0.0,0.0,0.0,0.0,8.0,9.0,2.0,0.0,0.0,0.0,1.0,8.0,4.0,0.0,1.0,2.0,6.0,3.0,0.0,2.0,1.0,5.0,3.0,2.0,1.0,3.0,0.0,2.0,2.0,7.0,1.0,0.0,5.0,1.0,2.0,0.0,0.0,0.0,5.0,1.0,0.0,0.0,0.0,0.0,3.0,2.0,0.0,0.0,0.0,0.0,0.0,3.0,3.0,1.0,5.0,2.0,3.0,3.0,1.0,1.0,4.0,2.0,0.0,O=C(NCC1CCCNC1)c1ccnc2nc(-c3cccs3)[nH]c12
CHEMBL3716936,Inactive,13.0,12.0,1.0,2.0,17.0,13.0,1.0,3.0,3.0,14.0,13.0,3.0,0.0,1.0,2.0,12.0,14.0,3.0,2.0,0.0,0.0,1.0,16.0,3.0,2.0,1.0,0.0,0.0,4.0,2.0,11.0,10.0,2.0,3.0,0.0,0.0,0.0,14.0,6.0,1.0,0.0,0.0,0.0,0.0,7.0,9.0,4.0,0.0,0.0,0.0,0.0,9.0,6.0,0.0,1.0,2.0,8.0,4.0,0.0,1.0,0.0,3.0,0.0,2.0,1.0,1.0,0.0,1.0,0.0,4.0,0.0,0.0,2.0,0.0,0.0,0.0,0.0,0.0,1.0,0.0,0.0,0.0,0.0,0.0,0.0,0.0,0.0,0.0,0.0,0.0,0.0,0.0,0.0,0.0,1.0,1.0,1.0,1.0,1.0,0.0,2.0,1.0,0.0,O=C(NCCCc1ncc[nH]1)c1ccnc2nc(-c3cccs3)[nH]c12
CHEMBL3716639,Active,13.0,10.0,1.0,2.0,17.0,12.0,1.0,3.0,2.0,14.0,12.0,3.0,0.0,2.0,2.0,11.0,13.0,4.0,2.0,0.0,0.0,1.0,16.0,4.0,2.0,1.0,0.0,0.0,2.0,3.0,13.0,9.0,2.0,3.0,0.0,0.0,0.0,13.0,8.0,1.0,0.0,0.0,0.0,0.0,6.0,6.0,2.0,0.0,0.0,0.0,2.0,6.0,3.0,0.0,2.0,0.0,6.0,1.0,0.0,1.0,1.0,4.0,2.0,2.0,1.0,2.0,0.0,2.0,1.0,6.0,0.0,0.0,4.0,0.0,0.0,1.0,0.0,0.0,3.0,0.0,0.0,1.0,1.0,0.0,2.0,1.0,0.0,0.0,0.0,0.0,0.0,1.0,3.0,1.0,3.0,1.0,4.0,4.0,2.0,1.0,4.0,2.0,0.0,O=C(NC1CCCNC1)c1ccnc2nc(-c3cccs3)[nH]c12
CHEMBL3716376,Inactive,15.0,9.0,2.0,0.0,19.0,11.0,3.0,0.0,1.0,16.0,13.0,5.0,0.0,1.0,0.0,16.0,8.0,6.0,0.0,0.0,0.0,1.0,16.0,4.0,5.0,0.0,0.0,0.0,1.0,2.0,16.0,6.0,5.0,0.0,0.0,0.0,0.0,11.0,7.0,3.0,0.0,0.0,0.0,0.0,10.0,5.0,2.0,0.0,0.0,0.0,1.0,9.0,3.0,1.0,0.0,0.0,4.0,2.0,2.0,0.0,2.0,5.0,2.0,2.0,0.0,0.0,1.0,1.0,0.0,10.0,1.0,0.0,7.0,1.0,0.0,1.0,0.0,0.0,4.0,0.0,0.0,1.0,1.0,0.0,2.0,1.0,0.0,0.0,0.0,0.0,0.0,1.0,3.0,1.0,3.0,1.0,4.0,6.0,2.0,1.0,5.0,4.0,0.0,CN1CCCC(NC(=O)c2ccc(O)c3[nH]c(C4CC4)nc23)C1
CHEMBL4562809,Inactive,24.0,5.0,3.0,0.0,37.0,5.0,5.0,0.0,0.0,40.0,7.0,9.0,0.0,0.0,0.0,37.0,6.0,11.0,0.0,0.0,0.0,0.0,35.0,4.0,10.0,0.0,0.0,0.0,0.0,1.0,29.0,3.0,9.0,0.0,0.0,0.0,0.0,22.0,3.0,8.0,0.0,0.0,0.0,0.0,16.0,4.0,5.0,0.0,0.0,0.0,0.0,14.0,4.0,4.0,0.0,1.0,11.0,6.0,2.0,0.0,1.0,0.0,0.0,0.0,0.0,0.0,4.0,0.0,0.0,6.0,0.0,0.0,1.0,0.0,0.0,0.0,2.0,0.0,0.0,0.0,0.0,0.0,0.0,1.0,0.0,0.0,0.0,0.0,0.0,0.0,0.0,0.0,0.0,0.0,0.0,0.0,1.0,2.0,0.0,0.0,3.0,3.0,0.0,Cc1cc(O)c(-c2ccc(C(C)N(C)C)cc2)c2c1[nH]c(=O)c1c(O)cccc12
CHEMBL4439067,Inactive,26.0,3.0,3.0,0.0,36.0,4.0,5.0,0.0,0.0,38.0,7.0,9.0,2.0,0.0,0.0,34.0,6.0,10.0,0.0,3.0,3.0,0.0,30.0,5.0,9.0,0.0,3.0,3.0,0.0,1.0,25.0,3.0,9.0,0.0,0.0,4.0,4.0,21.0,2.0,7.0,0.0,0.0,3.0,3.0,17.0,3.0,7.0,0.0,0.0,1.0,0.0,13.0,6.0,2.0,0.0,0.0,10.0,3.0,2.0,0.0,0.0,2.0,0.0,0.0,0.0,0.0,0.0,0.0,0.0,5.0,2.0,0.0,4.0,2.0,1.0,0.0,1.0,0.0,3.0,0.0,0.0,0.0,0.0,3.0,1.0,0.0,0.0,0.0,0.0,0.0,0.0,0.0,1.0,0.0,2.0,0.0,1.0,0.0,0.0,0.0,1.0,0.0,0.0,NCC1(c2ccc(-c3c(O)cc(Cl)c4[nH]c(=O)c5c(O)cccc5c34)cc2)CC1
CHEMBL4458873,Active,26.0,3.0,2.0,0.0,38.0,4.0,3.0,0.0,0.0,41.0,7.0,6.0,0.0,0.0,0.0,37.0,7.0,10.0,0.0,0.0,0.0,0.0,34.0,5.0,8.0,0.0,0.0,0.0,0.0,1.0,31.0,3.0,6.0,0.0,0.0,0.0,0.0,26.0,2.0,5.0,0.0,0.0,0.0,0.0,17.0,3.0,4.0,0.0,0.0,0.0,0.0,12.0,5.0,1.0,0.0,0.0,10.0,3.0,1.0,0.0,1.0,1.0,1.0,0.0,0.0,0.0,3.0,0.0,0.0,6.0,0.0,0.0,2.0,0.0,0.0,0.0,2.0,0.0,1.0,0.0,0.0,0.0,0.0,2.0,0.0,0.0,0.0,0.0,0.0,0.0,0.0,0.0,0.0,0.0,1.0,0.0,1.0,0.0,0.0,0.0,1.0,0.0,0.0,Cc1cc(O)c(-c2ccc(C(C)CN)cc2)c2c1[nH]c(=O)c1c(C)cccc12
CHEMBL3716415,Inactive,16.0,8.0,1.0,2.0,22.0,9.0,1.0,3.0,1.0,17.0,12.0,3.0,0.0,0.0,1.0,15.0,10.0,4.0,2.0,0.0,0.0,1.0,16.0,4.0,3.0,1.0,0.0,0.0,2.0,2.0,15.0,6.0,2.0,3.0,0.0,0.0,0.0,17.0,5.0,2.0,0.0,0.0,0.0,0.0,9.0,9.0,2.0,0.0,0.0,0.0,0.0,9.0,3.0,0.0,1.0,2.0,6.0,3.0,0.0,2.0,1.0,5.0,3.0,2.0,1.0,3.0,0.0,2.0,2.0,7.0,1.0,0.0,5.0,1.0,2.0,0.0,0.0,0.0,5.0,1.0,0.0,0.0,0.0,0.0,3.0,2.0,0.0,0.0,0.0,0.0,0.0,3.0,3.0,1.0,5.0,2.0,3.0,3.0,1.0,1.0,4.0,2.0,0.0,O=C(NCC1CCCNC1)c1ccnc2[nH]c(-c3cccs3)cc12
CHEMBL3717532,Active,16.0,14.0,1.0,2.0,22.0,17.0,1.0,3.0,2.0,18.0,15.0,3.0,0.0,3.0,2.0,17.0,15.0,4.0,4.0,0.0,0.0,1.0,22.0,5.0,2.0,1.0,0.0,0.0,4.0,3.0,15.0,17.0,2.0,3.0,0.0,0.0,0.0,17.0,14.0,1.0,0.0,0.0,0.0,0.0,12.0,11.0,2.0,0.0,0.0,0.0,4.0,14.0,7.0,0.0,2.0,1.0,12.0,5.0,2.0,1.0,2.0,7.0,4.0,3.0,1.0,2.0,0.0,2.0,1.0,10.0,0.0,0.0,7.0,0.0,0.0,2.0,0.0,0.0,5.0,0.0,0.0,2.0,1.0,0.0,3.0,1.0,0.0,0.0,0.0,0.0,0.0,1.0,4.0,1.0,6.0,1.0,8.0,6.0,2.0,2.0,7.0,3.0,0.0,NC1CCN(c2ccc(-c3nc4nccc(C(=O)NC5CCCNC5)c4[nH]3)s2)C1
CHEMBL3717466,Active,17.0,8.0,2.0,2.0,22.0,10.0,3.0,3.0,1.0,17.0,13.0,5.0,0.0,0.0,0.0,16.0,8.0,5.0,0.0,0.0,0.0,2.0,14.0,9.0,6.0,2.0,0.0,0.0,1.0,1.0,19.0,4.0,3.0,2.0,0.0,0.0,0.0,17.0,6.0,4.0,3.0,0.0,0.0,0.0,16.0,6.0,4.0,0.0,0.0,0.0,1.0,8.0,6.0,4.0,1.0,1.0,8.0,2.0,1.0,1.0,1.0,6.0,3.0,2.0,1.0,3.0,0.0,2.0,2.0,8.0,1.0,0.0,5.0,1.0,2.0,0.0,0.0,0.0,5.0,1.0,0.0,0.0,0.0,0.0,3.0,2.0,0.0,0.0,0.0,0.0,0.0,3.0,3.0,1.0,5.0,2.0,3.0,3.0,1.0,1.0,4.0,2.0,0.0,O=C(NCC1CCCNC1)c1ccc(O)c2[nH]c(Cc3cccs3)nc12
CHEMBL4458265,Active,27.0,3.0,2.0,0.0,38.0,4.0,3.0,0.0,0.0,40.0,8.0,6.0,0.0,0.0,0.0,37.0,6.0,9.0,0.0,0.0,0.0,0.0,33.0,5.0,8.0,0.0,0.0,0.0,0.0,1.0,29.0,3.0,6.0,0.0,0.0,0.0,0.0,24.0,2.0,4.0,0.0,0.0,0.0,0.0,18.0,3.0,5.0,0.0,0.0,0.0,0.0,14.0,6.0,1.0,0.0,0.0,13.0,3.0,1.0,0.0,0.0,2.0,0.0,0.0,0.0,0.0,1.0,0.0,0.0,6.0,2.0,0.0,4.0,2.0,1.0,0.0,2.0,0.0,3.0,0.0,0.0,0.0,0.0,3.0,1.0,0.0,0.0,0.0,0.0,0.0,0.0,0.0,1.0,0.0,2.0,0.0,1.0,0.0,0.0,0.0,1.0,0.0,0.0,Cc1cc(O)c(-c2ccc(C3(CN)CC3)cc2)c2c1[nH]c(=O)c1ccccc12
CHEMBL3718349,Inactive,18.0,9.0,5.0,2.0,25.0,11.0,6.0,3.0,1.0,21.0,12.0,10.0,2.0,1.0,2.0,16.0,15.0,13.0,2.0,0.0,1.0,1.0,26.0,4.0,7.0,2.0,0.0,0.0,1.0,4.0,24.0,7.0,6.0,3.0,0.0,0.0,2.0,21.0,9.0,6.0,0.0,0.0,0.0,2.0,13.0,7.0,9.0,0.0,3.0,3.0,1.0,14.0,3.0,8.0,2.0,0.0,15.0,2.0,6.0,1.0,1.0,4.0,2.0,2.0,0.0,0.0,3.0,1.0,0.0,11.0,0.0,0.0,7.0,1.0,0.0,1.0,0.0,0.0,6.0,0.0,0.0,1.0,1.0,0.0,2.0,1.0,0.0,0.0,0.0,0.0,0.0,1.0,3.0,3.0,3.0,3.0,4.0,6.0,4.0,1.0,5.0,4.0,0.0,CC(C)(C)OC(=O)N1CCCC(NC(=O)c2ccc(O)c3[nH]c(-c4ccc(Br)s4)nc23)C1
CHEMBL3672369,Active,22.0,5.0,2.0,2.0,35.0,4.0,3.0,3.0,0.0,36.0,6.0,5.0,0.0,0.0,1.0,35.0,6.0,9.0,2.0,0.0,0.0,0.0,31.0,4.0,7.0,3.0,0.0,0.0,0.0,1.0,25.0,3.0,5.0,4.0,0.0,0.0,0.0,18.0,2.0,3.0,2.0,0.0,0.0,0.0,14.0,3.0,4.0,0.0,0.0,0.0,0.0,13.0,5.0,1.0,1.0,0.0,12.0,3.0,3.0,2.0,1.0,1.0,1.0,0.0,0.0,0.0,4.0,0.0,0.0,7.0,0.0,0.0,2.0,0.0,0.0,0.0,2.0,0.0,1.0,0.0,0.0,0.0,0.0,2.0,0.0,0.0,0.0,0.0,0.0,0.0,0.0,0.0,0.0,0.0,1.0,0.0,1.0,2.0,0.0,0.0,3.0,3.0,0.0,Cc1cc(O)c(-c2ccc(C(C)CN(C)C)cc2)c2c1[nH]c(=O)c1sccc12
CHEMBL3717470,Active,18.0,10.0,1.0,0.0,26.0,12.0,1.0,0.0,2.0,17.0,14.0,3.0,0.0,2.0,0.0,14.0,15.0,4.0,0.0,0.0,0.0,1.0,19.0,7.0,2.0,0.0,0.0,0.0,2.0,3.0,19.0,10.0,2.0,0.0,0.0,0.0,0.0,17.0,10.0,2.0,0.0,0.0,0.0,0.0,10.0,7.0,3.0,0.0,0.0,0.0,2.0,9.0,4.0,1.0,0.0,0.0,10.0,2.0,0.0,0.0,4.0,8.0,8.0,3.0,1.0,2.0,0.0,2.0,1.0,13.0,2.0,1.0,12.0,2.0,0.0,1.0,0.0,1.0,14.0,6.0,6.0,1.0,1.0,0.0,16.0,11.0,5.0,0.0,1.0,0.0,0.0,1.0,3.0,1.0,3.0,1.0,4.0,4.0,2.0,1.0,4.0,2.0,0.0,O=C(NC1CCCNC1)c1ccnc2nc(C3CC4CCC3C4)[nH]c12
CHEMBL388978,Active,27.0,10.0,5.0,0.0,44.0,15.0,6.0,0.0,0.0,55.0,16.0,10.0,0.0,1.0,0.0,61.0,20.0,14.0,0.0,0.0,0.0,2.0,62.0,16.0,15.0,0.0,0.0,0.0,2.0,2.0,55.0,17.0,14.0,0.0,0.0,0.0,0.0,40.0,11.0,10.0,0.0,0.0,0.0,0.0,22.0,5.0,7.0,0.0,0.0,0.0,0.0,11.0,1.0,1.0,0.0,1.0,1.0,1.0,2.0,0.0,3.0,2.0,2.0,0.0,0.0,1.0,3.0,2.0,0.0,10.0,0.0,0.0,5.0,0.0,0.0,1.0,0.0,0.0,4.0,0.0,0.0,2.0,0.0,0.0,3.0,2.0,1.0,0.0,0.0,0.0,0.0,0.0,1.0,0.0,2.0,0.0,2.0,2.0,0.0,0.0,4.0,2.0,0.0,CNC1CC2OC(C)(C1OC)n1c3ccccc3c3c4c(c5c6ccccc6n2c5c31)C(=O)NC4
CHEMBL4593398,Active,19.0,6.0,0.0,0.0,26.0,14.0,0.0,0.0,0.0,28.0,13.0,0.0,3.0,0.0,0.0,27.0,12.0,0.0,0.0,0.0,6.0,2.0,26.0,11.0,0.0,0.0,0.0,3.0,2.0,0.0,17.0,14.0,0.0,0.0,9.0,0.0,9.0,8.0,10.0,0.0,0.0,12.0,0.0,12.0,2.0,8.0,0.0,9.0,0.0,9.0,0.0,0.0,2.0,0.0,0.0,4.0,0.0,0.0,0.0,0.0,0.0,4.0,0.0,3.0,0.0,0.0,0.0,0.0,0.0,5.0,0.0,0.0,3.0,0.0,0.0,0.0,0.0,0.0,2.0,0.0,0.0,0.0,0.0,0.0,1.0,0.0,0.0,0.0,0.0,0.0,0.0,0.0,0.0,0.0,0.0,0.0,0.0,0.0,0.0,0.0,0.0,0.0,0.0,FC(F)(F)c1n[nH]cc1-c1nc2ccc3[nH]ncc3c2c2c1CCCC2
