"Molecule ChEMBL ID";"Molecule Name";"Molecule Max Phase";"Molecular Weight";"#RO5 Violations";"AlogP";"Compound Key";"Smiles";"Standard Type";"Standard Relation";"Standard Value";"Standard Units";"pChEMBL Value";"Data Validity Comment";"Comment";"Uo Units";"Ligand Efficiency BEI";"Ligand Efficiency LE";"Ligand Efficiency LLE";"Ligand Efficiency SEI";"Potential Duplicate";"Assay ChEMBL ID";"Assay Description";"Assay Type";"BAO Format ID";"BAO Label";"Assay Organism";"Assay Tissue ChEMBL ID";"Assay Tissue Name";"Assay Cell Type";"Assay Subcellular Fraction";"Assay Parameters";"Assay Variant Accession";"Assay Variant Mutation";"Target ChEMBL ID";"Target Name";"Target Organism";"Target Type";"Document ChEMBL ID";"Source ID";"Source Description";"Document Journal";"Document Year";"Cell ChEMBL ID";"Properties";"Action Type";"Standard Text Value"
"CHEMBL1852052";"";"None";"410.81";"0";"0.88";"3";"O=C(O)c1ccc(-c2ccc(O[C@H]3O[C@H](CO)[C@@H](O)[C@H](O)[C@@H]3O)c(Cl)c2)cc1";"Inhibition";"";"";"%";"";"";"Not Active";"UO_0000187";"";"";"";"";"0";"CHEMBL2185445";"Displacement of biotinylated-TM PAA from human DC-SIGNR at 1 mM after 3 hrs by colorimetry";"B";"BAO_0000357";"single protein format";"Homo sapiens";"None";"None";"None";"None";"";"";"";"CHEMBL2176858";"C-type lectin domain family 4 member M";"Homo sapiens";"SINGLE PROTEIN";"CHEMBL2176984";"1";"Scientific Literature";"J Med Chem";"2012";"None";"";"";""
"CHEMBL5283713";"";"None";"747.25";"3";"-0.63";"27";"NCc1cn([C@@H]2[C@@H](O[C@H]3C[C@H](C(=O)NCc4ccc(CO)cc4)[C@@H](C(=O)NCc4ccc(CO)cc4)C[C@@H]3OCCCl)O[C@H](CO)[C@@H](O)[C@@H]2O)nn1";"IC50";"'='";"76000.0";"nM";"4.12";"";"";"UO_0000065";"5.51";"0.11";"4.75";"1.69";"0";"CHEMBL5233383";"Inhibition of DC-SIGN (unknown origin) by SPR competition binding assay";"B";"BAO_0000357";"single protein format";"Homo sapiens";"None";"None";"None";"None";"";"";"";"CHEMBL2176858";"C-type lectin domain family 4 member M";"Homo sapiens";"SINGLE PROTEIN";"CHEMBL5233207";"1";"Scientific Literature";"RSC Med Chem";"2021";"None";"";"INHIBITOR";""
"CHEMBL1852236";"";"None";"376.36";"0";"0.23";"2";"O=C(O)c1ccc(-c2ccc(O[C@H]3O[C@H](CO)[C@@H](O)[C@H](O)[C@@H]3O)cc2)cc1";"Inhibition";"";"";"%";"";"";"Not Active";"UO_0000187";"";"";"";"";"0";"CHEMBL2185445";"Displacement of biotinylated-TM PAA from human DC-SIGNR at 1 mM after 3 hrs by colorimetry";"B";"BAO_0000357";"single protein format";"Homo sapiens";"None";"None";"None";"None";"";"";"";"CHEMBL2176858";"C-type lectin domain family 4 member M";"Homo sapiens";"SINGLE PROTEIN";"CHEMBL2176984";"1";"Scientific Literature";"J Med Chem";"2012";"None";"";"";""
"CHEMBL5289811";"";"None";"190.17";"0";"2.68";"34";"O=C(O)c1ccc2cc(F)ccc2c1";"IC50";"'='";"2130000.0";"nM";"";"Outside typical range";"";"UO_0000065";"";"";"";"";"0";"CHEMBL5242012";"Inhibition of human DC-SIGN overexpressed in human Raji cells incubated for 30 mins by flow cytometry";"B";"BAO_0000219";"cell-based format";"Homo sapiens";"None";"None";"Raji";"None";"";"";"";"CHEMBL2176858";"C-type lectin domain family 4 member M";"Homo sapiens";"SINGLE PROTEIN";"CHEMBL5241084";"1";"Scientific Literature";"Eur J Med Chem";"2021";"None";"TIME = 0.5 hr";"INHIBITOR";""
"CHEMBL5267893";"";"None";"194.16";"0";"1.35";"39";"OCCCc1c[nH]nc1C(F)(F)F";"IC50";"'='";"3580000.0";"nM";"";"Outside typical range";"";"UO_0000065";"";"";"";"";"0";"CHEMBL5242012";"Inhibition of human DC-SIGN overexpressed in human Raji cells incubated for 30 mins by flow cytometry";"B";"BAO_0000219";"cell-based format";"Homo sapiens";"None";"None";"Raji";"None";"";"";"";"CHEMBL2176858";"C-type lectin domain family 4 member M";"Homo sapiens";"SINGLE PROTEIN";"CHEMBL5241084";"1";"Scientific Literature";"Eur J Med Chem";"2021";"None";"TIME = 0.5 hr";"INHIBITOR";""
"CHEMBL5277579";"";"None";"178.19";"0";"0.37";"37";"CCCc1cc(=O)n2ncnc2[nH]1";"IC50";"'='";"2360000.0";"nM";"";"Outside typical range";"";"UO_0000065";"";"";"";"";"0";"CHEMBL5242012";"Inhibition of human DC-SIGN overexpressed in human Raji cells incubated for 30 mins by flow cytometry";"B";"BAO_0000219";"cell-based format";"Homo sapiens";"None";"None";"Raji";"None";"";"";"";"CHEMBL2176858";"C-type lectin domain family 4 member M";"Homo sapiens";"SINGLE PROTEIN";"CHEMBL5241084";"1";"Scientific Literature";"Eur J Med Chem";"2021";"None";"TIME = 0.5 hr";"INHIBITOR";""
"CHEMBL5268622";"";"None";"229.24";"0";"2.76";"43";"Nc1ccc(Oc2ccccc2C(=O)O)cc1";"IC50";"'='";"8200000.0";"nM";"";"Outside typical range";"";"UO_0000065";"";"";"";"";"0";"CHEMBL5242012";"Inhibition of human DC-SIGN overexpressed in human Raji cells incubated for 30 mins by flow cytometry";"B";"BAO_0000219";"cell-based format";"Homo sapiens";"None";"None";"Raji";"None";"";"";"";"CHEMBL2176858";"C-type lectin domain family 4 member M";"Homo sapiens";"SINGLE PROTEIN";"CHEMBL5241084";"1";"Scientific Literature";"Eur J Med Chem";"2021";"None";"TIME = 0.5 hr";"INHIBITOR";""
"CHEMBL2079375";"";"None";"449.84";"0";"1.16";"5";"O=C(O)c1ccc2c(ccn2-c2ccc(O[C@H]3O[C@H](CO)[C@@H](O)[C@H](O)[C@@H]3O)c(Cl)c2)c1";"Inhibition";"";"";"%";"";"";"Not Active";"UO_0000187";"";"";"";"";"0";"CHEMBL2185445";"Displacement of biotinylated-TM PAA from human DC-SIGNR at 1 mM after 3 hrs by colorimetry";"B";"BAO_0000357";"single protein format";"Homo sapiens";"None";"None";"None";"None";"";"";"";"CHEMBL2176858";"C-type lectin domain family 4 member M";"Homo sapiens";"SINGLE PROTEIN";"CHEMBL2176984";"1";"Scientific Literature";"J Med Chem";"2012";"None";"";"";""
"CHEMBL1170455";"";"None";"278.35";"0";"-0.23";"1";"CCCCCCCO[C@H]1O[C@H](CO)[C@@H](O)[C@H](O)[C@@H]1O";"Inhibition";"";"";"%";"";"";"Not Active";"UO_0000187";"";"";"";"";"0";"CHEMBL2185445";"Displacement of biotinylated-TM PAA from human DC-SIGNR at 1 mM after 3 hrs by colorimetry";"B";"BAO_0000357";"single protein format";"Homo sapiens";"None";"None";"None";"None";"";"";"";"CHEMBL2176858";"C-type lectin domain family 4 member M";"Homo sapiens";"SINGLE PROTEIN";"CHEMBL2176984";"1";"Scientific Literature";"J Med Chem";"2012";"None";"";"";""
"CHEMBL2177628";"";"None";"483.91";"1";"-1.39";"4";"CN1CCN(c2c(Nc3ccc(O[C@H]4O[C@H](CO)[C@@H](O)[C@H](O)[C@@H]4O)c(Cl)c3)c(=O)c2=O)CC1";"Inhibition";"";"";"%";"";"";"Not Active";"UO_0000187";"";"";"";"";"0";"CHEMBL2185445";"Displacement of biotinylated-TM PAA from human DC-SIGNR at 1 mM after 3 hrs by colorimetry";"B";"BAO_0000357";"single protein format";"Homo sapiens";"None";"None";"None";"None";"";"";"";"CHEMBL2176858";"C-type lectin domain family 4 member M";"Homo sapiens";"SINGLE PROTEIN";"CHEMBL2176984";"1";"Scientific Literature";"J Med Chem";"2012";"None";"";"";""
"CHEMBL469448";"D-MANNOSE";"2.0";"180.16";"0";"-3.22";"Man";"OC[C@H]1OC(O)[C@@H](O)[C@@H](O)[C@@H]1O";"Inhibition";"'>'";"90.0";"%";"";"";"";"UO_0000187";"";"";"";"";"0";"CHEMBL2185435";"Displacement of biotinylated-TM PAA from human DC-SIGNR at 50 mM after 3 hrs by colorimetry";"B";"BAO_0000357";"single protein format";"Homo sapiens";"None";"None";"None";"None";"";"";"";"CHEMBL2176858";"C-type lectin domain family 4 member M";"Homo sapiens";"SINGLE PROTEIN";"CHEMBL2176984";"1";"Scientific Literature";"J Med Chem";"2012";"None";"";"";""
"CHEMBL5275742";"";"None";"515.57";"1";"2.23";"17";"NOC(=O)c1ccc(CCCC2Nc3ccc(C(=O)N4CCN(c5ncccn5)CC4)cc3NC2=O)cc1";"IC50";"'='";"2600.0";"nM";"5.58";"";"";"UO_0000065";"10.83";"0.20";"3.36";"3.91";"0";"CHEMBL5242011";"Inhibition of DC-SIGN extracellular domain (unknown origin) expressed in Escherichia coli DE3(BL21) incubated for 1 hrs in presence of Man-Fl-BSA by high-throughput fluorescence-based assay";"B";"BAO_0000019";"assay format";"Homo sapiens";"None";"None";"None";"None";"";"";"";"CHEMBL2176858";"C-type lectin domain family 4 member M";"Homo sapiens";"SINGLE PROTEIN";"CHEMBL5241084";"1";"Scientific Literature";"Eur J Med Chem";"2021";"None";"TIME = 1.0 hr";"INHIBITOR";""
"CHEMBL5290361";"";"None";"202.26";"0";"2.32";"21; 27";"Cc1n[nH]c(C)c1Cc1ccc(O)cc1";"IC50";"'='";"660000.0";"nM";"";"Outside typical range";"";"UO_0000065";"";"";"";"";"0";"CHEMBL5242012";"Inhibition of human DC-SIGN overexpressed in human Raji cells incubated for 30 mins by flow cytometry";"B";"BAO_0000219";"cell-based format";"Homo sapiens";"None";"None";"Raji";"None";"";"";"";"CHEMBL2176858";"C-type lectin domain family 4 member M";"Homo sapiens";"SINGLE PROTEIN";"CHEMBL5241084";"1";"Scientific Literature";"Eur J Med Chem";"2021";"None";"TIME = 0.5 hr";"INHIBITOR";""
"CHEMBL5268319";"";"None";"547.51";"1";"4.51";"33";"CC(C)OC(=O)c1ccc(-c2ccc(/C=C3\C(=O)N(c4ccc(S(N)(=O)=O)cc4)N=C3C(F)(F)F)o2)cc1";"IC50";"'='";"6200.0";"nM";"5.21";"";"";"UO_0000065";"9.51";"0.19";"0.70";"3.94";"0";"CHEMBL5233391";"Inhibition of DC-SIGN (unknown origin) by high-throughput ELLA-type assay";"B";"BAO_0000357";"single protein format";"Homo sapiens";"None";"None";"None";"None";"";"";"";"CHEMBL2176858";"C-type lectin domain family 4 member M";"Homo sapiens";"SINGLE PROTEIN";"CHEMBL5233207";"1";"Scientific Literature";"RSC Med Chem";"2021";"None";"";"INHIBITOR";""
"CHEMBL5194701";"";"None";"499.58";"0";"2.29";"35";"NC(=O)c1ccc(CCCC2Nc3ccc(C(=O)N4CCN(c5ncccn5)CC4)cc3NC2=O)cc1";"Inhibition";"'='";"77.0";"%";"";"";"";"UO_0000187";"";"";"";"";"0";"CHEMBL5233394";"Inhibition of DC-SIGN (unknown origin)- mediated fluorescent probe binding at 1 mM relative to control";"B";"BAO_0000357";"single protein format";"Homo sapiens";"None";"None";"None";"None";"";"";"";"CHEMBL2176858";"C-type lectin domain family 4 member M";"Homo sapiens";"SINGLE PROTEIN";"CHEMBL5233207";"1";"Scientific Literature";"RSC Med Chem";"2021";"None";"DOSE = 1.0 mM";"INHIBITOR";""
"CHEMBL5276974";"";"None";"424.45";"1";"-0.67";"31";"C[C@@H]1O[C@@H](NC(=O)[C@H]2CCCC[C@H]2NC(=O)c2cc(O)cc(O)c2)[C@@H](O)[C@H](O)[C@@H]1O";"IC50";"'='";"470000.0";"nM";"";"Outside typical range";"";"UO_0000065";"";"";"";"";"0";"CHEMBL5233390";"Inhibition of DC-SIGN (unknown origin)";"B";"BAO_0000357";"single protein format";"Homo sapiens";"None";"None";"None";"None";"";"";"";"CHEMBL2176858";"C-type lectin domain family 4 member M";"Homo sapiens";"SINGLE PROTEIN";"CHEMBL5233207";"1";"Scientific Literature";"RSC Med Chem";"2021";"None";"";"INHIBITOR";""
"CHEMBL4515649";"";"None";"2631.08";"None";"None";"1";"C[C@@H]1O[C@@H](OCc2cn(CCCCCC(=O)N(O)Cc3cn(CCCOc4c5cc(C(C)(C)C)cc4Cc4cc(C(C)(C)C)cc(c4OCCCn4cc(CN(O)C(=O)CCCCCn6cc(CO[C@@H]7O[C@@H](C)[C@@H](O)[C@@H](O)[C@@H]7O)nn6)nn4)Cc4cc(C(C)(C)C)cc(c4OCCCn4cc(CN(O)C(=O)CCCCCn6cc(CO[C@@H]7O[C@@H](C)[C@@H](O)[C@@H](O)[C@@H]7O)nn6)nn4)Cc4cc(C(C)(C)C)cc(c4OCCCn4cc(CN(O)C(=O)CCCCCn6cc(CO[C@@H]7O[C@@H](C)[C@@H](O)[C@@H](O)[C@@H]7O)nn6)nn4)C5)nn3)nn2)[C@@H](O)[C@H](O)[C@@H]1O";"IC50";"'='";"188.0";"nM";"6.73";"";"";"UO_0000065";"2.56";"None";"None";"None";"0";"CHEMBL5033560";"Inhibition of full-length DC-SIGN (unknown origin) expressed in human monocyte derived dendritic cells assessed as inhibition of binding to recombinant HCMV gB using flow cytometry";"B";"BAO_0000219";"cell-based format";"Homo sapiens";"None";"None";"Dendritic cell";"None";"";"";"";"CHEMBL2176858";"C-type lectin domain family 4 member M";"Homo sapiens";"SINGLE PROTEIN";"CHEMBL5032520";"1";"Scientific Literature";"J Med Chem";"2021";"None";"";"INHIBITOR";""
"CHEMBL5272727";"";"None";"187.19";"0";"-0.95";"24; 30";"CCOC(=O)C1CCNC(=O)C1O";"IC50";"'='";"1230000.0";"nM";"";"Outside typical range";"";"UO_0000065";"";"";"";"";"0";"CHEMBL5242012";"Inhibition of human DC-SIGN overexpressed in human Raji cells incubated for 30 mins by flow cytometry";"B";"BAO_0000219";"cell-based format";"Homo sapiens";"None";"None";"Raji";"None";"";"";"";"CHEMBL2176858";"C-type lectin domain family 4 member M";"Homo sapiens";"SINGLE PROTEIN";"CHEMBL5241084";"1";"Scientific Literature";"Eur J Med Chem";"2021";"None";"TIME = 0.5 hr";"INHIBITOR";""
"CHEMBL63323";"NIFLUMIC ACID";"2.0";"282.22";"0";"3.54";"20; 26";"O=C(O)c1cccnc1Nc1cccc(C(F)(F)F)c1";"IC50";"'='";"610000.0";"nM";"";"Outside typical range";"";"UO_0000065";"";"";"";"";"0";"CHEMBL5242012";"Inhibition of human DC-SIGN overexpressed in human Raji cells incubated for 30 mins by flow cytometry";"B";"BAO_0000219";"cell-based format";"Homo sapiens";"None";"None";"Raji";"None";"";"";"";"CHEMBL2176858";"C-type lectin domain family 4 member M";"Homo sapiens";"SINGLE PROTEIN";"CHEMBL5241084";"1";"Scientific Literature";"Eur J Med Chem";"2021";"None";"TIME = 0.5 hr";"INHIBITOR";""
"CHEMBL1893959";"";"None";"198.03";"0";"2.15";"32";"O=C(O)c1nsc(Cl)c1Cl";"IC50";"'='";"1700000.0";"nM";"";"Outside typical range";"";"UO_0000065";"";"";"";"";"0";"CHEMBL5242012";"Inhibition of human DC-SIGN overexpressed in human Raji cells incubated for 30 mins by flow cytometry";"B";"BAO_0000219";"cell-based format";"Homo sapiens";"None";"None";"Raji";"None";"";"";"";"CHEMBL2176858";"C-type lectin domain family 4 member M";"Homo sapiens";"SINGLE PROTEIN";"CHEMBL5241084";"1";"Scientific Literature";"Eur J Med Chem";"2021";"None";"TIME = 0.5 hr";"INHIBITOR";""
"CHEMBL5275617";"";"None";"354.39";"0";"1.92";"45";"O=C(NCCc1c[nH]c2ccccc12)c1c(O)nc2sccn2c1=O";"Kd";"'='";"180000.0";"nM";"";"Outside typical range";"";"UO_0000065";"";"";"";"";"0";"CHEMBL5242014";"Inhibition of DC-SIGN extracellular domain (unknown origin) by SPR analysis";"B";"BAO_0000357";"single protein format";"Homo sapiens";"None";"None";"None";"None";"";"";"";"CHEMBL2176858";"C-type lectin domain family 4 member M";"Homo sapiens";"SINGLE PROTEIN";"CHEMBL5241084";"1";"Scientific Literature";"Eur J Med Chem";"2021";"None";"";"INHIBITOR";""
"CHEMBL5283713";"";"None";"747.25";"3";"-0.63";"27";"NCc1cn([C@@H]2[C@@H](O[C@H]3C[C@H](C(=O)NCc4ccc(CO)cc4)[C@@H](C(=O)NCc4ccc(CO)cc4)C[C@@H]3OCCCl)O[C@H](CO)[C@@H](O)[C@@H]2O)nn1";"Kd";"'='";"52000.0";"nM";"4.28";"";"";"UO_0000065";"5.73";"0.11";"4.91";"1.76";"0";"CHEMBL5233387";"Inhibition of DC-SIGN (unknown origin) by ITC assay";"B";"BAO_0000357";"single protein format";"Homo sapiens";"None";"None";"None";"None";"";"";"";"CHEMBL2176858";"C-type lectin domain family 4 member M";"Homo sapiens";"SINGLE PROTEIN";"CHEMBL5233207";"1";"Scientific Literature";"RSC Med Chem";"2021";"None";"";"INHIBITOR";""
"CHEMBL5079779";"";"None";"3083.54";"None";"None";"3";"COC(=O)CNC(=O)CN(Cc1cn(CCCOc2c3cc(C(C)(C)C)cc2Cc2cc(C(C)(C)C)cc(c2OCCCn2cc(CN(CC(=O)NCC(=O)OC)C(=O)CCCCCn4cc(CO[C@@H]5O[C@@H](C)[C@@H](O)[C@@H](O)[C@@H]5O)nn4)nn2)Cc2cc(C(C)(C)C)cc(c2OCCCn2cc(CN(CC(=O)NCC(=O)OC)C(=O)CCCCCn4cc(CO[C@@H]5O[C@@H](C)[C@@H](O)[C@@H](O)[C@@H]5O)nn4)nn2)Cc2cc(C(C)(C)C)cc(c2OCCCn2cc(CN(CC(=O)NCC(=O)OC)C(=O)CCCCCn4cc(CO[C@@H]5O[C@@H](C)[C@@H](O)[C@@H](O)[C@@H]5O)nn4)nn2)C3)nn1)C(=O)CCCCCn1cc(CO[C@@H]2O[C@@H](C)[C@@H](O)[C@@H](O)[C@@H]2O)nn1";"IC50";"'='";"218.0";"nM";"6.66";"";"";"UO_0000065";"2.16";"None";"None";"None";"0";"CHEMBL5033563";"Inhibition of DC-SIGN (unknown origin) expressed in human Jurkat cells assessed as inhibition of EBOV-pseudotyped virus infection measured after 48 hrs by luciferase assay";"B";"BAO_0000219";"cell-based format";"Homo sapiens";"None";"None";"Jurkat";"None";"";"";"";"CHEMBL2176858";"C-type lectin domain family 4 member M";"Homo sapiens";"SINGLE PROTEIN";"CHEMBL5032520";"1";"Scientific Literature";"J Med Chem";"2021";"None";"TIME = 48.0 hr";"INHIBITOR";""
"CHEMBL4289617";"";"None";"534.64";"1";"2.45";"18";"NS(=O)(=O)c1ccc(CCCC2Nc3ccc(C(=O)N4CCN(c5ccncc5)CC4)cc3NC2=O)cc1";"IC50";"'='";"310.0";"nM";"6.51";"";"";"UO_0000065";"12.17";"0.23";"4.06";"4.73";"0";"CHEMBL5242011";"Inhibition of DC-SIGN extracellular domain (unknown origin) expressed in Escherichia coli DE3(BL21) incubated for 1 hrs in presence of Man-Fl-BSA by high-throughput fluorescence-based assay";"B";"BAO_0000019";"assay format";"Homo sapiens";"None";"None";"None";"None";"";"";"";"CHEMBL2176858";"C-type lectin domain family 4 member M";"Homo sapiens";"SINGLE PROTEIN";"CHEMBL5241084";"1";"Scientific Literature";"Eur J Med Chem";"2021";"None";"TIME = 1.0 hr";"INHIBITOR";""
"CHEMBL5269455";"";"None";"241.19";"0";"1.63";"22; 28";"CCOC(=O)c1sc(=O)[nH]c1C(F)(F)F";"IC50";"'='";"1160000.0";"nM";"";"Outside typical range";"";"UO_0000065";"";"";"";"";"0";"CHEMBL5242012";"Inhibition of human DC-SIGN overexpressed in human Raji cells incubated for 30 mins by flow cytometry";"B";"BAO_0000219";"cell-based format";"Homo sapiens";"None";"None";"Raji";"None";"";"";"";"CHEMBL2176858";"C-type lectin domain family 4 member M";"Homo sapiens";"SINGLE PROTEIN";"CHEMBL5241084";"1";"Scientific Literature";"Eur J Med Chem";"2021";"None";"TIME = 0.5 hr";"INHIBITOR";""
"CHEMBL5267284";"";"None";"209.20";"1";"-3.89";"21";"NC[C@@]1(O)C(O)O[C@H](CO)[C@@H](O)[C@@H]1O";"IC50";"'='";"350000.0";"nM";"";"Outside typical range";"";"UO_0000065";"";"";"";"";"0";"CHEMBL5233383";"Inhibition of DC-SIGN (unknown origin) by SPR competition binding assay";"B";"BAO_0000357";"single protein format";"Homo sapiens";"None";"None";"None";"None";"";"";"";"CHEMBL2176858";"C-type lectin domain family 4 member M";"Homo sapiens";"SINGLE PROTEIN";"CHEMBL5233207";"1";"Scientific Literature";"RSC Med Chem";"2021";"None";"";"INHIBITOR";""
"CHEMBL5079779";"";"None";"3083.54";"None";"None";"3";"COC(=O)CNC(=O)CN(Cc1cn(CCCOc2c3cc(C(C)(C)C)cc2Cc2cc(C(C)(C)C)cc(c2OCCCn2cc(CN(CC(=O)NCC(=O)OC)C(=O)CCCCCn4cc(CO[C@@H]5O[C@@H](C)[C@@H](O)[C@@H](O)[C@@H]5O)nn4)nn2)Cc2cc(C(C)(C)C)cc(c2OCCCn2cc(CN(CC(=O)NCC(=O)OC)C(=O)CCCCCn4cc(CO[C@@H]5O[C@@H](C)[C@@H](O)[C@@H](O)[C@@H]5O)nn4)nn2)Cc2cc(C(C)(C)C)cc(c2OCCCn2cc(CN(CC(=O)NCC(=O)OC)C(=O)CCCCCn4cc(CO[C@@H]5O[C@@H](C)[C@@H](O)[C@@H](O)[C@@H]5O)nn4)nn2)C3)nn1)C(=O)CCCCCn1cc(CO[C@@H]2O[C@@H](C)[C@@H](O)[C@@H](O)[C@@H]2O)nn1";"IC50";"'='";"777.0";"nM";"6.11";"";"";"UO_0000065";"1.98";"None";"None";"None";"0";"CHEMBL5033560";"Inhibition of full-length DC-SIGN (unknown origin) expressed in human monocyte derived dendritic cells assessed as inhibition of binding to recombinant HCMV gB using flow cytometry";"B";"BAO_0000219";"cell-based format";"Homo sapiens";"None";"None";"Dendritic cell";"None";"";"";"";"CHEMBL2176858";"C-type lectin domain family 4 member M";"Homo sapiens";"SINGLE PROTEIN";"CHEMBL5032520";"1";"Scientific Literature";"J Med Chem";"2021";"None";"";"INHIBITOR";""
"CHEMBL4515649";"";"None";"2631.08";"None";"None";"1";"C[C@@H]1O[C@@H](OCc2cn(CCCCCC(=O)N(O)Cc3cn(CCCOc4c5cc(C(C)(C)C)cc4Cc4cc(C(C)(C)C)cc(c4OCCCn4cc(CN(O)C(=O)CCCCCn6cc(CO[C@@H]7O[C@@H](C)[C@@H](O)[C@@H](O)[C@@H]7O)nn6)nn4)Cc4cc(C(C)(C)C)cc(c4OCCCn4cc(CN(O)C(=O)CCCCCn6cc(CO[C@@H]7O[C@@H](C)[C@@H](O)[C@@H](O)[C@@H]7O)nn6)nn4)Cc4cc(C(C)(C)C)cc(c4OCCCn4cc(CN(O)C(=O)CCCCCn6cc(CO[C@@H]7O[C@@H](C)[C@@H](O)[C@@H](O)[C@@H]7O)nn6)nn4)C5)nn3)nn2)[C@@H](O)[C@H](O)[C@@H]1O";"IC50";"'='";"289.3";"nM";"6.54";"";"";"UO_0000065";"2.49";"None";"None";"None";"0";"CHEMBL5033563";"Inhibition of DC-SIGN (unknown origin) expressed in human Jurkat cells assessed as inhibition of EBOV-pseudotyped virus infection measured after 48 hrs by luciferase assay";"B";"BAO_0000219";"cell-based format";"Homo sapiens";"None";"None";"Jurkat";"None";"";"";"";"CHEMBL2176858";"C-type lectin domain family 4 member M";"Homo sapiens";"SINGLE PROTEIN";"CHEMBL5032520";"1";"Scientific Literature";"J Med Chem";"2021";"None";"TIME = 48.0 hr";"INHIBITOR";""
"CHEMBL5070715";"";"None";"3147.54";"None";"None";"4";"COC(=O)CNC(=O)CN(Cc1cn(CCCOc2c3cc(C(C)(C)C)cc2Cc2cc(C(C)(C)C)cc(c2OCCCn2cc(CN(CC(=O)NCC(=O)OC)C(=O)CCCCCn4cc(CO[C@H]5O[C@H](CO)[C@@H](O)[C@H](O)[C@@H]5O)nn4)nn2)Cc2cc(C(C)(C)C)cc(c2OCCCn2cc(CN(CC(=O)NCC(=O)OC)C(=O)CCCCCn4cc(CO[C@H]5O[C@H](CO)[C@@H](O)[C@H](O)[C@@H]5O)nn4)nn2)Cc2cc(C(C)(C)C)cc(c2OCCCn2cc(CN(CC(=O)NCC(=O)OC)C(=O)CCCCCn4cc(CO[C@H]5O[C@H](CO)[C@@H](O)[C@H](O)[C@@H]5O)nn4)nn2)C3)nn1)C(=O)CCCCCn1cc(CO[C@H]2O[C@H](CO)[C@@H](O)[C@H](O)[C@@H]2O)nn1";"IC50";"'='";"45300.0";"nM";"4.34";"";"";"UO_0000065";"1.38";"None";"None";"None";"0";"CHEMBL5033559";"Inhibition of DC-SIGN extracellular domain (unknown origin) binding to HIV gp120 by surface plasmon resonance analysis";"B";"BAO_0000357";"single protein format";"Homo sapiens";"None";"None";"None";"None";"";"";"";"CHEMBL2176858";"C-type lectin domain family 4 member M";"Homo sapiens";"SINGLE PROTEIN";"CHEMBL5032520";"1";"Scientific Literature";"J Med Chem";"2021";"None";"";"INHIBITOR";""
"CHEMBL5077032";"";"None";"3155.70";"None";"None";"5";"COC(=O)CNC(=O)CN(Cc1cn(CCCOc2c3cc(C(C)(C)C)cc2Sc2cc(C(C)(C)C)cc(c2OCCCn2cc(CN(CC(=O)NCC(=O)OC)C(=O)CCCCCn4cc(CO[C@@H]5O[C@@H](C)[C@@H](O)[C@@H](O)[C@@H]5O)nn4)nn2)Sc2cc(C(C)(C)C)cc(c2OCCCn2cc(CN(CC(=O)NCC(=O)OC)C(=O)CCCCCn4cc(CO[C@@H]5O[C@@H](C)[C@@H](O)[C@@H](O)[C@@H]5O)nn4)nn2)Sc2cc(C(C)(C)C)cc(c2OCCCn2cc(CN(CC(=O)NCC(=O)OC)C(=O)CCCCCn4cc(CO[C@@H]5O[C@@H](C)[C@@H](O)[C@@H](O)[C@@H]5O)nn4)nn2)S3)nn1)C(=O)CCCCCn1cc(CO[C@@H]2O[C@@H](C)[C@@H](O)[C@@H](O)[C@@H]2O)nn1";"IC50";"'='";"17000.0";"nM";"4.77";"";"";"UO_0000065";"1.51";"None";"None";"None";"0";"CHEMBL5033559";"Inhibition of DC-SIGN extracellular domain (unknown origin) binding to HIV gp120 by surface plasmon resonance analysis";"B";"BAO_0000357";"single protein format";"Homo sapiens";"None";"None";"None";"None";"";"";"";"CHEMBL2176858";"C-type lectin domain family 4 member M";"Homo sapiens";"SINGLE PROTEIN";"CHEMBL5032520";"1";"Scientific Literature";"J Med Chem";"2021";"None";"";"INHIBITOR";""
"CHEMBL509437";"";"None";"221.21";"0";"-3.08";"10";"CC(=O)N[C@@H]1C(O)O[C@H](CO)[C@@H](O)[C@@H]1O";"IC50";"'='";"6900000.0";"nM";"";"Outside typical range";"";"UO_0000065";"";"";"";"";"0";"CHEMBL5242011";"Inhibition of DC-SIGN extracellular domain (unknown origin) expressed in Escherichia coli DE3(BL21) incubated for 1 hrs in presence of Man-Fl-BSA by high-throughput fluorescence-based assay";"B";"BAO_0000019";"assay format";"Homo sapiens";"None";"None";"None";"None";"";"";"";"CHEMBL2176858";"C-type lectin domain family 4 member M";"Homo sapiens";"SINGLE PROTEIN";"CHEMBL5241084";"1";"Scientific Literature";"Eur J Med Chem";"2021";"None";"TIME = 1.0 hr";"INHIBITOR";""
"CHEMBL5194701";"";"None";"499.58";"0";"2.29";"114a";"NC(=O)c1ccc(CCCC2Nc3ccc(C(=O)N4CCN(c5ncccn5)CC4)cc3NC2=O)cc1";"IC50";"'='";"2600.0";"nM";"5.58";"";"";"UO_0000065";"11.18";"0.21";"3.30";"4.18";"1";"CHEMBL5114289";"Inhibition of DC-SIGN (unknown origin)";"B";"BAO_0000357";"single protein format";"Homo sapiens";"None";"None";"None";"None";"";"";"";"CHEMBL2176858";"C-type lectin domain family 4 member M";"Homo sapiens";"SINGLE PROTEIN";"CHEMBL5113380";"1";"Scientific Literature";"Eur J Med Chem";"2022";"None";"";"INHIBITOR";""
"CHEMBL5080461";"";"None";"3219.70";"None";"None";"6";"COC(=O)CNC(=O)CN(Cc1cn(CCCOc2c3cc(C(C)(C)C)cc2Sc2cc(C(C)(C)C)cc(c2OCCCn2cc(CN(CC(=O)NCC(=O)OC)C(=O)CCCCCn4cc(CO[C@H]5O[C@H](CO)[C@@H](O)[C@H](O)[C@@H]5O)nn4)nn2)Sc2cc(C(C)(C)C)cc(c2OCCCn2cc(CN(CC(=O)NCC(=O)OC)C(=O)CCCCCn4cc(CO[C@H]5O[C@H](CO)[C@@H](O)[C@H](O)[C@@H]5O)nn4)nn2)Sc2cc(C(C)(C)C)cc(c2OCCCn2cc(CN(CC(=O)NCC(=O)OC)C(=O)CCCCCn4cc(CO[C@H]5O[C@H](CO)[C@@H](O)[C@H](O)[C@@H]5O)nn4)nn2)S3)nn1)C(=O)CCCCCn1cc(CO[C@H]2O[C@H](CO)[C@@H](O)[C@H](O)[C@@H]2O)nn1";"IC50";"'='";"14600.0";"nM";"4.84";"";"";"UO_0000065";"1.50";"None";"None";"None";"0";"CHEMBL5033559";"Inhibition of DC-SIGN extracellular domain (unknown origin) binding to HIV gp120 by surface plasmon resonance analysis";"B";"BAO_0000357";"single protein format";"Homo sapiens";"None";"None";"None";"None";"";"";"";"CHEMBL2176858";"C-type lectin domain family 4 member M";"Homo sapiens";"SINGLE PROTEIN";"CHEMBL5032520";"1";"Scientific Literature";"J Med Chem";"2021";"None";"";"INHIBITOR";""
"CHEMBL195368";"";"None";"194.18";"0";"-2.57";"alpha-Me-D-man";"CO[C@H]1O[C@H](CO)[C@@H](O)[C@H](O)[C@@H]1O";"IC50";"'='";"1270000.0";"nM";"";"Outside typical range";"";"UO_0000065";"";"";"";"";"0";"CHEMBL5033563";"Inhibition of DC-SIGN (unknown origin) expressed in human Jurkat cells assessed as inhibition of EBOV-pseudotyped virus infection measured after 48 hrs by luciferase assay";"B";"BAO_0000219";"cell-based format";"Homo sapiens";"None";"None";"Jurkat";"None";"";"";"";"CHEMBL2176858";"C-type lectin domain family 4 member M";"Homo sapiens";"SINGLE PROTEIN";"CHEMBL5032520";"1";"Scientific Literature";"J Med Chem";"2021";"None";"TIME = 48.0 hr";"INHIBITOR";""
"CHEMBL4515649";"";"None";"2631.08";"None";"None";"1";"C[C@@H]1O[C@@H](OCc2cn(CCCCCC(=O)N(O)Cc3cn(CCCOc4c5cc(C(C)(C)C)cc4Cc4cc(C(C)(C)C)cc(c4OCCCn4cc(CN(O)C(=O)CCCCCn6cc(CO[C@@H]7O[C@@H](C)[C@@H](O)[C@@H](O)[C@@H]7O)nn6)nn4)Cc4cc(C(C)(C)C)cc(c4OCCCn4cc(CN(O)C(=O)CCCCCn6cc(CO[C@@H]7O[C@@H](C)[C@@H](O)[C@@H](O)[C@@H]7O)nn6)nn4)Cc4cc(C(C)(C)C)cc(c4OCCCn4cc(CN(O)C(=O)CCCCCn6cc(CO[C@@H]7O[C@@H](C)[C@@H](O)[C@@H](O)[C@@H]7O)nn6)nn4)C5)nn3)nn2)[C@@H](O)[C@H](O)[C@@H]1O";"IC50";"'='";"26800.0";"nM";"4.57";"";"";"UO_0000065";"1.74";"None";"None";"None";"0";"CHEMBL5033559";"Inhibition of DC-SIGN extracellular domain (unknown origin) binding to HIV gp120 by surface plasmon resonance analysis";"B";"BAO_0000357";"single protein format";"Homo sapiens";"None";"None";"None";"None";"";"";"";"CHEMBL2176858";"C-type lectin domain family 4 member M";"Homo sapiens";"SINGLE PROTEIN";"CHEMBL5032520";"1";"Scientific Literature";"J Med Chem";"2021";"None";"";"INHIBITOR";""
"CHEMBL5268319";"";"None";"547.51";"1";"4.51";"8";"CC(C)OC(=O)c1ccc(-c2ccc(/C=C3\C(=O)N(c4ccc(S(N)(=O)=O)cc4)N=C3C(F)(F)F)o2)cc1";"IC50";"'='";"6200.0";"nM";"5.21";"";"";"UO_0000065";"9.51";"0.19";"0.70";"3.94";"1";"CHEMBL5242011";"Inhibition of DC-SIGN extracellular domain (unknown origin) expressed in Escherichia coli DE3(BL21) incubated for 1 hrs in presence of Man-Fl-BSA by high-throughput fluorescence-based assay";"B";"BAO_0000019";"assay format";"Homo sapiens";"None";"None";"None";"None";"";"";"";"CHEMBL2176858";"C-type lectin domain family 4 member M";"Homo sapiens";"SINGLE PROTEIN";"CHEMBL5241084";"1";"Scientific Literature";"Eur J Med Chem";"2021";"None";"TIME = 1.0 hr";"INHIBITOR";""
"CHEMBL5268209";"";"None";"381.46";"0";"3.68";"9";"CN1CCN(c2ccc(/C=C3\Sc4ccccc4C3=O)cc2[N+](=O)[O-])CC1";"IC50";"'='";"10000.0";"nM";"5.00";"";"";"UO_0000065";"13.11";"0.25";"1.32";"7.50";"0";"CHEMBL5242011";"Inhibition of DC-SIGN extracellular domain (unknown origin) expressed in Escherichia coli DE3(BL21) incubated for 1 hrs in presence of Man-Fl-BSA by high-throughput fluorescence-based assay";"B";"BAO_0000019";"assay format";"Homo sapiens";"None";"None";"None";"None";"";"";"";"CHEMBL2176858";"C-type lectin domain family 4 member M";"Homo sapiens";"SINGLE PROTEIN";"CHEMBL5241084";"1";"Scientific Literature";"Eur J Med Chem";"2021";"None";"TIME = 1.0 hr";"INHIBITOR";""
"CHEMBL5289548";"";"None";"208.14";"0";"1.61";"19; 25";"CCOC(=O)c1cc(C(F)(F)F)n[nH]1";"IC50";"'='";"600000.0";"nM";"";"Outside typical range";"";"UO_0000065";"";"";"";"";"0";"CHEMBL5242012";"Inhibition of human DC-SIGN overexpressed in human Raji cells incubated for 30 mins by flow cytometry";"B";"BAO_0000219";"cell-based format";"Homo sapiens";"None";"None";"Raji";"None";"";"";"";"CHEMBL2176858";"C-type lectin domain family 4 member M";"Homo sapiens";"SINGLE PROTEIN";"CHEMBL5241084";"1";"Scientific Literature";"Eur J Med Chem";"2021";"None";"TIME = 0.5 hr";"INHIBITOR";""
"CHEMBL5281064";"";"None";"230.65";"0";"3.39";"33";"O=C(O)c1sc2cc(F)ccc2c1Cl";"IC50";"'='";"1960000.0";"nM";"";"Outside typical range";"";"UO_0000065";"";"";"";"";"0";"CHEMBL5242012";"Inhibition of human DC-SIGN overexpressed in human Raji cells incubated for 30 mins by flow cytometry";"B";"BAO_0000219";"cell-based format";"Homo sapiens";"None";"None";"Raji";"None";"";"";"";"CHEMBL2176858";"C-type lectin domain family 4 member M";"Homo sapiens";"SINGLE PROTEIN";"CHEMBL5241084";"1";"Scientific Literature";"Eur J Med Chem";"2021";"None";"TIME = 0.5 hr";"INHIBITOR";""
"CHEMBL5290718";"";"None";"346.44";"0";"1.15";"44";"N=c1c(C(=O)NCCc2cn3c(n2)SCC3)cnc2sccn12";"Kd";"'='";"400000.0";"nM";"";"Outside typical range";"";"UO_0000065";"";"";"";"";"0";"CHEMBL5242014";"Inhibition of DC-SIGN extracellular domain (unknown origin) by SPR analysis";"B";"BAO_0000357";"single protein format";"Homo sapiens";"None";"None";"None";"None";"";"";"";"CHEMBL2176858";"C-type lectin domain family 4 member M";"Homo sapiens";"SINGLE PROTEIN";"CHEMBL5241084";"1";"Scientific Literature";"Eur J Med Chem";"2021";"None";"";"INHIBITOR";""
"CHEMBL5276990";"";"None";"530.65";"1";"3.93";"5";"Cc1ccc(N(C)S(=O)(=O)c2ccc3[nH]cc(C(=O)N4CCN(c5ccccc5)CC4)c(=O)c3c2)cc1C";"IC50";"'='";"6100.0";"nM";"5.21";"";"";"UO_0000065";"9.83";"0.19";"1.28";"5.56";"0";"CHEMBL5242011";"Inhibition of DC-SIGN extracellular domain (unknown origin) expressed in Escherichia coli DE3(BL21) incubated for 1 hrs in presence of Man-Fl-BSA by high-throughput fluorescence-based assay";"B";"BAO_0000019";"assay format";"Homo sapiens";"None";"None";"None";"None";"";"";"";"CHEMBL2176858";"C-type lectin domain family 4 member M";"Homo sapiens";"SINGLE PROTEIN";"CHEMBL5241084";"1";"Scientific Literature";"Eur J Med Chem";"2021";"None";"TIME = 1.0 hr";"INHIBITOR";""
"CHEMBL5274423";"";"None";"488.53";"1";"-2.47";"30";"COC(=O)[C@H]1C[C@H](O)[C@H](O)C[C@@H]1C(=O)N[C@@H]1CCCC[C@@H]1C(=O)N[C@@H]1O[C@@H](C)[C@@H](O)[C@@H](O)[C@@H]1O";"IC50";"'='";"350000.0";"nM";"";"Outside typical range";"";"UO_0000065";"";"";"";"";"0";"CHEMBL5233390";"Inhibition of DC-SIGN (unknown origin)";"B";"BAO_0000357";"single protein format";"Homo sapiens";"None";"None";"None";"None";"";"";"";"CHEMBL2176858";"C-type lectin domain family 4 member M";"Homo sapiens";"SINGLE PROTEIN";"CHEMBL5233207";"1";"Scientific Literature";"RSC Med Chem";"2021";"None";"";"INHIBITOR";""
"CHEMBL5268319";"";"None";"547.51";"1";"4.51";"33";"CC(C)OC(=O)c1ccc(-c2ccc(/C=C3\C(=O)N(c4ccc(S(N)(=O)=O)cc4)N=C3C(F)(F)F)o2)cc1";"IC50";"'='";"1600.0";"nM";"5.80";"";"";"UO_0000065";"10.59";"0.21";"1.29";"4.38";"0";"CHEMBL5233392";"Inhibition of fluorescent labeled mannosylated BSA probe to DC-SIGN (unknown origin)";"B";"BAO_0000357";"single protein format";"Homo sapiens";"None";"None";"None";"None";"";"";"";"CHEMBL2176858";"C-type lectin domain family 4 member M";"Homo sapiens";"SINGLE PROTEIN";"CHEMBL5233207";"1";"Scientific Literature";"RSC Med Chem";"2021";"None";"";"INHIBITOR";""
"CHEMBL4289617";"";"None";"534.64";"1";"2.45";"36";"NS(=O)(=O)c1ccc(CCCC2Nc3ccc(C(=O)N4CCN(c5ccncc5)CC4)cc3NC2=O)cc1";"Inhibition";"'='";"79.0";"%";"";"";"";"UO_0000187";"";"";"";"";"0";"CHEMBL5233393";"Inhibition of DC-SIGN (unknown origin)- mediated fluorescent probe binding at 0.1 mM relative to control";"B";"BAO_0000357";"single protein format";"Homo sapiens";"None";"None";"None";"None";"";"";"";"CHEMBL2176858";"C-type lectin domain family 4 member M";"Homo sapiens";"SINGLE PROTEIN";"CHEMBL5233207";"1";"Scientific Literature";"RSC Med Chem";"2021";"None";"DOSE = 0.1 mM";"INHIBITOR";""
"CHEMBL4289617";"";"None";"534.64";"1";"2.45";"114b";"NS(=O)(=O)c1ccc(CCCC2Nc3ccc(C(=O)N4CCN(c5ccncc5)CC4)cc3NC2=O)cc1";"IC50";"'='";"310.0";"nM";"6.51";"";"";"UO_0000065";"12.17";"0.23";"4.06";"4.73";"1";"CHEMBL5114289";"Inhibition of DC-SIGN (unknown origin)";"B";"BAO_0000357";"single protein format";"Homo sapiens";"None";"None";"None";"None";"";"";"";"CHEMBL2176858";"C-type lectin domain family 4 member M";"Homo sapiens";"SINGLE PROTEIN";"CHEMBL5113380";"1";"Scientific Literature";"Eur J Med Chem";"2022";"None";"";"INHIBITOR";""
"CHEMBL345688";"";"None";"207.16";"0";"1.78";"15";"O=C(O)c1cnc2cc(F)ccc2c1O";"Kd";"";"";"";"";"";"NA";"";"";"";"";"";"0";"CHEMBL5136434";"Binding affinity to DC-SIGN ECD (66 to 404 residue) (unknown origin) expressed in Escherichia coli BL21 assessed as dissociation constant by STD reporter assay based NMR spectroscopy analysis";"B";"BAO_0000019";"assay format";"Homo sapiens";"None";"None";"None";"None";"";"";"";"CHEMBL2176858";"C-type lectin domain family 4 member M";"Homo sapiens";"SINGLE PROTEIN";"CHEMBL5131554";"1";"Scientific Literature";"ACS Med Chem Lett";"2022";"None";"";"";""
"CHEMBL5279021";"";"None";"672.74";"3";"-0.52";"26";"[N-]=[N+]=NCCO[C@H]1C[C@H](C(=O)NCc2ccc(CO)cc2)[C@@H](C(=O)NCc2ccc(CO)cc2)C[C@@H]1O[C@H]1O[C@H](CN)[C@@H](O)[C@H](O)[C@@H]1O";"IC50";"'='";"254000.0";"nM";"";"Outside typical range";"";"UO_0000065";"";"";"";"";"0";"CHEMBL5233383";"Inhibition of DC-SIGN (unknown origin) by SPR competition binding assay";"B";"BAO_0000357";"single protein format";"Homo sapiens";"None";"None";"None";"None";"";"";"";"CHEMBL2176858";"C-type lectin domain family 4 member M";"Homo sapiens";"SINGLE PROTEIN";"CHEMBL5233207";"1";"Scientific Literature";"RSC Med Chem";"2021";"None";"";"INHIBITOR";""
"CHEMBL5283713";"";"None";"747.25";"3";"-0.63";"27";"NCc1cn([C@@H]2[C@@H](O[C@H]3C[C@H](C(=O)NCc4ccc(CO)cc4)[C@@H](C(=O)NCc4ccc(CO)cc4)C[C@@H]3OCCCl)O[C@H](CO)[C@@H](O)[C@@H]2O)nn1";"Kd";"'='";"53000.0";"nM";"4.28";"";"";"UO_0000065";"5.72";"0.11";"4.91";"1.75";"0";"CHEMBL5233386";"Inhibition of DC-SIGN (unknown origin) by SPR direct assay";"B";"BAO_0000357";"single protein format";"Homo sapiens";"None";"None";"None";"None";"";"";"";"CHEMBL2176858";"C-type lectin domain family 4 member M";"Homo sapiens";"SINGLE PROTEIN";"CHEMBL5233207";"1";"Scientific Literature";"RSC Med Chem";"2021";"None";"";"INHIBITOR";""
"CHEMBL5279021";"";"None";"672.74";"3";"-0.52";"26";"[N-]=[N+]=NCCO[C@H]1C[C@H](C(=O)NCc2ccc(CO)cc2)[C@@H](C(=O)NCc2ccc(CO)cc2)C[C@@H]1O[C@H]1O[C@H](CN)[C@@H](O)[C@H](O)[C@@H]1O";"Kd";"'='";"171000.0";"nM";"";"Outside typical range";"";"UO_0000065";"";"";"";"";"0";"CHEMBL5233387";"Inhibition of DC-SIGN (unknown origin) by ITC assay";"B";"BAO_0000357";"single protein format";"Homo sapiens";"None";"None";"None";"None";"";"";"";"CHEMBL2176858";"C-type lectin domain family 4 member M";"Homo sapiens";"SINGLE PROTEIN";"CHEMBL5233207";"1";"Scientific Literature";"RSC Med Chem";"2021";"None";"";"INHIBITOR";""
"CHEMBL5194701";"";"None";"499.58";"0";"2.29";"35";"NC(=O)c1ccc(CCCC2Nc3ccc(C(=O)N4CCN(c5ncccn5)CC4)cc3NC2=O)cc1";"IC50";"'='";"2600.0";"nM";"5.58";"";"";"UO_0000065";"11.18";"0.21";"3.30";"4.18";"0";"CHEMBL5233391";"Inhibition of DC-SIGN (unknown origin) by high-throughput ELLA-type assay";"B";"BAO_0000357";"single protein format";"Homo sapiens";"None";"None";"None";"None";"";"";"";"CHEMBL2176858";"C-type lectin domain family 4 member M";"Homo sapiens";"SINGLE PROTEIN";"CHEMBL5233207";"1";"Scientific Literature";"RSC Med Chem";"2021";"None";"";"INHIBITOR";""
"CHEMBL5184322";"";"None";"289.29";"0";"1.88";"21";"CCOC(=O)c1c[nH]c2c(C(=O)OCC)cccc2c1=O";"Kd";"'='";"100000.0";"nM";"4.00";"";"";"UO_0000065";"13.83";"0.26";"2.12";"4.68";"0";"CHEMBL5136434";"Binding affinity to DC-SIGN ECD (66 to 404 residue) (unknown origin) expressed in Escherichia coli BL21 assessed as dissociation constant by STD reporter assay based NMR spectroscopy analysis";"B";"BAO_0000019";"assay format";"Homo sapiens";"None";"None";"None";"None";"";"";"";"CHEMBL2176858";"C-type lectin domain family 4 member M";"Homo sapiens";"SINGLE PROTEIN";"CHEMBL5131554";"1";"Scientific Literature";"ACS Med Chem Lett";"2022";"None";"";"INHIBITOR";""
"CHEMBL215479";"";"None";"207.16";"0";"1.78";"11";"O=C(O)c1cnc2ccc(F)cc2c1O";"Kd";"";"";"";"";"";"NA";"";"";"";"";"";"0";"CHEMBL5136434";"Binding affinity to DC-SIGN ECD (66 to 404 residue) (unknown origin) expressed in Escherichia coli BL21 assessed as dissociation constant by STD reporter assay based NMR spectroscopy analysis";"B";"BAO_0000019";"assay format";"Homo sapiens";"None";"None";"None";"None";"";"";"";"CHEMBL2176858";"C-type lectin domain family 4 member M";"Homo sapiens";"SINGLE PROTEIN";"CHEMBL5131554";"1";"Scientific Literature";"ACS Med Chem Lett";"2022";"None";"";"";""
"CHEMBL5287689";"";"None";"519.46";"1";"3.73";"7";"COC(=O)c1ccc(-c2ccc(/C=C3\C(=O)N(c4ccc(S(N)(=O)=O)cc4)N=C3C(F)(F)F)o2)cc1";"IC50";"'='";"32000.0";"nM";"4.50";"";"";"UO_0000065";"8.65";"0.17";"0.76";"3.40";"0";"CHEMBL5242011";"Inhibition of DC-SIGN extracellular domain (unknown origin) expressed in Escherichia coli DE3(BL21) incubated for 1 hrs in presence of Man-Fl-BSA by high-throughput fluorescence-based assay";"B";"BAO_0000019";"assay format";"Homo sapiens";"None";"None";"None";"None";"";"";"";"CHEMBL2176858";"C-type lectin domain family 4 member M";"Homo sapiens";"SINGLE PROTEIN";"CHEMBL5241084";"1";"Scientific Literature";"Eur J Med Chem";"2021";"None";"TIME = 1.0 hr";"INHIBITOR";""
"CHEMBL5270980";"";"None";"498.63";"0";"4.72";"16";"COc1ccccc1N1CCN(C(=O)c2ccc3c(c2)NC(=O)C(CCCc2ccccc2C)N3)CC1";"IC50";"'='";"4400.0";"nM";"5.36";"";"";"UO_0000065";"10.74";"0.20";"0.64";"7.25";"0";"CHEMBL5242011";"Inhibition of DC-SIGN extracellular domain (unknown origin) expressed in Escherichia coli DE3(BL21) incubated for 1 hrs in presence of Man-Fl-BSA by high-throughput fluorescence-based assay";"B";"BAO_0000019";"assay format";"Homo sapiens";"None";"None";"None";"None";"";"";"";"CHEMBL2176858";"C-type lectin domain family 4 member M";"Homo sapiens";"SINGLE PROTEIN";"CHEMBL5241084";"1";"Scientific Literature";"Eur J Med Chem";"2021";"None";"TIME = 1.0 hr";"INHIBITOR";""
"CHEMBL4457121";"";"None";"191.11";"0";"1.80";"38";"O=C(O)c1cc(C(F)(F)F)ccn1";"IC50";"'='";"3390000.0";"nM";"";"Outside typical range";"";"UO_0000065";"";"";"";"";"0";"CHEMBL5242012";"Inhibition of human DC-SIGN overexpressed in human Raji cells incubated for 30 mins by flow cytometry";"B";"BAO_0000219";"cell-based format";"Homo sapiens";"None";"None";"Raji";"None";"";"";"";"CHEMBL2176858";"C-type lectin domain family 4 member M";"Homo sapiens";"SINGLE PROTEIN";"CHEMBL5241084";"1";"Scientific Literature";"Eur J Med Chem";"2021";"None";"TIME = 0.5 hr";"INHIBITOR";""
"CHEMBL1503347";"";"None";"516.67";"1";"4.63";"4";"COc1ccccc1N1CCN(C(=O)c2ccc3c(c2)NC(=O)C(CSCc2ccccc2C)N3)CC1";"IC50";"'='";"2000.0";"nM";"5.70";"";"";"UO_0000065";"11.03";"0.21";"1.07";"7.71";"1";"CHEMBL5242011";"Inhibition of DC-SIGN extracellular domain (unknown origin) expressed in Escherichia coli DE3(BL21) incubated for 1 hrs in presence of Man-Fl-BSA by high-throughput fluorescence-based assay";"B";"BAO_0000019";"assay format";"Homo sapiens";"None";"None";"None";"None";"";"";"";"CHEMBL2176858";"C-type lectin domain family 4 member M";"Homo sapiens";"SINGLE PROTEIN";"CHEMBL5241084";"1";"Scientific Literature";"Eur J Med Chem";"2021";"None";"TIME = 1.0 hr";"INHIBITOR";""
"CHEMBL5177341";"";"None";"234.23";"0";"1.37";"1";"CN(C)C(=O)c1c[nH]c2ccc(F)cc2c1=O";"Kd";"'='";"2900000.0";"nM";"";"Outside typical range";"";"UO_0000065";"";"";"";"";"0";"CHEMBL5136434";"Binding affinity to DC-SIGN ECD (66 to 404 residue) (unknown origin) expressed in Escherichia coli BL21 assessed as dissociation constant by STD reporter assay based NMR spectroscopy analysis";"B";"BAO_0000019";"assay format";"Homo sapiens";"None";"None";"None";"None";"";"";"";"CHEMBL2176858";"C-type lectin domain family 4 member M";"Homo sapiens";"SINGLE PROTEIN";"CHEMBL5131554";"1";"Scientific Literature";"ACS Med Chem Lett";"2022";"None";"";"INHIBITOR";""
"CHEMBL5207138";"";"None";"303.31";"0";"2.50";"2";"O=c1c(S(=O)(=O)c2ccccc2)c[nH]c2cc(F)ccc12";"Kd";"'='";"1900000.0";"nM";"";"Outside typical range";"";"UO_0000065";"";"";"";"";"0";"CHEMBL5136434";"Binding affinity to DC-SIGN ECD (66 to 404 residue) (unknown origin) expressed in Escherichia coli BL21 assessed as dissociation constant by STD reporter assay based NMR spectroscopy analysis";"B";"BAO_0000019";"assay format";"Homo sapiens";"None";"None";"None";"None";"";"";"";"CHEMBL2176858";"C-type lectin domain family 4 member M";"Homo sapiens";"SINGLE PROTEIN";"CHEMBL5131554";"1";"Scientific Literature";"ACS Med Chem Lett";"2022";"None";"";"INHIBITOR";""
"CHEMBL5191565";"";"None";"356.40";"0";"2.06";"18";"CN(C)C(=O)c1ccc2c(=O)c(S(=O)(=O)c3ccccc3)c[nH]c2c1";"Kd";"'='";"300000.0";"nM";"";"Outside typical range";"";"UO_0000065";"";"";"";"";"0";"CHEMBL5136434";"Binding affinity to DC-SIGN ECD (66 to 404 residue) (unknown origin) expressed in Escherichia coli BL21 assessed as dissociation constant by STD reporter assay based NMR spectroscopy analysis";"B";"BAO_0000019";"assay format";"Homo sapiens";"None";"None";"None";"None";"";"";"";"CHEMBL2176858";"C-type lectin domain family 4 member M";"Homo sapiens";"SINGLE PROTEIN";"CHEMBL5131554";"1";"Scientific Literature";"ACS Med Chem Lett";"2022";"None";"";"INHIBITOR";""
"CHEMBL5171399";"";"None";"234.23";"0";"1.37";"8";"CN(C)C(=O)c1c[nH]c2c(F)cccc2c1=O";"FC";"'='";"10.0";"";"";"";"";"";"";"";"";"";"0";"CHEMBL5136436";"Binding affinity to DC-SIGN ECD (66 to 404 residue) (unknown origin) expressed in Escherichia coli BL21 assessed as fold increase by STD reporter assay based NMR spectroscopy analysis";"B";"BAO_0000019";"assay format";"Homo sapiens";"None";"None";"None";"None";"";"";"";"CHEMBL2176858";"C-type lectin domain family 4 member M";"Homo sapiens";"SINGLE PROTEIN";"CHEMBL5131554";"1";"Scientific Literature";"ACS Med Chem Lett";"2022";"None";"";"INHIBITOR";""
"CHEMBL5275794";"";"None";"283.35";"0";"3.20";"36";"O=C(O)Cc1csc(SCc2ccc(F)cc2)n1";"IC50";"'='";"2290000.0";"nM";"";"Outside typical range";"";"UO_0000065";"";"";"";"";"0";"CHEMBL5242012";"Inhibition of human DC-SIGN overexpressed in human Raji cells incubated for 30 mins by flow cytometry";"B";"BAO_0000219";"cell-based format";"Homo sapiens";"None";"None";"Raji";"None";"";"";"";"CHEMBL2176858";"C-type lectin domain family 4 member M";"Homo sapiens";"SINGLE PROTEIN";"CHEMBL5241084";"1";"Scientific Literature";"Eur J Med Chem";"2021";"None";"TIME = 0.5 hr";"INHIBITOR";""
"CHEMBL5275172";"";"None";"529.49";"3";"-6.40";"29";"CC(=O)N[C@@H]1[C@@H](O[C@@H]2O[C@@H](C)[C@@H](O)[C@@H](O)[C@@H]2O)[C@H](O[C@@H]2O[C@H](CO)[C@H](O)[C@H](O)[C@H]2O)[C@@H](CO)O[C@H]1O";"IC50";"'='";"800000.0";"nM";"";"Outside typical range";"";"UO_0000065";"";"";"";"";"0";"CHEMBL5233390";"Inhibition of DC-SIGN (unknown origin)";"B";"BAO_0000357";"single protein format";"Homo sapiens";"None";"None";"None";"None";"";"";"";"CHEMBL2176858";"C-type lectin domain family 4 member M";"Homo sapiens";"SINGLE PROTEIN";"CHEMBL5233207";"1";"Scientific Literature";"RSC Med Chem";"2021";"None";"";"INHIBITOR";""
"CHEMBL5194954";"";"None";"235.21";"0";"1.84";"7";"CCOC(=O)c1cc(=O)c2cccc(F)c2[nH]1";"Kd";"'='";"400000.0";"nM";"";"Outside typical range";"";"UO_0000065";"";"";"";"";"0";"CHEMBL5136433";"Binding affinity to N-terminal His-tagged DC-SIGN CRD (194 to 331 residues) (unknown origin) expressed in Escherichia coli BL21 assessed as dissociation constant by HSQC-NMR spectrum analysis";"B";"BAO_0000019";"assay format";"Homo sapiens";"None";"None";"None";"None";"";"";"";"CHEMBL2176858";"C-type lectin domain family 4 member M";"Homo sapiens";"SINGLE PROTEIN";"CHEMBL5131554";"1";"Scientific Literature";"ACS Med Chem Lett";"2022";"None";"";"INHIBITOR";""
"CHEMBL5279021";"";"None";"672.74";"3";"-0.52";"26";"[N-]=[N+]=NCCO[C@H]1C[C@H](C(=O)NCc2ccc(CO)cc2)[C@@H](C(=O)NCc2ccc(CO)cc2)C[C@@H]1O[C@H]1O[C@H](CN)[C@@H](O)[C@H](O)[C@@H]1O";"Kd";"'='";"310000.0";"nM";"";"Outside typical range";"";"UO_0000065";"";"";"";"";"0";"CHEMBL5233386";"Inhibition of DC-SIGN (unknown origin) by SPR direct assay";"B";"BAO_0000357";"single protein format";"Homo sapiens";"None";"None";"None";"None";"";"";"";"CHEMBL2176858";"C-type lectin domain family 4 member M";"Homo sapiens";"SINGLE PROTEIN";"CHEMBL5233207";"1";"Scientific Literature";"RSC Med Chem";"2021";"None";"";"INHIBITOR";""
"CHEMBL1503347";"";"None";"516.67";"1";"4.63";"32";"COc1ccccc1N1CCN(C(=O)c2ccc3c(c2)NC(=O)C(CSCc2ccccc2C)N3)CC1";"IC50";"'='";"2000.0";"nM";"5.70";"";"";"UO_0000065";"11.03";"0.21";"1.07";"7.71";"0";"CHEMBL5233391";"Inhibition of DC-SIGN (unknown origin) by high-throughput ELLA-type assay";"B";"BAO_0000357";"single protein format";"Homo sapiens";"None";"None";"None";"None";"";"";"";"CHEMBL2176858";"C-type lectin domain family 4 member M";"Homo sapiens";"SINGLE PROTEIN";"CHEMBL5233207";"1";"Scientific Literature";"RSC Med Chem";"2021";"None";"";"INHIBITOR";""
"CHEMBL1503347";"";"None";"516.67";"1";"4.63";"32";"COc1ccccc1N1CCN(C(=O)c2ccc3c(c2)NC(=O)C(CSCc2ccccc2C)N3)CC1";"IC50";"'='";"1600.0";"nM";"5.80";"";"";"UO_0000065";"11.22";"0.21";"1.17";"7.84";"0";"CHEMBL5233392";"Inhibition of fluorescent labeled mannosylated BSA probe to DC-SIGN (unknown origin)";"B";"BAO_0000357";"single protein format";"Homo sapiens";"None";"None";"None";"None";"";"";"";"CHEMBL2176858";"C-type lectin domain family 4 member M";"Homo sapiens";"SINGLE PROTEIN";"CHEMBL5233207";"1";"Scientific Literature";"RSC Med Chem";"2021";"None";"";"INHIBITOR";""
"CHEMBL5194701";"";"None";"499.58";"0";"2.29";"35";"NC(=O)c1ccc(CCCC2Nc3ccc(C(=O)N4CCN(c5ncccn5)CC4)cc3NC2=O)cc1";"Inhibition";"'='";"53.0";"%";"";"";"";"UO_0000187";"";"";"";"";"0";"CHEMBL5233393";"Inhibition of DC-SIGN (unknown origin)- mediated fluorescent probe binding at 0.1 mM relative to control";"B";"BAO_0000357";"single protein format";"Homo sapiens";"None";"None";"None";"None";"";"";"";"CHEMBL2176858";"C-type lectin domain family 4 member M";"Homo sapiens";"SINGLE PROTEIN";"CHEMBL5233207";"1";"Scientific Literature";"RSC Med Chem";"2021";"None";"DOSE = 0.1 mM";"INHIBITOR";""
"CHEMBL4289617";"";"None";"534.64";"1";"2.45";"36";"NS(=O)(=O)c1ccc(CCCC2Nc3ccc(C(=O)N4CCN(c5ccncc5)CC4)cc3NC2=O)cc1";"Inhibition";"'='";"92.0";"%";"";"";"";"UO_0000187";"";"";"";"";"0";"CHEMBL5233394";"Inhibition of DC-SIGN (unknown origin)- mediated fluorescent probe binding at 1 mM relative to control";"B";"BAO_0000357";"single protein format";"Homo sapiens";"None";"None";"None";"None";"";"";"";"CHEMBL2176858";"C-type lectin domain family 4 member M";"Homo sapiens";"SINGLE PROTEIN";"CHEMBL5233207";"1";"Scientific Literature";"RSC Med Chem";"2021";"None";"DOSE = 1.0 mM";"INHIBITOR";""
"CHEMBL5196267";"";"None";"259.31";"0";"1.30";"10";"CN(C)C(=O)c1c[nH]c2ccc(N(C)C)cc2c1=O";"Kd";"";"";"";"";"";"NA";"";"";"";"";"";"0";"CHEMBL5136433";"Binding affinity to N-terminal His-tagged DC-SIGN CRD (194 to 331 residues) (unknown origin) expressed in Escherichia coli BL21 assessed as dissociation constant by HSQC-NMR spectrum analysis";"B";"BAO_0000019";"assay format";"Homo sapiens";"None";"None";"None";"None";"";"";"";"CHEMBL2176858";"C-type lectin domain family 4 member M";"Homo sapiens";"SINGLE PROTEIN";"CHEMBL5131554";"1";"Scientific Literature";"ACS Med Chem Lett";"2022";"None";"";"";""
"CHEMBL5180775";"";"None";"323.37";"0";"0.48";"14";"CN(C)C(=O)c1c[nH]c2ccc(S(=O)(=O)N(C)C)cc2c1=O";"Kd";"";"";"";"";"";"NA";"";"";"";"";"";"0";"CHEMBL5136434";"Binding affinity to DC-SIGN ECD (66 to 404 residue) (unknown origin) expressed in Escherichia coli BL21 assessed as dissociation constant by STD reporter assay based NMR spectroscopy analysis";"B";"BAO_0000019";"assay format";"Homo sapiens";"None";"None";"None";"None";"";"";"";"CHEMBL2176858";"C-type lectin domain family 4 member M";"Homo sapiens";"SINGLE PROTEIN";"CHEMBL5131554";"1";"Scientific Literature";"ACS Med Chem Lett";"2022";"None";"";"";""
"CHEMBL5175512";"";"None";"289.29";"0";"1.88";"22";"CCOC(=O)c1cc(=O)c2cccc(C(=O)OCC)c2[nH]1";"Kd";"'='";"600000.0";"nM";"";"Outside typical range";"";"UO_0000065";"";"";"";"";"0";"CHEMBL5136434";"Binding affinity to DC-SIGN ECD (66 to 404 residue) (unknown origin) expressed in Escherichia coli BL21 assessed as dissociation constant by STD reporter assay based NMR spectroscopy analysis";"B";"BAO_0000019";"assay format";"Homo sapiens";"None";"None";"None";"None";"";"";"";"CHEMBL2176858";"C-type lectin domain family 4 member M";"Homo sapiens";"SINGLE PROTEIN";"CHEMBL5131554";"1";"Scientific Literature";"ACS Med Chem Lett";"2022";"None";"";"INHIBITOR";""
"CHEMBL5190083";"";"None";"289.29";"0";"1.88";"20";"CCOC(=O)c1ccc2[nH]c(C(=O)OCC)cc(=O)c2c1";"Kd";"";"";"";"";"";"NA";"";"";"";"";"";"0";"CHEMBL5136434";"Binding affinity to DC-SIGN ECD (66 to 404 residue) (unknown origin) expressed in Escherichia coli BL21 assessed as dissociation constant by STD reporter assay based NMR spectroscopy analysis";"B";"BAO_0000019";"assay format";"Homo sapiens";"None";"None";"None";"None";"";"";"";"CHEMBL2176858";"C-type lectin domain family 4 member M";"Homo sapiens";"SINGLE PROTEIN";"CHEMBL5131554";"1";"Scientific Literature";"ACS Med Chem Lett";"2022";"None";"";"";""
"CHEMBL158890";"";"None";"189.17";"0";"1.64";"5";"O=C(O)c1cnc2ccccc2c1O";"Kd";"'='";"2200000.0";"nM";"";"Outside typical range";"";"UO_0000065";"";"";"";"";"0";"CHEMBL5136434";"Binding affinity to DC-SIGN ECD (66 to 404 residue) (unknown origin) expressed in Escherichia coli BL21 assessed as dissociation constant by STD reporter assay based NMR spectroscopy analysis";"B";"BAO_0000019";"assay format";"Homo sapiens";"None";"None";"None";"None";"";"";"";"CHEMBL2176858";"C-type lectin domain family 4 member M";"Homo sapiens";"SINGLE PROTEIN";"CHEMBL5131554";"1";"Scientific Literature";"ACS Med Chem Lett";"2022";"None";"";"INHIBITOR";""
"CHEMBL385560";"";"None";"232.24";"0";"1.70";"23";"CN(C)c1ccc2ncc(C(=O)O)c(O)c2c1";"Kd";"";"";"";"";"";"NA";"";"";"";"";"";"0";"CHEMBL5136434";"Binding affinity to DC-SIGN ECD (66 to 404 residue) (unknown origin) expressed in Escherichia coli BL21 assessed as dissociation constant by STD reporter assay based NMR spectroscopy analysis";"B";"BAO_0000019";"assay format";"Homo sapiens";"None";"None";"None";"None";"";"";"";"CHEMBL2176858";"C-type lectin domain family 4 member M";"Homo sapiens";"SINGLE PROTEIN";"CHEMBL5131554";"1";"Scientific Literature";"ACS Med Chem Lett";"2022";"None";"";"";""
"CHEMBL4105227";"";"None";"237.26";"0";"2.90";"6";"O=c1c(O)c(-c2ccccc2)[nH]c2ccccc12";"Kd";"";"";"";"";"";"NA";"";"";"";"";"";"0";"CHEMBL5136434";"Binding affinity to DC-SIGN ECD (66 to 404 residue) (unknown origin) expressed in Escherichia coli BL21 assessed as dissociation constant by STD reporter assay based NMR spectroscopy analysis";"B";"BAO_0000019";"assay format";"Homo sapiens";"None";"None";"None";"None";"";"";"";"CHEMBL2176858";"C-type lectin domain family 4 member M";"Homo sapiens";"SINGLE PROTEIN";"CHEMBL5131554";"1";"Scientific Literature";"ACS Med Chem Lett";"2022";"None";"";"";""
"CHEMBL4750453";"";"None";"255.25";"0";"3.04";"26";"O=c1c(O)c(-c2ccccc2)[nH]c2ccc(F)cc12";"Kd";"";"";"";"";"";"NA";"";"";"";"";"";"0";"CHEMBL5136434";"Binding affinity to DC-SIGN ECD (66 to 404 residue) (unknown origin) expressed in Escherichia coli BL21 assessed as dissociation constant by STD reporter assay based NMR spectroscopy analysis";"B";"BAO_0000019";"assay format";"Homo sapiens";"None";"None";"None";"None";"";"";"";"CHEMBL2176858";"C-type lectin domain family 4 member M";"Homo sapiens";"SINGLE PROTEIN";"CHEMBL5131554";"1";"Scientific Literature";"ACS Med Chem Lett";"2022";"None";"";"";""
"CHEMBL5194954";"";"None";"235.21";"0";"1.84";"7";"CCOC(=O)c1cc(=O)c2cccc(F)c2[nH]1";"Activity";"'='";"20.0";"%";"";"";"";"UO_0000187";"";"";"";"";"0";"CHEMBL5136435";"Displacement of 6-Fluoro-N,N-dimethyl-4-oxo-1,4-dihydroquinoline-3-carboxamide from DC-SIGN ECD (66 to 404 residues) (unknown origin) expressed in Escherichia coli BL21 by STD reporter assay based NMR spectroscopy analysis";"B";"BAO_0000019";"assay format";"Homo sapiens";"None";"None";"None";"None";"";"";"";"CHEMBL2176858";"C-type lectin domain family 4 member M";"Homo sapiens";"SINGLE PROTEIN";"CHEMBL5131554";"1";"Scientific Literature";"ACS Med Chem Lett";"2022";"None";"";"";""
"CHEMBL5198813";"";"None";"259.31";"0";"1.30";"9";"CN(C)C(=O)c1c[nH]c2cc(N(C)C)ccc2c1=O";"FC";"'='";"7.0";"";"";"";"";"";"";"";"";"";"0";"CHEMBL5136436";"Binding affinity to DC-SIGN ECD (66 to 404 residue) (unknown origin) expressed in Escherichia coli BL21 assessed as fold increase by STD reporter assay based NMR spectroscopy analysis";"B";"BAO_0000019";"assay format";"Homo sapiens";"None";"None";"None";"None";"";"";"";"CHEMBL2176858";"C-type lectin domain family 4 member M";"Homo sapiens";"SINGLE PROTEIN";"CHEMBL5131554";"1";"Scientific Literature";"ACS Med Chem Lett";"2022";"None";"";"INHIBITOR";""
"CHEMBL5208697";"";"None";"301.35";"0";"1.07";"24";"CN(C)c1ccc2[nH]cc(C(=O)N3CCOCC3)c(=O)c2c1";"Kd";"";"";"";"";"";"NA";"";"";"";"";"";"0";"CHEMBL5136434";"Binding affinity to DC-SIGN ECD (66 to 404 residue) (unknown origin) expressed in Escherichia coli BL21 assessed as dissociation constant by STD reporter assay based NMR spectroscopy analysis";"B";"BAO_0000019";"assay format";"Homo sapiens";"None";"None";"None";"None";"";"";"";"CHEMBL2176858";"C-type lectin domain family 4 member M";"Homo sapiens";"SINGLE PROTEIN";"CHEMBL5131554";"1";"Scientific Literature";"ACS Med Chem Lett";"2022";"None";"";"";""
"CHEMBL4293485";"";"None";"186.63";"0";"1.58";"31";"Clc1ccc(-c2nnn[nH]2)s1";"IC50";"'='";"1490000.0";"nM";"";"Outside typical range";"";"UO_0000065";"";"";"";"";"0";"CHEMBL5242012";"Inhibition of human DC-SIGN overexpressed in human Raji cells incubated for 30 mins by flow cytometry";"B";"BAO_0000219";"cell-based format";"Homo sapiens";"None";"None";"Raji";"None";"";"";"";"CHEMBL2176858";"C-type lectin domain family 4 member M";"Homo sapiens";"SINGLE PROTEIN";"CHEMBL5241084";"1";"Scientific Literature";"Eur J Med Chem";"2021";"None";"TIME = 0.5 hr";"INHIBITOR";""
"CHEMBL5276939";"";"None";"246.21";"0";"3.62";"40";"O=C(O)c1cc2cc(C(F)(F)F)ccc2s1";"IC50";"'='";"4050000.0";"nM";"";"Outside typical range";"";"UO_0000065";"";"";"";"";"0";"CHEMBL5242012";"Inhibition of human DC-SIGN overexpressed in human Raji cells incubated for 30 mins by flow cytometry";"B";"BAO_0000219";"cell-based format";"Homo sapiens";"None";"None";"Raji";"None";"";"";"";"CHEMBL2176858";"C-type lectin domain family 4 member M";"Homo sapiens";"SINGLE PROTEIN";"CHEMBL5241084";"1";"Scientific Literature";"Eur J Med Chem";"2021";"None";"TIME = 0.5 hr";"INHIBITOR";""
"CHEMBL4289617";"";"None";"534.64";"1";"2.45";"36";"NS(=O)(=O)c1ccc(CCCC2Nc3ccc(C(=O)N4CCN(c5ccncc5)CC4)cc3NC2=O)cc1";"IC50";"'='";"300.0";"nM";"6.52";"";"";"UO_0000065";"12.20";"0.23";"4.07";"4.74";"0";"CHEMBL5233391";"Inhibition of DC-SIGN (unknown origin) by high-throughput ELLA-type assay";"B";"BAO_0000357";"single protein format";"Homo sapiens";"None";"None";"None";"None";"";"";"";"CHEMBL2176858";"C-type lectin domain family 4 member M";"Homo sapiens";"SINGLE PROTEIN";"CHEMBL5233207";"1";"Scientific Literature";"RSC Med Chem";"2021";"None";"";"INHIBITOR";""
"CHEMBL382363";"";"None";"217.22";"0";"2.12";"4";"CCOC(=O)c1cnc2ccccc2c1O";"Kd";"'='";"200000.0";"nM";"";"Outside typical range";"";"UO_0000065";"";"";"";"";"0";"CHEMBL5136434";"Binding affinity to DC-SIGN ECD (66 to 404 residue) (unknown origin) expressed in Escherichia coli BL21 assessed as dissociation constant by STD reporter assay based NMR spectroscopy analysis";"B";"BAO_0000019";"assay format";"Homo sapiens";"None";"None";"None";"None";"";"";"";"CHEMBL2176858";"C-type lectin domain family 4 member M";"Homo sapiens";"SINGLE PROTEIN";"CHEMBL5131554";"1";"Scientific Literature";"ACS Med Chem Lett";"2022";"None";"";"INHIBITOR";""
"CHEMBL5171399";"";"None";"234.23";"0";"1.37";"8";"CN(C)C(=O)c1c[nH]c2c(F)cccc2c1=O";"Kd";"'='";"300000.0";"nM";"";"Outside typical range";"";"UO_0000065";"";"";"";"";"0";"CHEMBL5136434";"Binding affinity to DC-SIGN ECD (66 to 404 residue) (unknown origin) expressed in Escherichia coli BL21 assessed as dissociation constant by STD reporter assay based NMR spectroscopy analysis";"B";"BAO_0000019";"assay format";"Homo sapiens";"None";"None";"None";"None";"";"";"";"CHEMBL2176858";"C-type lectin domain family 4 member M";"Homo sapiens";"SINGLE PROTEIN";"CHEMBL5131554";"1";"Scientific Literature";"ACS Med Chem Lett";"2022";"None";"";"INHIBITOR";""
"CHEMBL5204797";"";"None";"274.30";"0";"2.29";"17";"O=C(c1c[nH]c2cc(F)ccc2c1=O)N1CCCCC1";"Kd";"";"";"";"";"";"NA";"";"";"";"";"";"0";"CHEMBL5136434";"Binding affinity to DC-SIGN ECD (66 to 404 residue) (unknown origin) expressed in Escherichia coli BL21 assessed as dissociation constant by STD reporter assay based NMR spectroscopy analysis";"B";"BAO_0000019";"assay format";"Homo sapiens";"None";"None";"None";"None";"";"";"";"CHEMBL2176858";"C-type lectin domain family 4 member M";"Homo sapiens";"SINGLE PROTEIN";"CHEMBL5131554";"1";"Scientific Literature";"ACS Med Chem Lett";"2022";"None";"";"";""
"CHEMBL5175535";"";"None";"283.26";"0";"2.89";"13";"O=C(Oc1ccccc1)c1c[nH]c2ccc(F)cc2c1=O";"Kd";"";"";"";"";"";"NA";"";"";"";"";"";"0";"CHEMBL5136434";"Binding affinity to DC-SIGN ECD (66 to 404 residue) (unknown origin) expressed in Escherichia coli BL21 assessed as dissociation constant by STD reporter assay based NMR spectroscopy analysis";"B";"BAO_0000019";"assay format";"Homo sapiens";"None";"None";"None";"None";"";"";"";"CHEMBL2176858";"C-type lectin domain family 4 member M";"Homo sapiens";"SINGLE PROTEIN";"CHEMBL5131554";"1";"Scientific Literature";"ACS Med Chem Lett";"2022";"None";"";"";""
"CHEMBL5197322";"";"None";"260.29";"0";"1.77";"19";"CCOC(=O)c1cc(=O)c2cc(N(C)C)ccc2[nH]1";"Kd";"";"";"";"";"";"NA";"";"";"";"";"";"0";"CHEMBL5136434";"Binding affinity to DC-SIGN ECD (66 to 404 residue) (unknown origin) expressed in Escherichia coli BL21 assessed as dissociation constant by STD reporter assay based NMR spectroscopy analysis";"B";"BAO_0000019";"assay format";"Homo sapiens";"None";"None";"None";"None";"";"";"";"CHEMBL2176858";"C-type lectin domain family 4 member M";"Homo sapiens";"SINGLE PROTEIN";"CHEMBL5131554";"1";"Scientific Literature";"ACS Med Chem Lett";"2022";"None";"";"";""
"CHEMBL5077032";"";"None";"3155.70";"None";"None";"5";"COC(=O)CNC(=O)CN(Cc1cn(CCCOc2c3cc(C(C)(C)C)cc2Sc2cc(C(C)(C)C)cc(c2OCCCn2cc(CN(CC(=O)NCC(=O)OC)C(=O)CCCCCn4cc(CO[C@@H]5O[C@@H](C)[C@@H](O)[C@@H](O)[C@@H]5O)nn4)nn2)Sc2cc(C(C)(C)C)cc(c2OCCCn2cc(CN(CC(=O)NCC(=O)OC)C(=O)CCCCCn4cc(CO[C@@H]5O[C@@H](C)[C@@H](O)[C@@H](O)[C@@H]5O)nn4)nn2)Sc2cc(C(C)(C)C)cc(c2OCCCn2cc(CN(CC(=O)NCC(=O)OC)C(=O)CCCCCn4cc(CO[C@@H]5O[C@@H](C)[C@@H](O)[C@@H](O)[C@@H]5O)nn4)nn2)S3)nn1)C(=O)CCCCCn1cc(CO[C@@H]2O[C@@H](C)[C@@H](O)[C@@H](O)[C@@H]2O)nn1";"IC50";"'='";"1000.0";"nM";"6.00";"";"";"UO_0000065";"1.90";"None";"None";"None";"0";"CHEMBL5033560";"Inhibition of full-length DC-SIGN (unknown origin) expressed in human monocyte derived dendritic cells assessed as inhibition of binding to recombinant HCMV gB using flow cytometry";"B";"BAO_0000219";"cell-based format";"Homo sapiens";"None";"None";"Dendritic cell";"None";"";"";"";"CHEMBL2176858";"C-type lectin domain family 4 member M";"Homo sapiens";"SINGLE PROTEIN";"CHEMBL5032520";"1";"Scientific Literature";"J Med Chem";"2021";"None";"";"INHIBITOR";""
"CHEMBL5077032";"";"None";"3155.70";"None";"None";"5";"COC(=O)CNC(=O)CN(Cc1cn(CCCOc2c3cc(C(C)(C)C)cc2Sc2cc(C(C)(C)C)cc(c2OCCCn2cc(CN(CC(=O)NCC(=O)OC)C(=O)CCCCCn4cc(CO[C@@H]5O[C@@H](C)[C@@H](O)[C@@H](O)[C@@H]5O)nn4)nn2)Sc2cc(C(C)(C)C)cc(c2OCCCn2cc(CN(CC(=O)NCC(=O)OC)C(=O)CCCCCn4cc(CO[C@@H]5O[C@@H](C)[C@@H](O)[C@@H](O)[C@@H]5O)nn4)nn2)Sc2cc(C(C)(C)C)cc(c2OCCCn2cc(CN(CC(=O)NCC(=O)OC)C(=O)CCCCCn4cc(CO[C@@H]5O[C@@H](C)[C@@H](O)[C@@H](O)[C@@H]5O)nn4)nn2)S3)nn1)C(=O)CCCCCn1cc(CO[C@@H]2O[C@@H](C)[C@@H](O)[C@@H](O)[C@@H]2O)nn1";"IC50";"'='";"601.5";"nM";"6.22";"";"";"UO_0000065";"1.97";"None";"None";"None";"0";"CHEMBL5033563";"Inhibition of DC-SIGN (unknown origin) expressed in human Jurkat cells assessed as inhibition of EBOV-pseudotyped virus infection measured after 48 hrs by luciferase assay";"B";"BAO_0000219";"cell-based format";"Homo sapiens";"None";"None";"Jurkat";"None";"";"";"";"CHEMBL2176858";"C-type lectin domain family 4 member M";"Homo sapiens";"SINGLE PROTEIN";"CHEMBL5032520";"1";"Scientific Literature";"J Med Chem";"2021";"None";"TIME = 48.0 hr";"INHIBITOR";""
"CHEMBL5079779";"";"None";"3083.54";"None";"None";"3";"COC(=O)CNC(=O)CN(Cc1cn(CCCOc2c3cc(C(C)(C)C)cc2Cc2cc(C(C)(C)C)cc(c2OCCCn2cc(CN(CC(=O)NCC(=O)OC)C(=O)CCCCCn4cc(CO[C@@H]5O[C@@H](C)[C@@H](O)[C@@H](O)[C@@H]5O)nn4)nn2)Cc2cc(C(C)(C)C)cc(c2OCCCn2cc(CN(CC(=O)NCC(=O)OC)C(=O)CCCCCn4cc(CO[C@@H]5O[C@@H](C)[C@@H](O)[C@@H](O)[C@@H]5O)nn4)nn2)Cc2cc(C(C)(C)C)cc(c2OCCCn2cc(CN(CC(=O)NCC(=O)OC)C(=O)CCCCCn4cc(CO[C@@H]5O[C@@H](C)[C@@H](O)[C@@H](O)[C@@H]5O)nn4)nn2)C3)nn1)C(=O)CCCCCn1cc(CO[C@@H]2O[C@@H](C)[C@@H](O)[C@@H](O)[C@@H]2O)nn1";"IC50";"'='";"26500.0";"nM";"4.58";"";"";"UO_0000065";"1.48";"None";"None";"None";"0";"CHEMBL5033559";"Inhibition of DC-SIGN extracellular domain (unknown origin) binding to HIV gp120 by surface plasmon resonance analysis";"B";"BAO_0000357";"single protein format";"Homo sapiens";"None";"None";"None";"None";"";"";"";"CHEMBL2176858";"C-type lectin domain family 4 member M";"Homo sapiens";"SINGLE PROTEIN";"CHEMBL5032520";"1";"Scientific Literature";"J Med Chem";"2021";"None";"";"INHIBITOR";""
"CHEMBL382363";"";"None";"217.22";"0";"2.12";"4";"CCOC(=O)c1cnc2ccccc2c1O";"Kd";"'='";"200000.0";"nM";"";"Outside typical range";"";"UO_0000065";"";"";"";"";"0";"CHEMBL5136433";"Binding affinity to N-terminal His-tagged DC-SIGN CRD (194 to 331 residues) (unknown origin) expressed in Escherichia coli BL21 assessed as dissociation constant by HSQC-NMR spectrum analysis";"B";"BAO_0000019";"assay format";"Homo sapiens";"None";"None";"None";"None";"";"";"";"CHEMBL2176858";"C-type lectin domain family 4 member M";"Homo sapiens";"SINGLE PROTEIN";"CHEMBL5131554";"1";"Scientific Literature";"ACS Med Chem Lett";"2022";"None";"";"INHIBITOR";""
"CHEMBL5196267";"";"None";"259.31";"0";"1.30";"10";"CN(C)C(=O)c1c[nH]c2ccc(N(C)C)cc2c1=O";"Kd";"";"";"";"";"";"NA";"";"";"";"";"";"0";"CHEMBL5136434";"Binding affinity to DC-SIGN ECD (66 to 404 residue) (unknown origin) expressed in Escherichia coli BL21 assessed as dissociation constant by STD reporter assay based NMR spectroscopy analysis";"B";"BAO_0000019";"assay format";"Homo sapiens";"None";"None";"None";"None";"";"";"";"CHEMBL2176858";"C-type lectin domain family 4 member M";"Homo sapiens";"SINGLE PROTEIN";"CHEMBL5131554";"1";"Scientific Literature";"ACS Med Chem Lett";"2022";"None";"";"";""
"CHEMBL5195929";"";"None";"276.27";"0";"1.14";"12";"O=C(c1c[nH]c2ccc(F)cc2c1=O)N1CCOCC1";"Kd";"";"";"";"";"";"NA";"";"";"";"";"";"0";"CHEMBL5136434";"Binding affinity to DC-SIGN ECD (66 to 404 residue) (unknown origin) expressed in Escherichia coli BL21 assessed as dissociation constant by STD reporter assay based NMR spectroscopy analysis";"B";"BAO_0000019";"assay format";"Homo sapiens";"None";"None";"None";"None";"";"";"";"CHEMBL2176858";"C-type lectin domain family 4 member M";"Homo sapiens";"SINGLE PROTEIN";"CHEMBL5131554";"1";"Scientific Literature";"ACS Med Chem Lett";"2022";"None";"";"";""
"CHEMBL5202656";"";"None";"260.29";"0";"1.77";"16";"CCOC(=O)c1c[nH]c2ccc(N(C)C)cc2c1=O";"Kd";"'='";"300000.0";"nM";"";"Outside typical range";"";"UO_0000065";"";"";"";"";"0";"CHEMBL5136434";"Binding affinity to DC-SIGN ECD (66 to 404 residue) (unknown origin) expressed in Escherichia coli BL21 assessed as dissociation constant by STD reporter assay based NMR spectroscopy analysis";"B";"BAO_0000019";"assay format";"Homo sapiens";"None";"None";"None";"None";"";"";"";"CHEMBL2176858";"C-type lectin domain family 4 member M";"Homo sapiens";"SINGLE PROTEIN";"CHEMBL5131554";"1";"Scientific Literature";"ACS Med Chem Lett";"2022";"None";"";"INHIBITOR";""
"CHEMBL5190869";"";"None";"336.37";"0";"1.40";"25";"O=C(O)c1c[nH]c2ccc(S(=O)(=O)N3CCCCC3)cc2c1=O";"Kd";"'='";"500000.0";"nM";"";"Outside typical range";"";"UO_0000065";"";"";"";"";"0";"CHEMBL5136434";"Binding affinity to DC-SIGN ECD (66 to 404 residue) (unknown origin) expressed in Escherichia coli BL21 assessed as dissociation constant by STD reporter assay based NMR spectroscopy analysis";"B";"BAO_0000019";"assay format";"Homo sapiens";"None";"None";"None";"None";"";"";"";"CHEMBL2176858";"C-type lectin domain family 4 member M";"Homo sapiens";"SINGLE PROTEIN";"CHEMBL5131554";"1";"Scientific Literature";"ACS Med Chem Lett";"2022";"None";"";"INHIBITOR";""
"CHEMBL1232862";"";"None";"164.16";"0";"-2.19";"alpha-L-Fucose";"C[C@@H]1O[C@@H](O)[C@@H](O)[C@H](O)[C@@H]1O";"IC50";"'='";"2480000.0";"nM";"";"Outside typical range";"";"UO_0000065";"";"";"";"";"0";"CHEMBL5033559";"Inhibition of DC-SIGN extracellular domain (unknown origin) binding to HIV gp120 by surface plasmon resonance analysis";"B";"BAO_0000357";"single protein format";"Homo sapiens";"None";"None";"None";"None";"";"";"";"CHEMBL2176858";"C-type lectin domain family 4 member M";"Homo sapiens";"SINGLE PROTEIN";"CHEMBL5032520";"1";"Scientific Literature";"J Med Chem";"2021";"None";"";"INHIBITOR";""
"CHEMBL365590";"";"None";"180.16";"0";"-3.22";"alpha-D-Mannose";"OC[C@H]1O[C@H](O)[C@@H](O)[C@@H](O)[C@@H]1O";"IC50";"'='";"3386000.0";"nM";"";"Outside typical range";"";"UO_0000065";"";"";"";"";"0";"CHEMBL5033559";"Inhibition of DC-SIGN extracellular domain (unknown origin) binding to HIV gp120 by surface plasmon resonance analysis";"B";"BAO_0000357";"single protein format";"Homo sapiens";"None";"None";"None";"None";"";"";"";"CHEMBL2176858";"C-type lectin domain family 4 member M";"Homo sapiens";"SINGLE PROTEIN";"CHEMBL5032520";"1";"Scientific Literature";"J Med Chem";"2021";"None";"";"INHIBITOR";""
"CHEMBL4554703";"";"None";"2695.07";"None";"None";"2";"CC(C)(C)c1cc2c(OCCCn3cc(CN(O)C(=O)CCCCCn4cc(CO[C@H]5O[C@H](CO)[C@@H](O)[C@H](O)[C@@H]5O)nn4)nn3)c(c1)Cc1cc(C(C)(C)C)cc(c1OCCCn1cc(CN(O)C(=O)CCCCCn3cc(CO[C@H]4O[C@H](CO)[C@@H](O)[C@H](O)[C@@H]4O)nn3)nn1)Cc1cc(C(C)(C)C)cc(c1OCCCn1cc(CN(O)C(=O)CCCCCn3cc(CO[C@H]4O[C@H](CO)[C@@H](O)[C@H](O)[C@@H]4O)nn3)nn1)Cc1cc(C(C)(C)C)cc(c1OCCCn1cc(CN(O)C(=O)CCCCCn3cc(CO[C@H]4O[C@H](CO)[C@@H](O)[C@H](O)[C@@H]4O)nn3)nn1)C2";"IC50";"'='";"156.0";"nM";"6.81";"";"";"UO_0000065";"2.53";"None";"None";"None";"0";"CHEMBL5033560";"Inhibition of full-length DC-SIGN (unknown origin) expressed in human monocyte derived dendritic cells assessed as inhibition of binding to recombinant HCMV gB using flow cytometry";"B";"BAO_0000219";"cell-based format";"Homo sapiens";"None";"None";"Dendritic cell";"None";"";"";"";"CHEMBL2176858";"C-type lectin domain family 4 member M";"Homo sapiens";"SINGLE PROTEIN";"CHEMBL5032520";"1";"Scientific Literature";"J Med Chem";"2021";"None";"";"INHIBITOR";""
"CHEMBL5288093";"";"None";"525.05";"2";"5.11";"3";"O=C1Nc2cc(C(=O)N3CCN(c4ccccc4)CC3)ccc2NC1CSCc1c(F)cccc1Cl";"IC50";"'='";"7300.0";"nM";"5.14";"";"";"UO_0000065";"9.78";"0.19";"0.03";"7.94";"0";"CHEMBL5242011";"Inhibition of DC-SIGN extracellular domain (unknown origin) expressed in Escherichia coli DE3(BL21) incubated for 1 hrs in presence of Man-Fl-BSA by high-throughput fluorescence-based assay";"B";"BAO_0000019";"assay format";"Homo sapiens";"None";"None";"None";"None";"";"";"";"CHEMBL2176858";"C-type lectin domain family 4 member M";"Homo sapiens";"SINGLE PROTEIN";"CHEMBL5241084";"1";"Scientific Literature";"Eur J Med Chem";"2021";"None";"TIME = 1.0 hr";"INHIBITOR";""
"CHEMBL4072223";"";"None";"387.53";"0";"4.73";"6";"CCC(=O)Nc1nc(C)c(-c2csc(Nc3ccc(N(C)C)cc3)n2)s1";"IC50";"'='";"1600.0";"nM";"5.80";"";"";"UO_0000065";"14.96";"0.30";"1.07";"8.26";"0";"CHEMBL5242011";"Inhibition of DC-SIGN extracellular domain (unknown origin) expressed in Escherichia coli DE3(BL21) incubated for 1 hrs in presence of Man-Fl-BSA by high-throughput fluorescence-based assay";"B";"BAO_0000019";"assay format";"Homo sapiens";"None";"None";"None";"None";"";"";"";"CHEMBL2176858";"C-type lectin domain family 4 member M";"Homo sapiens";"SINGLE PROTEIN";"CHEMBL5241084";"1";"Scientific Literature";"Eur J Med Chem";"2021";"None";"TIME = 1.0 hr";"INHIBITOR";""
"CHEMBL5273586";"";"None";"249.31";"0";"1.24";"42";"CCNC(=O)N1CCN(c2ccccc2O)CC1";"IC50";"'='";"7050000.0";"nM";"";"Outside typical range";"";"UO_0000065";"";"";"";"";"0";"CHEMBL5242012";"Inhibition of human DC-SIGN overexpressed in human Raji cells incubated for 30 mins by flow cytometry";"B";"BAO_0000219";"cell-based format";"Homo sapiens";"None";"None";"Raji";"None";"";"";"";"CHEMBL2176858";"C-type lectin domain family 4 member M";"Homo sapiens";"SINGLE PROTEIN";"CHEMBL5241084";"1";"Scientific Literature";"Eur J Med Chem";"2021";"None";"TIME = 0.5 hr";"INHIBITOR";""
"CHEMBL3121700";"";"None";"673.72";"3";"-0.49";"25";"[N-]=[N+]=NCCO[C@H]1C[C@H](C(=O)NCc2ccc(CO)cc2)[C@@H](C(=O)NCc2ccc(CO)cc2)C[C@@H]1O[C@H]1O[C@H](CO)[C@@H](O)[C@H](O)[C@@H]1O";"IC50";"'='";"325000.0";"nM";"";"Outside typical range";"";"UO_0000065";"";"";"";"";"0";"CHEMBL5233383";"Inhibition of DC-SIGN (unknown origin) by SPR competition binding assay";"B";"BAO_0000357";"single protein format";"Homo sapiens";"None";"None";"None";"None";"";"";"";"CHEMBL2176858";"C-type lectin domain family 4 member M";"Homo sapiens";"SINGLE PROTEIN";"CHEMBL5233207";"1";"Scientific Literature";"RSC Med Chem";"2021";"None";"";"INHIBITOR";""
"CHEMBL5269845";"";"None";"532.66";"2";"0.88";"22";"NC(=O)[C@H](CCC(=O)O)NC(=O)[C@H]1C[C@@H](O)[C@H](O)[C@H](O)[C@H]1SCCCCSCc1cccc(F)c1";"IC50";"'='";"3200000.0";"nM";"";"Outside typical range";"";"UO_0000065";"";"";"";"";"0";"CHEMBL5233384";"Inhibition of DC-SIGN (unknown origin) by solid-phase fluorescence assay";"B";"BAO_0000357";"single protein format";"Homo sapiens";"None";"None";"None";"None";"";"";"";"CHEMBL2176858";"C-type lectin domain family 4 member M";"Homo sapiens";"SINGLE PROTEIN";"CHEMBL5233207";"1";"Scientific Literature";"RSC Med Chem";"2021";"None";"";"INHIBITOR";""
"CHEMBL1413378";"";"None";"192.21";"0";"2.14";"41";"CC1(C)CC(=O)c2ccc(O)cc2O1";"IC50";"'='";"4660000.0";"nM";"";"Outside typical range";"";"UO_0000065";"";"";"";"";"0";"CHEMBL5242012";"Inhibition of human DC-SIGN overexpressed in human Raji cells incubated for 30 mins by flow cytometry";"B";"BAO_0000219";"cell-based format";"Homo sapiens";"None";"None";"Raji";"None";"";"";"";"CHEMBL2176858";"C-type lectin domain family 4 member M";"Homo sapiens";"SINGLE PROTEIN";"CHEMBL5241084";"1";"Scientific Literature";"Eur J Med Chem";"2021";"None";"TIME = 0.5 hr";"INHIBITOR";""
"CHEMBL5194954";"";"None";"235.21";"0";"1.84";"7";"CCOC(=O)c1cc(=O)c2cccc(F)c2[nH]1";"Kd";"'='";"500000.0";"nM";"";"Outside typical range";"";"UO_0000065";"";"";"";"";"0";"CHEMBL5136434";"Binding affinity to DC-SIGN ECD (66 to 404 residue) (unknown origin) expressed in Escherichia coli BL21 assessed as dissociation constant by STD reporter assay based NMR spectroscopy analysis";"B";"BAO_0000019";"assay format";"Homo sapiens";"None";"None";"None";"None";"";"";"";"CHEMBL2176858";"C-type lectin domain family 4 member M";"Homo sapiens";"SINGLE PROTEIN";"CHEMBL5131554";"1";"Scientific Literature";"ACS Med Chem Lett";"2022";"None";"";"INHIBITOR";""
"CHEMBL5266266";"";"None";"250.36";"0";"2.57";"23; 29";"CCN1CCN(CC(C)c2ccc(F)cc2)CC1";"IC50";"'='";"1200000.0";"nM";"";"Outside typical range";"";"UO_0000065";"";"";"";"";"0";"CHEMBL5242012";"Inhibition of human DC-SIGN overexpressed in human Raji cells incubated for 30 mins by flow cytometry";"B";"BAO_0000219";"cell-based format";"Homo sapiens";"None";"None";"Raji";"None";"";"";"";"CHEMBL2176858";"C-type lectin domain family 4 member M";"Homo sapiens";"SINGLE PROTEIN";"CHEMBL5241084";"1";"Scientific Literature";"Eur J Med Chem";"2021";"None";"TIME = 0.5 hr";"INHIBITOR";""
"CHEMBL458768";"";"None";"209.20";"0";"1.14";"35";"COC(=O)c1ccc(NC(C)=O)cc1O";"IC50";"'='";"2170000.0";"nM";"";"Outside typical range";"";"UO_0000065";"";"";"";"";"0";"CHEMBL5242012";"Inhibition of human DC-SIGN overexpressed in human Raji cells incubated for 30 mins by flow cytometry";"B";"BAO_0000219";"cell-based format";"Homo sapiens";"None";"None";"Raji";"None";"";"";"";"CHEMBL2176858";"C-type lectin domain family 4 member M";"Homo sapiens";"SINGLE PROTEIN";"CHEMBL5241084";"1";"Scientific Literature";"Eur J Med Chem";"2021";"None";"TIME = 0.5 hr";"INHIBITOR";""
"CHEMBL5198813";"";"None";"259.31";"0";"1.30";"9";"CN(C)C(=O)c1c[nH]c2cc(N(C)C)ccc2c1=O";"Kd";"'='";"400000.0";"nM";"";"Outside typical range";"";"UO_0000065";"";"";"";"";"0";"CHEMBL5136434";"Binding affinity to DC-SIGN ECD (66 to 404 residue) (unknown origin) expressed in Escherichia coli BL21 assessed as dissociation constant by STD reporter assay based NMR spectroscopy analysis";"B";"BAO_0000019";"assay format";"Homo sapiens";"None";"None";"None";"None";"";"";"";"CHEMBL2176858";"C-type lectin domain family 4 member M";"Homo sapiens";"SINGLE PROTEIN";"CHEMBL5131554";"1";"Scientific Literature";"ACS Med Chem Lett";"2022";"None";"";"INHIBITOR";""
"CHEMBL5171399";"";"None";"234.23";"0";"1.37";"8";"CN(C)C(=O)c1c[nH]c2c(F)cccc2c1=O";"Kd";"'='";"400000.0";"nM";"";"Outside typical range";"";"UO_0000065";"";"";"";"";"0";"CHEMBL5136433";"Binding affinity to N-terminal His-tagged DC-SIGN CRD (194 to 331 residues) (unknown origin) expressed in Escherichia coli BL21 assessed as dissociation constant by HSQC-NMR spectrum analysis";"B";"BAO_0000019";"assay format";"Homo sapiens";"None";"None";"None";"None";"";"";"";"CHEMBL2176858";"C-type lectin domain family 4 member M";"Homo sapiens";"SINGLE PROTEIN";"CHEMBL5131554";"1";"Scientific Literature";"ACS Med Chem Lett";"2022";"None";"";"INHIBITOR";""
"CHEMBL5207138";"";"None";"303.31";"0";"2.50";"2";"O=c1c(S(=O)(=O)c2ccccc2)c[nH]c2cc(F)ccc12";"FC";"'='";"6.0";"";"";"";"";"";"";"";"";"";"0";"CHEMBL5136436";"Binding affinity to DC-SIGN ECD (66 to 404 residue) (unknown origin) expressed in Escherichia coli BL21 assessed as fold increase by STD reporter assay based NMR spectroscopy analysis";"B";"BAO_0000019";"assay format";"Homo sapiens";"None";"None";"None";"None";"";"";"";"CHEMBL2176858";"C-type lectin domain family 4 member M";"Homo sapiens";"SINGLE PROTEIN";"CHEMBL5131554";"1";"Scientific Literature";"ACS Med Chem Lett";"2022";"None";"";"INHIBITOR";""
"CHEMBL5200673";"";"None";"235.21";"0";"1.84";"3";"CCOC(=O)c1cc(=O)c2cc(F)ccc2[nH]1";"Kd";"";"";"";"";"";"NA";"";"";"";"";"";"0";"CHEMBL5136434";"Binding affinity to DC-SIGN ECD (66 to 404 residue) (unknown origin) expressed in Escherichia coli BL21 assessed as dissociation constant by STD reporter assay based NMR spectroscopy analysis";"B";"BAO_0000019";"assay format";"Homo sapiens";"None";"None";"None";"None";"";"";"";"CHEMBL2176858";"C-type lectin domain family 4 member M";"Homo sapiens";"SINGLE PROTEIN";"CHEMBL5131554";"1";"Scientific Literature";"ACS Med Chem Lett";"2022";"None";"";"";""
"CHEMBL4554703";"";"None";"2695.07";"None";"None";"2";"CC(C)(C)c1cc2c(OCCCn3cc(CN(O)C(=O)CCCCCn4cc(CO[C@H]5O[C@H](CO)[C@@H](O)[C@H](O)[C@@H]5O)nn4)nn3)c(c1)Cc1cc(C(C)(C)C)cc(c1OCCCn1cc(CN(O)C(=O)CCCCCn3cc(CO[C@H]4O[C@H](CO)[C@@H](O)[C@H](O)[C@@H]4O)nn3)nn1)Cc1cc(C(C)(C)C)cc(c1OCCCn1cc(CN(O)C(=O)CCCCCn3cc(CO[C@H]4O[C@H](CO)[C@@H](O)[C@H](O)[C@@H]4O)nn3)nn1)Cc1cc(C(C)(C)C)cc(c1OCCCn1cc(CN(O)C(=O)CCCCCn3cc(CO[C@H]4O[C@H](CO)[C@@H](O)[C@H](O)[C@@H]4O)nn3)nn1)C2";"IC50";"'='";"37500.0";"nM";"4.43";"";"";"UO_0000065";"1.64";"None";"None";"None";"0";"CHEMBL5033559";"Inhibition of DC-SIGN extracellular domain (unknown origin) binding to HIV gp120 by surface plasmon resonance analysis";"B";"BAO_0000357";"single protein format";"Homo sapiens";"None";"None";"None";"None";"";"";"";"CHEMBL2176858";"C-type lectin domain family 4 member M";"Homo sapiens";"SINGLE PROTEIN";"CHEMBL5032520";"1";"Scientific Literature";"J Med Chem";"2021";"None";"";"INHIBITOR";""
"CHEMBL4554703";"";"None";"2695.07";"None";"None";"2";"CC(C)(C)c1cc2c(OCCCn3cc(CN(O)C(=O)CCCCCn4cc(CO[C@H]5O[C@H](CO)[C@@H](O)[C@H](O)[C@@H]5O)nn4)nn3)c(c1)Cc1cc(C(C)(C)C)cc(c1OCCCn1cc(CN(O)C(=O)CCCCCn3cc(CO[C@H]4O[C@H](CO)[C@@H](O)[C@H](O)[C@@H]4O)nn3)nn1)Cc1cc(C(C)(C)C)cc(c1OCCCn1cc(CN(O)C(=O)CCCCCn3cc(CO[C@H]4O[C@H](CO)[C@@H](O)[C@H](O)[C@@H]4O)nn3)nn1)Cc1cc(C(C)(C)C)cc(c1OCCCn1cc(CN(O)C(=O)CCCCCn3cc(CO[C@H]4O[C@H](CO)[C@@H](O)[C@H](O)[C@@H]4O)nn3)nn1)C2";"IC50";"'='";"634.0";"nM";"6.20";"";"";"UO_0000065";"2.30";"None";"None";"None";"0";"CHEMBL5033563";"Inhibition of DC-SIGN (unknown origin) expressed in human Jurkat cells assessed as inhibition of EBOV-pseudotyped virus infection measured after 48 hrs by luciferase assay";"B";"BAO_0000219";"cell-based format";"Homo sapiens";"None";"None";"Jurkat";"None";"";"";"";"CHEMBL2176858";"C-type lectin domain family 4 member M";"Homo sapiens";"SINGLE PROTEIN";"CHEMBL5032520";"1";"Scientific Literature";"J Med Chem";"2021";"None";"TIME = 48.0 hr";"INHIBITOR";""
"CHEMBL5198813";"";"None";"259.31";"0";"1.30";"9";"CN(C)C(=O)c1c[nH]c2cc(N(C)C)ccc2c1=O";"Kd";"'='";"500000.0";"nM";"";"Outside typical range";"";"UO_0000065";"";"";"";"";"0";"CHEMBL5136433";"Binding affinity to N-terminal His-tagged DC-SIGN CRD (194 to 331 residues) (unknown origin) expressed in Escherichia coli BL21 assessed as dissociation constant by HSQC-NMR spectrum analysis";"B";"BAO_0000019";"assay format";"Homo sapiens";"None";"None";"None";"None";"";"";"";"CHEMBL2176858";"C-type lectin domain family 4 member M";"Homo sapiens";"SINGLE PROTEIN";"CHEMBL5131554";"1";"Scientific Literature";"ACS Med Chem Lett";"2022";"None";"";"INHIBITOR";""
"CHEMBL4554703";"";"None";"2695.07";"None";"None";"2";"CC(C)(C)c1cc2c(OCCCn3cc(CN(O)C(=O)CCCCCn4cc(CO[C@H]5O[C@H](CO)[C@@H](O)[C@H](O)[C@@H]5O)nn4)nn3)c(c1)Cc1cc(C(C)(C)C)cc(c1OCCCn1cc(CN(O)C(=O)CCCCCn3cc(CO[C@H]4O[C@H](CO)[C@@H](O)[C@H](O)[C@@H]4O)nn3)nn1)Cc1cc(C(C)(C)C)cc(c1OCCCn1cc(CN(O)C(=O)CCCCCn3cc(CO[C@H]4O[C@H](CO)[C@@H](O)[C@H](O)[C@@H]4O)nn3)nn1)Cc1cc(C(C)(C)C)cc(c1OCCCn1cc(CN(O)C(=O)CCCCCn3cc(CO[C@H]4O[C@H](CO)[C@@H](O)[C@H](O)[C@@H]4O)nn3)nn1)C2";"Ratio IC50";"'='";"501.0";"";"";"";"";"";"";"";"";"";"0";"CHEMBL5033564";"Relative inhibitory potency, ratio of alpha-D-mannoside IC50 to test compound IC50 for inhibition of DC-SIGN (unknown origin) expressed in human Jurkat cells assessed as inhibition of EBOV-pseudotyped virus infection measured after 48 hrs by luciferase assay";"B";"BAO_0000219";"cell-based format";"Homo sapiens";"None";"None";"Jurkat";"None";"";"";"";"CHEMBL2176858";"C-type lectin domain family 4 member M";"Homo sapiens";"SINGLE PROTEIN";"CHEMBL5032520";"1";"Scientific Literature";"J Med Chem";"2021";"CHEMBL3307526";"TIME = 48.0 hr";"";""
