"Molecule ChEMBL ID";"Molecule Name";"Molecule Max Phase";"Molecular Weight";"#RO5 Violations";"AlogP";"Compound Key";"Smiles";"Standard Type";"Standard Relation";"Standard Value";"Standard Units";"pChEMBL Value";"Data Validity Comment";"Comment";"Uo Units";"Ligand Efficiency BEI";"Ligand Efficiency LE";"Ligand Efficiency LLE";"Ligand Efficiency SEI";"Potential Duplicate";"Assay ChEMBL ID";"Assay Description";"Assay Type";"BAO Format ID";"BAO Label";"Assay Organism";"Assay Tissue ChEMBL ID";"Assay Tissue Name";"Assay Cell Type";"Assay Subcellular Fraction";"Assay Parameters";"Assay Variant Accession";"Assay Variant Mutation";"Target ChEMBL ID";"Target Name";"Target Organism";"Target Type";"Document ChEMBL ID";"Source ID";"Source Description";"Document Journal";"Document Year";"Cell ChEMBL ID";"Properties";"Action Type";"Standard Text Value"
"CHEMBL68540";"";"None";"441.57";"0";"4.92";"17a";"CCCc1c(OCc2ccc(/C=C3\SC(=S)NC3=O)cc2)ccc(C(C)=O)c1OC";"Inhibition";"'='";"10.0";"%";"";"";"";"UO_0000187";"";"";"";"";"0";"CHEMBL706595";"Compound was evaluated for the inhibition of leucine amino peptidase.";"B";"BAO_0000357";"single protein format";"None";"None";"None";"None";"None";"";"";"";"CHEMBL3965";"Leucine aminopeptidase";"Homo sapiens";"SINGLE PROTEIN";"CHEMBL1129769";"1";"Scientific Literature";"Bioorg Med Chem Lett";"1996";"None";"";"";""
"CHEMBL2370755";"";"None";"525.04";"1";"-0.56";"(3S,4S)11";"CC(C)C[C@H](N)[C@@H](O)CC(=O)N[C@H](C(=O)N[C@H](C(=O)N[C@@H](CC(=O)O)C(=O)O)C(C)C)C(C)C.Cl";"Ka";"'='";"0.0057";"";"";"";"";"";"";"";"";"";"0";"CHEMBL706598";"Compound was evaluated for the inhibition of Leucine aminopeptidase from porcine kidney and the inhibition constant (Ka) was determined which is the apparent Km in the presence of tripeptide after preincubating the enzyme and inhibitor";"B";"BAO_0000357";"single protein format";"Sus scrofa";"None";"None";"None";"None";"";"";"";"CHEMBL3965";"Leucine aminopeptidase";"Homo sapiens";"SINGLE PROTEIN";"CHEMBL1122806";"1";"Scientific Literature";"J Med Chem";"1984";"None";"";"";""
"CHEMBL134319";"";"None";"264.37";"0";"1.08";"15";"CC(C)CCNC(=O)[C@H](O)[C@@H](N)Cc1ccccc1";"Ki";"'='";"500.0";"nM";"6.30";"";"";"UO_0000065";"23.83";"0.45";"5.22";"8.36";"0";"CHEMBL706600";"Compound was evaluated for the inhibition of Leucine aminopeptidase from porcine kidney and the inhibition constant was determined after preincubating the enzyme and inhibitor";"B";"BAO_0000357";"single protein format";"Sus scrofa";"None";"None";"None";"None";"";"";"";"CHEMBL3965";"Leucine aminopeptidase";"Homo sapiens";"SINGLE PROTEIN";"CHEMBL1122806";"1";"Scientific Literature";"J Med Chem";"1984";"None";"";"";""
"CHEMBL80368";"";"None";"354.41";"0";"-0.72";"15";"C[C@H](NC(=O)[C@@H]1CCCN1C(=O)C1CCCCC1C(=O)NO)C(N)=O";"IC50";"'>'";"1000000.0";"nM";"";"Outside typical range";"";"UO_0000065";"";"";"";"";"0";"CHEMBL708591";"Inhibition against Leucyl aminopeptidase from pig kidney.";"B";"BAO_0000357";"single protein format";"None";"None";"None";"None";"None";"";"";"";"CHEMBL3965";"Leucine aminopeptidase";"Homo sapiens";"SINGLE PROTEIN";"CHEMBL1132257";"1";"Scientific Literature";"J Med Chem";"1999";"None";"";"";""
"CHEMBL76578";"";"None";"359.43";"0";"0.91";"2, JTP-4819";"O=C(CO)[C@@H]1CCCN1C(=O)[C@@H]1CCCN1C(=O)NCc1ccccc1";"IC50";"'>'";"100000.0";"nM";"";"";"";"UO_0000065";"";"";"";"";"0";"CHEMBL1110138";"Inhibition of proline iminopeptidase)";"B";"BAO_0000357";"single protein format";"None";"None";"None";"None";"None";"";"";"";"CHEMBL3965";"Leucine aminopeptidase";"Homo sapiens";"SINGLE PROTEIN";"CHEMBL1157839";"1";"Scientific Literature";"J Med Chem";"2010";"None";"";"";""
"CHEMBL1090913";"";"None";"201.16";"0";"0.69";"1i";"NC(Cc1ccccc1)P(=O)(O)O";"Ki";"'='";"420.0";"nM";"6.38";"";"";"UO_0000065";"31.70";"0.67";"5.69";"7.63";"0";"CHEMBL1115226";"Inhibition of leucine aminopeptidase";"B";"BAO_0000357";"single protein format";"None";"None";"None";"None";"None";"";"";"";"CHEMBL3965";"Leucine aminopeptidase";"Homo sapiens";"SINGLE PROTEIN";"CHEMBL1156227";"1";"Scientific Literature";"Bioorg Med Chem";"2010";"None";"";"";""
"CHEMBL444791";"";"None";"273.40";"0";"3.07";"27";"N[C@H](CS)Cc1ccc(OCc2ccccc2)cc1";"IC50";"'>'";"50000.0";"nM";"";"";"";"UO_0000065";"";"";"";"";"0";"CHEMBL706551";"Inhibitory concentration against cytosolic leucine aminopeptidase";"B";"BAO_0000357";"single protein format";"None";"None";"None";"None";"None";"";"";"";"CHEMBL3965";"Leucine aminopeptidase";"Homo sapiens";"SINGLE PROTEIN";"CHEMBL1126810";"1";"Scientific Literature";"J Med Chem";"1993";"None";"";"";""
"CHEMBL88808";"";"None";"377.38";"0";"2.82";"7";"NC(CCc1ccccc1)P(=O)(O)CC(Cc1ccc(O)cc1)C(=O)O";"Ki";"'='";"67.0";"nM";"7.17";"";"";"UO_0000065";"19.01";"0.38";"4.35";"5.94";"0";"CHEMBL881814";"Binding affinity for cytosolic leucine aminopeptidase (LAP) from porcine kidney";"B";"BAO_0000357";"single protein format";"Sus scrofa";"None";"None";"None";"None";"";"";"";"CHEMBL3965";"Leucine aminopeptidase";"Homo sapiens";"SINGLE PROTEIN";"CHEMBL1145984";"1";"Scientific Literature";"J Med Chem";"2003";"None";"";"";""
"CHEMBL88423";"";"None";"281.29";"0";"2.02";"LeuP[O]Leu";"CC(C)CC(OP(=O)(O)C(N)CC(C)C)C(=O)O";"Ki";"'='";"58000.0";"nM";"4.24";"";"";"UO_0000065";"15.06";"0.32";"2.22";"3.86";"0";"CHEMBL881814";"Binding affinity for cytosolic leucine aminopeptidase (LAP) from porcine kidney";"B";"BAO_0000357";"single protein format";"Sus scrofa";"None";"None";"None";"None";"";"";"";"CHEMBL3965";"Leucine aminopeptidase";"Homo sapiens";"SINGLE PROTEIN";"CHEMBL1145984";"1";"Scientific Literature";"J Med Chem";"2003";"None";"";"";""
"CHEMBL28650";"AMASTATIN";"None";"474.56";"1";"-0.95";"Amastatin";"CC(C)C[C@@H](N)[C@H](O)C(=O)N[C@H](C(=O)N[C@H](C(=O)N[C@@H](CC(=O)O)C(=O)O)C(C)C)C(C)C";"Ki";"'='";"30.0";"nM";"7.52";"";"";"UO_0000065";"15.85";"0.31";"8.47";"3.61";"0";"CHEMBL881814";"Binding affinity for cytosolic leucine aminopeptidase (LAP) from porcine kidney";"B";"BAO_0000357";"single protein format";"Sus scrofa";"None";"None";"None";"None";"";"";"";"CHEMBL3965";"Leucine aminopeptidase";"Homo sapiens";"SINGLE PROTEIN";"CHEMBL1145984";"1";"Scientific Literature";"J Med Chem";"2003";"None";"";"";""
"CHEMBL3597437";"";"None";"291.78";"0";"1.47";"6";"Cl.Cn1cc(-c2cccc3c2CCC(N)C(=O)C3)cn1";"Inhibition";"";"";"%";"";"";"Not Active";"UO_0000187";"";"";"";"";"0";"CHEMBL3599793";"Inhibition of cytosolic leucine aminopeptidase (unknown origin) up to 100 uM";"B";"BAO_0000357";"single protein format";"Homo sapiens";"None";"None";"None";"None";"";"";"";"CHEMBL3965";"Leucine aminopeptidase";"Homo sapiens";"SINGLE PROTEIN";"CHEMBL3596108";"1";"Scientific Literature";"Bioorg Med Chem";"2015";"None";"";"";""
"CHEMBL3597444";"";"None";"317.82";"0";"2.75";"16";"COc1ccc(-c2cccc3c2CC(=O)C(N)CC3)cc1.Cl";"Inhibition";"";"";"%";"";"";"Not Active";"UO_0000187";"";"";"";"";"0";"CHEMBL3599793";"Inhibition of cytosolic leucine aminopeptidase (unknown origin) up to 100 uM";"B";"BAO_0000357";"single protein format";"Homo sapiens";"None";"None";"None";"None";"";"";"";"CHEMBL3965";"Leucine aminopeptidase";"Homo sapiens";"SINGLE PROTEIN";"CHEMBL3596108";"1";"Scientific Literature";"Bioorg Med Chem";"2015";"None";"";"";""
"CHEMBL70169";"";"None";"431.54";"0";"4.99";"3g";"O=C1NC(=S)S/C1=C\c1ccc(OCc2ccc(C(=O)c3ccccc3)cc2)cc1";"Inhibition";"'='";"12.0";"%";"";"";"";"UO_0000187";"";"";"";"";"0";"CHEMBL706595";"Compound was evaluated for the inhibition of leucine amino peptidase.";"B";"BAO_0000357";"single protein format";"None";"None";"None";"None";"None";"";"";"";"CHEMBL3965";"Leucine aminopeptidase";"Homo sapiens";"SINGLE PROTEIN";"CHEMBL1129769";"1";"Scientific Literature";"Bioorg Med Chem Lett";"1996";"None";"";"";""
"CHEMBL288165";"";"None";"167.15";"0";"0.49";"3e";"CC(C)C[C@@H](N)P(=O)(O)O";"Ki";"'='";"220000.0";"nM";"";"Outside typical range";"";"UO_0000065";"";"";"";"";"0";"CHEMBL706601";"Inhibition of Leucine aminopeptidase isolated from porcine kidney.";"B";"BAO_0000357";"single protein format";"Sus scrofa";"None";"None";"None";"None";"";"";"";"CHEMBL3965";"Leucine aminopeptidase";"Homo sapiens";"SINGLE PROTEIN";"CHEMBL1123872";"1";"Scientific Literature";"J Med Chem";"1987";"None";"";"";""
"CHEMBL40508";"";"None";"181.17";"0";"1.03";"3f";"CCCCCC(N)P(=O)(O)O";"Ki";"'='";"1000.0";"nM";"6.00";"";"";"UO_0000065";"33.12";"0.74";"4.97";"7.18";"0";"CHEMBL706601";"Inhibition of Leucine aminopeptidase isolated from porcine kidney.";"B";"BAO_0000357";"single protein format";"Sus scrofa";"None";"None";"None";"None";"";"";"";"CHEMBL3965";"Leucine aminopeptidase";"Homo sapiens";"SINGLE PROTEIN";"CHEMBL1123872";"1";"Scientific Literature";"J Med Chem";"1987";"None";"";"";""
"CHEMBL68595";"";"None";"489.62";"1";"5.64";"8d";"CCCc1c(OCc2ccc(/C=C3\SC(=S)NC3=O)cc2)ccc(C(=O)c2ccccc2)c1O";"Inhibition";"'='";"29.0";"%";"";"";"";"UO_0000187";"";"";"";"";"0";"CHEMBL706595";"Compound was evaluated for the inhibition of leucine amino peptidase.";"B";"BAO_0000357";"single protein format";"None";"None";"None";"None";"None";"";"";"";"CHEMBL3965";"Leucine aminopeptidase";"Homo sapiens";"SINGLE PROTEIN";"CHEMBL1129769";"1";"Scientific Literature";"Bioorg Med Chem Lett";"1996";"None";"";"";""
"CHEMBL3143143";"";"None";"428.62";"0";"1.16";"(2S,3R)14";"CC(C)CCNC(=O)[C@@H](NC(=O)[C@@H](NC(=O)[C@H](O)[C@@H](N)CC(C)C)C(C)C)C(C)C";"Ki";"'='";"890.0";"nM";"6.05";"";"";"UO_0000065";"14.12";"0.28";"4.89";"4.53";"0";"CHEMBL856600";"Compound was evaluated for the inhibition of Leucine aminopeptidase and the inhibition constant was determined after preincubating the enzyme and inhibitor";"B";"BAO_0000357";"single protein format";"Sus scrofa";"None";"None";"None";"None";"";"";"";"CHEMBL3965";"Leucine aminopeptidase";"Homo sapiens";"SINGLE PROTEIN";"CHEMBL1122806";"1";"Scientific Literature";"J Med Chem";"1984";"None";"";"";""
"CHEMBL79083";"";"None";"313.42";"0";"0.07";"13";"C[C@H](NC(=O)[C@@H]1CCCN1C(=O)C1CCCC1S)C(N)=O";"IC50";"'>'";"1000000.0";"nM";"";"Outside typical range";"";"UO_0000065";"";"";"";"";"0";"CHEMBL708591";"Inhibition against Leucyl aminopeptidase from pig kidney.";"B";"BAO_0000357";"single protein format";"None";"None";"None";"None";"None";"";"";"";"CHEMBL3965";"Leucine aminopeptidase";"Homo sapiens";"SINGLE PROTEIN";"CHEMBL1132257";"1";"Scientific Literature";"J Med Chem";"1999";"None";"";"";""
"CHEMBL68751";"";"None";"369.47";"0";"3.96";"3b";"CC(=O)c1ccc(COc2ccc(/C=C3\SC(=S)NC3=O)cc2)cc1";"Inhibition";"'='";"5.0";"%";"";"";"";"UO_0000187";"";"";"";"";"0";"CHEMBL706595";"Compound was evaluated for the inhibition of leucine amino peptidase.";"B";"BAO_0000357";"single protein format";"None";"None";"None";"None";"None";"";"";"";"CHEMBL3965";"Leucine aminopeptidase";"Homo sapiens";"SINGLE PROTEIN";"CHEMBL1129769";"1";"Scientific Literature";"Bioorg Med Chem Lett";"1996";"None";"";"";""
"CHEMBL2369858";"";"None";"328.41";"0";"-1.30";"7";"CC(C)C[C@H](N)[C@@H](O)C(=O)N1CCC[C@H]1C(=O)N[C@@H](C)C(N)=O";"IC50";"'='";"7800.0";"nM";"5.11";"";"";"UO_0000065";"15.55";"0.30";"6.41";"3.68";"0";"CHEMBL708591";"Inhibition against Leucyl aminopeptidase from pig kidney.";"B";"BAO_0000357";"single protein format";"None";"None";"None";"None";"None";"";"";"";"CHEMBL3965";"Leucine aminopeptidase";"Homo sapiens";"SINGLE PROTEIN";"CHEMBL1132257";"1";"Scientific Literature";"J Med Chem";"1999";"None";"";"";""
"CHEMBL78482";"";"None";"342.44";"0";"-0.91";"10";"CC(C)C[C@H](N)[C@H](O)CC(=O)N1CCC[C@H]1C(=O)N[C@@H](C)C(N)=O";"IC50";"'='";"800000.0";"nM";"";"Outside typical range";"";"UO_0000065";"";"";"";"";"0";"CHEMBL708591";"Inhibition against Leucyl aminopeptidase from pig kidney.";"B";"BAO_0000357";"single protein format";"None";"None";"None";"None";"None";"";"";"";"CHEMBL3965";"Leucine aminopeptidase";"Homo sapiens";"SINGLE PROTEIN";"CHEMBL1132257";"1";"Scientific Literature";"J Med Chem";"1999";"None";"";"";""
"CHEMBL68509";"";"None";"148.27";"0";"0.37";"5";"NCCCC[C@@H](N)CS";"Ki";"'>'";"1000000.0";"nM";"";"Outside typical range";"";"UO_0000065";"";"";"";"";"0";"CHEMBL706596";"Inhibitory activity against Leucine aminopeptidase";"B";"BAO_0000357";"single protein format";"Streptomyces olivoreticuli";"None";"None";"None";"None";"";"";"";"CHEMBL3965";"Leucine aminopeptidase";"Homo sapiens";"SINGLE PROTEIN";"CHEMBL1124012";"1";"Scientific Literature";"J Med Chem";"1988";"None";"";"";""
"CHEMBL327844";"";"None";"361.38";"0";"3.12";"1, hPhe psi[P(O)(OH)CH2]Phe";"NC(CCc1ccccc1)P(=O)(O)CC(Cc1ccccc1)C(=O)O";"Ki";"'='";"66.0";"nM";"7.18";"";"";"UO_0000065";"19.87";"0.39";"4.06";"7.14";"1";"CHEMBL929612";"Inhibition of pig kidney cytosolic leucine aminopeptidase";"B";"BAO_0000357";"single protein format";"Sus scrofa";"None";"None";"None";"None";"";"";"";"CHEMBL3965";"Leucine aminopeptidase";"Homo sapiens";"SINGLE PROTEIN";"CHEMBL1141521";"1";"Scientific Literature";"Bioorg Med Chem Lett";"2008";"None";"";"";""
"CHEMBL40534";"";"None";"181.17";"0";"1.15";"5e";"COP(=O)(O)C(N)CC(C)C";"Ki";"'='";"320000.0";"nM";"";"Outside typical range";"";"UO_0000065";"";"";"";"";"0";"CHEMBL706601";"Inhibition of Leucine aminopeptidase isolated from porcine kidney.";"B";"BAO_0000357";"single protein format";"Sus scrofa";"None";"None";"None";"None";"";"";"";"CHEMBL3965";"Leucine aminopeptidase";"Homo sapiens";"SINGLE PROTEIN";"CHEMBL1123872";"1";"Scientific Literature";"J Med Chem";"1987";"None";"";"";""
"CHEMBL68687";"";"None";"473.62";"1";"5.94";"8g";"CCCc1cc(C(=O)c2ccccc2)ccc1OCc1ccc(/C=C2\SC(=S)NC2=O)cc1";"Inhibition";"'='";"8.0";"%";"";"";"";"UO_0000187";"";"";"";"";"0";"CHEMBL706595";"Compound was evaluated for the inhibition of leucine amino peptidase.";"B";"BAO_0000357";"single protein format";"None";"None";"None";"None";"None";"";"";"";"CHEMBL3965";"Leucine aminopeptidase";"Homo sapiens";"SINGLE PROTEIN";"CHEMBL1129769";"1";"Scientific Literature";"Bioorg Med Chem Lett";"1996";"None";"";"";""
"CHEMBL309130";"";"None";"264.37";"0";"1.08";"37a";"CC(C)CCNC(=O)[C@@H](O)[C@H](N)Cc1ccccc1";"Ki";"'='";"510.0";"nM";"6.29";"";"";"UO_0000065";"23.80";"0.45";"5.21";"8.35";"0";"CHEMBL706596";"Inhibitory activity against Leucine aminopeptidase";"B";"BAO_0000357";"single protein format";"Streptomyces olivoreticuli";"None";"None";"None";"None";"";"";"";"CHEMBL3965";"Leucine aminopeptidase";"Homo sapiens";"SINGLE PROTEIN";"CHEMBL1124012";"1";"Scientific Literature";"J Med Chem";"1988";"None";"";"";""
"CHEMBL41544";"";"None";"153.12";"0";"0.10";"3d";"CC(C)C(N)P(=O)(O)O";"Ki";"'='";"1200.0";"nM";"5.92";"";"";"UO_0000065";"38.67";"0.90";"5.82";"7.09";"0";"CHEMBL706602";"Compound was tested for inhibition of Leucine aminopeptidase isolated from porcine kidney; Inhibitor exhibits slow-binding behavior(k on <=1000Me-1Se-1)";"B";"BAO_0000357";"single protein format";"Sus scrofa";"None";"None";"None";"None";"";"";"";"CHEMBL3965";"Leucine aminopeptidase";"Homo sapiens";"SINGLE PROTEIN";"CHEMBL1123872";"1";"Scientific Literature";"J Med Chem";"1987";"None";"";"";""
"CHEMBL43630";"";"None";"322.34";"0";"2.45";"17";"COP(=O)(C(=O)N[C@@H](CC(C)C)C(=O)O)C(N)CC(C)C";"Ki";"'='";"1650000.0";"nM";"";"Outside typical range";"";"UO_0000065";"";"";"";"";"0";"CHEMBL706601";"Inhibition of Leucine aminopeptidase isolated from porcine kidney.";"B";"BAO_0000357";"single protein format";"Sus scrofa";"None";"None";"None";"None";"";"";"";"CHEMBL3965";"Leucine aminopeptidase";"Homo sapiens";"SINGLE PROTEIN";"CHEMBL1123872";"1";"Scientific Literature";"J Med Chem";"1987";"None";"";"";""
"CHEMBL453406";"PRENYLAGARAMIDE B";"None";"929.13";"2";"1.91";"2, Prenylagaramide B";"CC[C@H](C)[C@@H]1NC(=O)[C@@H]2CCCN2C(=O)[C@H](Cc2ccc(O)cc2)NC(=O)[C@H](CC(C)C)NC(=O)[C@H](Cc2ccc(OCC=C(C)C)cc2)NC(=O)[C@@H]2CCCN2C(=O)[C@H](CC(N)=O)NC1=O";"Activity";"";"";"";"";"";"Not Active";"";"";"";"";"";"0";"CHEMBL970113";"Inhibition of leucine amino peptidase";"B";"BAO_0000357";"single protein format";"None";"None";"None";"None";"None";"";"";"";"CHEMBL3965";"Leucine aminopeptidase";"Homo sapiens";"SINGLE PROTEIN";"CHEMBL1141848";"1";"Scientific Literature";"J Nat Prod";"1999";"None";"";"";""
"CHEMBL69148";"";"None";"490.61";"1";"5.04";"20b";"CCCc1c(OCc2ccc(/C=C3\SC(=S)NC3=O)cc2)ccc(C(=O)c2ccncc2)c1O";"Inhibition";"'='";"32.0";"%";"";"";"";"UO_0000187";"";"";"";"";"0";"CHEMBL706595";"Compound was evaluated for the inhibition of leucine amino peptidase.";"B";"BAO_0000357";"single protein format";"None";"None";"None";"None";"None";"";"";"";"CHEMBL3965";"Leucine aminopeptidase";"Homo sapiens";"SINGLE PROTEIN";"CHEMBL1129769";"1";"Scientific Literature";"Bioorg Med Chem Lett";"1996";"None";"";"";""
"CHEMBL79092";"";"None";"477.59";"0";"-1.20";"2";"C[C@H](NC(=O)[C@@H]1CCCN1C(=O)[C@@H]1CSCN1C(=O)[C@@H](O)[C@H](N)Cc1ccccc1)C(N)=O";"IC50";"'='";"180.0";"nM";"6.75";"";"";"UO_0000065";"14.12";"0.28";"7.94";"4.24";"0";"CHEMBL708591";"Inhibition against Leucyl aminopeptidase from pig kidney.";"B";"BAO_0000357";"single protein format";"None";"None";"None";"None";"None";"";"";"";"CHEMBL3965";"Leucine aminopeptidase";"Homo sapiens";"SINGLE PROTEIN";"CHEMBL1132257";"1";"Scientific Literature";"J Med Chem";"1999";"None";"";"";""
"CHEMBL78699";"";"None";"388.47";"0";"-0.62";"4";"NC(=O)[C@@H]1CCCN1C(=O)[C@@H]1CCCN1C(=O)[C@@H](O)[C@H](N)Cc1ccccc1";"IC50";"'='";"2500.0";"nM";"5.60";"";"";"UO_0000065";"14.42";"0.27";"6.22";"4.31";"0";"CHEMBL708591";"Inhibition against Leucyl aminopeptidase from pig kidney.";"B";"BAO_0000357";"single protein format";"None";"None";"None";"None";"None";"";"";"";"CHEMBL3965";"Leucine aminopeptidase";"Homo sapiens";"SINGLE PROTEIN";"CHEMBL1132257";"1";"Scientific Literature";"J Med Chem";"1999";"None";"";"";""
"CHEMBL134919";"";"None";"306.41";"0";"1.81";"8";"CC(C)CC(NC(=O)[C@H](C)[C@@H](N)Cc1ccccc1)C(=O)O";"Ki";"'='";"3780000.0";"nM";"";"Outside typical range";"";"UO_0000065";"";"";"";"";"0";"CHEMBL706599";"Compound was evaluated for the inhibition of Leucine aminopeptidase and the inhibition constant was determined after preincubating the enzyme and inhibitor";"B";"BAO_0000357";"single protein format";"Sus scrofa";"None";"None";"None";"None";"";"";"";"CHEMBL3965";"Leucine aminopeptidase";"Homo sapiens";"SINGLE PROTEIN";"CHEMBL1122806";"1";"Scientific Literature";"J Med Chem";"1984";"None";"";"";""
"CHEMBL1821976";"";"None";"287.79";"0";"2.74";"4";"Cl.NC1CCc2c(cccc2-c2ccccc2)CC1=O";"Inhibition";"";"";"%";"";"";"Not Active";"UO_0000187";"";"";"";"";"0";"CHEMBL3599793";"Inhibition of cytosolic leucine aminopeptidase (unknown origin) up to 100 uM";"B";"BAO_0000357";"single protein format";"Homo sapiens";"None";"None";"None";"None";"";"";"";"CHEMBL3965";"Leucine aminopeptidase";"Homo sapiens";"SINGLE PROTEIN";"CHEMBL3596108";"1";"Scientific Literature";"Bioorg Med Chem";"2015";"None";"";"";""
"CHEMBL3597440";"";"None";"304.78";"0";"1.11";"9";"Cl.Nc1ncc(-c2cccc3c2CCC(N)C(=O)C3)cn1";"Inhibition";"";"";"%";"";"";"Not Active";"UO_0000187";"";"";"";"";"0";"CHEMBL3599793";"Inhibition of cytosolic leucine aminopeptidase (unknown origin) up to 100 uM";"B";"BAO_0000357";"single protein format";"Homo sapiens";"None";"None";"None";"None";"";"";"";"CHEMBL3965";"Leucine aminopeptidase";"Homo sapiens";"SINGLE PROTEIN";"CHEMBL3596108";"1";"Scientific Literature";"Bioorg Med Chem";"2015";"None";"";"";""
"CHEMBL3597446";"";"None";"332.79";"0";"2.65";"18";"Cl.NC1CCc2cccc(-c3cccc([N+](=O)[O-])c3)c2CC1=O";"Ki";"'='";"30000.0";"nM";"4.52";"";"";"UO_0000065";"15.26";"0.28";"1.87";"5.25";"0";"CHEMBL3599795";"Inhibition of cytosolic leucine aminopeptidase (unknown origin)";"B";"BAO_0000357";"single protein format";"Homo sapiens";"None";"None";"None";"None";"";"";"";"CHEMBL3965";"Leucine aminopeptidase";"Homo sapiens";"SINGLE PROTEIN";"CHEMBL3596108";"1";"Scientific Literature";"Bioorg Med Chem";"2015";"None";"";"";""
"CHEMBL69238";"";"None";"280.44";"0";"2.02";"41";"CC(C)CCNC(=O)[C@H](S)[C@@H](N)Cc1ccccc1";"Ki";"'='";"26000.0";"nM";"4.58";"";"";"UO_0000065";"16.35";"0.33";"2.57";"8.32";"0";"CHEMBL706596";"Inhibitory activity against Leucine aminopeptidase";"B";"BAO_0000357";"single protein format";"Streptomyces olivoreticuli";"None";"None";"None";"None";"";"";"";"CHEMBL3965";"Leucine aminopeptidase";"Homo sapiens";"SINGLE PROTEIN";"CHEMBL1124012";"1";"Scientific Literature";"J Med Chem";"1988";"None";"";"";""
"CHEMBL1160058";"";"None";"295.32";"0";"2.27";"8e";"CC(C)CC(N)P(=O)(O)OC[C@@H](CC(C)C)C(=O)O";"Ki";"'='";"58000.0";"nM";"4.24";"";"";"UO_0000065";"14.35";"0.30";"1.97";"3.86";"0";"CHEMBL706601";"Inhibition of Leucine aminopeptidase isolated from porcine kidney.";"B";"BAO_0000357";"single protein format";"Sus scrofa";"None";"None";"None";"None";"";"";"";"CHEMBL3965";"Leucine aminopeptidase";"Homo sapiens";"SINGLE PROTEIN";"CHEMBL1123872";"1";"Scientific Literature";"J Med Chem";"1987";"None";"";"";""
"CHEMBL328319";"";"None";"279.32";"0";"2.33";"4";"CC(C)CC(CP(=O)(O)C(N)CC(C)C)C(=O)O";"Ki";"'='";"110.0";"nM";"6.96";"";"";"UO_0000065";"24.91";"0.53";"4.63";"6.92";"0";"CHEMBL881814";"Binding affinity for cytosolic leucine aminopeptidase (LAP) from porcine kidney";"B";"BAO_0000357";"single protein format";"Sus scrofa";"None";"None";"None";"None";"";"";"";"CHEMBL3965";"Leucine aminopeptidase";"Homo sapiens";"SINGLE PROTEIN";"CHEMBL1145984";"1";"Scientific Literature";"J Med Chem";"2003";"None";"";"";""
"CHEMBL289264";"";"None";"201.16";"0";"0.69";"3h";"N[C@H](Cc1ccccc1)P(=O)(O)O";"Ki";"'='";"15400.0";"nM";"4.81";"";"";"UO_0000065";"23.92";"0.51";"4.12";"5.76";"0";"CHEMBL706601";"Inhibition of Leucine aminopeptidase isolated from porcine kidney.";"B";"BAO_0000357";"single protein format";"Sus scrofa";"None";"None";"None";"None";"";"";"";"CHEMBL3965";"Leucine aminopeptidase";"Homo sapiens";"SINGLE PROTEIN";"CHEMBL1123872";"1";"Scientific Literature";"J Med Chem";"1987";"None";"";"";""
"CHEMBL2370764";"";"None";"474.56";"1";"-0.95";"3";"CC(C)C[C@H](N)[C@@H](O)C(=O)N[C@H](C(=O)N[C@H](C(=O)N[C@@H](CC(=O)O)C(=O)O)C(C)C)C(C)C";"Ki";"'='";"200000.0";"nM";"";"Outside typical range";"";"UO_0000065";"";"";"";"";"0";"CHEMBL706540";"Effect of inhibitor structure on the slow binding inhibition of Leucine aminopeptidase was determined and the Ki was reported which is = k2/k1";"B";"BAO_0000357";"single protein format";"Sus scrofa";"None";"None";"None";"None";"";"";"";"CHEMBL3965";"Leucine aminopeptidase";"Homo sapiens";"SINGLE PROTEIN";"CHEMBL1122806";"1";"Scientific Literature";"J Med Chem";"1984";"None";"";"";""
"CHEMBL1093530";"";"None";"243.24";"0";"2.58";"2c";"CC(C)CC(N)P(=O)(O)Oc1ccccc1";"Ki";"'='";"230.0";"nM";"6.64";"";"";"UO_0000065";"27.29";"0.57";"4.06";"9.15";"0";"CHEMBL1115226";"Inhibition of leucine aminopeptidase";"B";"BAO_0000357";"single protein format";"None";"None";"None";"None";"None";"";"";"";"CHEMBL3965";"Leucine aminopeptidase";"Homo sapiens";"SINGLE PROTEIN";"CHEMBL1156227";"1";"Scientific Literature";"Bioorg Med Chem";"2010";"None";"";"";""
"CHEMBL4204214";"";"None";"171.05";"None";"None";"47";"CC(N)B1OC(C)(C)C(C)(C)O1";"Ki";"'='";"90000.0";"nM";"4.05";"";"";"UO_0000065";"23.65";"None";"None";"None";"0";"CHEMBL4194821";"Inhibition of LAP (unknown origin)";"B";"BAO_0000357";"single protein format";"Homo sapiens";"None";"None";"None";"None";"";"";"";"CHEMBL3965";"Leucine aminopeptidase";"Homo sapiens";"SINGLE PROTEIN";"CHEMBL4190377";"1";"Scientific Literature";"J Med Chem";"2018";"None";"";"";""
"CHEMBL69365";"";"None";"399.54";"0";"4.72";"29b";"CCCc1c(OC)cccc1OCc1ccc(/C=C2\SC(=S)NC2=O)cc1";"Inhibition";"'='";"3.0";"%";"";"";"";"UO_0000187";"";"";"";"";"0";"CHEMBL706595";"Compound was evaluated for the inhibition of leucine amino peptidase.";"B";"BAO_0000357";"single protein format";"None";"None";"None";"None";"None";"";"";"";"CHEMBL3965";"Leucine aminopeptidase";"Homo sapiens";"SINGLE PROTEIN";"CHEMBL1129769";"1";"Scientific Literature";"Bioorg Med Chem Lett";"1996";"None";"";"";""
"CHEMBL538595";"BESTATIN HYDROCHLORIDE";"None";"344.84";"0";"0.53";"1 (bestatin)";"CC(C)C[C@H](NC(=O)[C@@H](O)[C@H](N)Cc1ccccc1)C(=O)O.Cl";"Ki";"'='";"20000.0";"nM";"4.70";"";"";"UO_0000065";"15.24";"0.29";"4.17";"4.17";"0";"CHEMBL706599";"Compound was evaluated for the inhibition of Leucine aminopeptidase and the inhibition constant was determined after preincubating the enzyme and inhibitor";"B";"BAO_0000357";"single protein format";"Sus scrofa";"None";"None";"None";"None";"";"";"";"CHEMBL3965";"Leucine aminopeptidase";"Homo sapiens";"SINGLE PROTEIN";"CHEMBL1122806";"1";"Scientific Literature";"J Med Chem";"1984";"None";"";"";""
"CHEMBL28650";"AMASTATIN";"None";"474.56";"1";"-0.95";"(2S,3R)2";"CC(C)C[C@@H](N)[C@H](O)C(=O)N[C@H](C(=O)N[C@H](C(=O)N[C@@H](CC(=O)O)C(=O)O)C(C)C)C(C)C";"Ki";"'='";"20000.0";"nM";"4.70";"";"";"UO_0000065";"9.90";"0.19";"5.65";"2.26";"0";"CHEMBL706539";"Effect of inhibitor structure on the slow binding inhibition of Leucine aminopeptidase was determined and Ki* was reported which is obtained by the equation Ki[k4/(k3 + k4)]";"B";"BAO_0000357";"single protein format";"Sus scrofa";"None";"None";"None";"None";"";"";"";"CHEMBL3965";"Leucine aminopeptidase";"Homo sapiens";"SINGLE PROTEIN";"CHEMBL1122806";"1";"Scientific Literature";"J Med Chem";"1984";"None";"";"";""
"CHEMBL3597466";"";"None";"289.77";"0";"1.53";"39";"Cl.NC1CCc2cccc(-c3cncnc3)c2CC1=O";"Inhibition";"";"";"%";"";"";"Not Active";"UO_0000187";"";"";"";"";"0";"CHEMBL3599793";"Inhibition of cytosolic leucine aminopeptidase (unknown origin) up to 100 uM";"B";"BAO_0000357";"single protein format";"Homo sapiens";"None";"None";"None";"None";"";"";"";"CHEMBL3965";"Leucine aminopeptidase";"Homo sapiens";"SINGLE PROTEIN";"CHEMBL3596108";"1";"Scientific Literature";"Bioorg Med Chem";"2015";"None";"";"";""
"CHEMBL78505";"";"None";"633.77";"2";"-2.19";"5";"C[C@H](NC(=O)[C@H](C)NC(=O)[C@@H]1CCCN1C(=O)[C@@H]1CCCN1C(=O)[C@@H](O)[C@H](N)Cc1ccccc1)C(=O)N[C@@H](CS)C(N)=O";"IC50";"'='";"290.0";"nM";"6.54";"";"";"UO_0000065";"10.32";"0.20";"8.73";"3.01";"0";"CHEMBL708591";"Inhibition against Leucyl aminopeptidase from pig kidney.";"B";"BAO_0000357";"single protein format";"None";"None";"None";"None";"None";"";"";"";"CHEMBL3965";"Leucine aminopeptidase";"Homo sapiens";"SINGLE PROTEIN";"CHEMBL1132257";"1";"Scientific Literature";"J Med Chem";"1999";"None";"";"";""
"CHEMBL133131";"ACTIONIN";"None";"391.55";"1";"0.58";"actionin";"CCCCCC(CC(O)NO)C(O)NC(C(C)C)C(O)N1CCCC1CO";"Inhibition";"'='";"100.0";"%";"";"";"";"UO_0000187";"";"";"";"";"0";"CHEMBL706549";"The compound was tested for inhibitory activity against Leucine aminopeptidase (dose = 20 mg/kg)";"B";"BAO_0000218";"organism-based format";"None";"None";"None";"None";"None";"DOSE = 20.0 mg.kg-1";"";"";"CHEMBL3965";"Leucine aminopeptidase";"Homo sapiens";"SINGLE PROTEIN";"CHEMBL1128326";"1";"Scientific Literature";"J Med Chem";"1995";"None";"";"";""
"CHEMBL67585";"";"None";"441.57";"0";"4.92";"17c";"CCCc1c(COc2ccc(/C=C3\SC(=S)NC3=O)cc2)ccc(C(C)=O)c1OC";"Inhibition";"'='";"17.2";"%";"";"";"";"UO_0000187";"";"";"";"";"0";"CHEMBL706595";"Compound was evaluated for the inhibition of leucine amino peptidase.";"B";"BAO_0000357";"single protein format";"None";"None";"None";"None";"None";"";"";"";"CHEMBL3965";"Leucine aminopeptidase";"Homo sapiens";"SINGLE PROTEIN";"CHEMBL1129769";"1";"Scientific Literature";"Bioorg Med Chem Lett";"1996";"None";"";"";""
"CHEMBL68092";"";"None";"225.31";"0";"1.03";"28";"COC(=O)C(S)[C@H](N)Cc1ccccc1";"Ki";"'='";"300000.0";"nM";"";"Outside typical range";"";"UO_0000065";"";"";"";"";"0";"CHEMBL706596";"Inhibitory activity against Leucine aminopeptidase";"B";"BAO_0000357";"single protein format";"Streptomyces olivoreticuli";"None";"None";"None";"None";"";"";"";"CHEMBL3965";"Leucine aminopeptidase";"Homo sapiens";"SINGLE PROTEIN";"CHEMBL1124012";"1";"Scientific Literature";"J Med Chem";"1988";"None";"";"";""
"CHEMBL2370758";"";"None";"431.49";"0";"0.72";"13";"CC(C)[C@H](NC(=O)OC(C)(C)C)C(=O)N[C@H](C(=O)N[C@@H](CC(=O)O)C(=O)O)C(C)C";"Ki";"'='";"1400000.0";"nM";"";"Outside typical range";"";"UO_0000065";"";"";"";"";"0";"CHEMBL706600";"Compound was evaluated for the inhibition of Leucine aminopeptidase from porcine kidney and the inhibition constant was determined after preincubating the enzyme and inhibitor";"B";"BAO_0000357";"single protein format";"Sus scrofa";"None";"None";"None";"None";"";"";"";"CHEMBL3965";"Leucine aminopeptidase";"Homo sapiens";"SINGLE PROTEIN";"CHEMBL1122806";"1";"Scientific Literature";"J Med Chem";"1984";"None";"";"";""
"CHEMBL3597464";"";"None";"303.79";"0";"1.72";"37";"Cl.Nc1ccc(-c2cccc3c2CC(=O)C(N)CC3)cn1";"Inhibition";"";"";"%";"";"";"Not Active";"UO_0000187";"";"";"";"";"0";"CHEMBL3599793";"Inhibition of cytosolic leucine aminopeptidase (unknown origin) up to 100 uM";"B";"BAO_0000357";"single protein format";"Homo sapiens";"None";"None";"None";"None";"";"";"";"CHEMBL3965";"Leucine aminopeptidase";"Homo sapiens";"SINGLE PROTEIN";"CHEMBL3596108";"1";"Scientific Literature";"Bioorg Med Chem";"2015";"None";"";"";""
"CHEMBL71303";"";"None";"427.55";"0";"4.62";"8c";"CCCc1c(OCc2cccc(/C=C3/SC(=S)NC3=O)c2)ccc(C(C)=O)c1O";"Inhibition";"'='";"9.0";"%";"";"";"";"UO_0000187";"";"";"";"";"0";"CHEMBL706595";"Compound was evaluated for the inhibition of leucine amino peptidase.";"B";"BAO_0000357";"single protein format";"None";"None";"None";"None";"None";"";"";"";"CHEMBL3965";"Leucine aminopeptidase";"Homo sapiens";"SINGLE PROTEIN";"CHEMBL1129769";"1";"Scientific Literature";"Bioorg Med Chem Lett";"1996";"None";"";"";""
"CHEMBL2370757";"";"None";"496.00";"1";"0.11";"(2RS)10";"CC(C)CCC(O)C(=O)N[C@H](C(=O)N[C@H](C(=O)N[C@@H](CC(=O)O)C(=O)O)C(C)C)C(C)C.Cl";"Ki";"'='";"740000.0";"nM";"";"Outside typical range";"";"UO_0000065";"";"";"";"";"0";"CHEMBL706600";"Compound was evaluated for the inhibition of Leucine aminopeptidase from porcine kidney and the inhibition constant was determined after preincubating the enzyme and inhibitor";"B";"BAO_0000357";"single protein format";"Sus scrofa";"None";"None";"None";"None";"";"";"";"CHEMBL3965";"Leucine aminopeptidase";"Homo sapiens";"SINGLE PROTEIN";"CHEMBL1122806";"1";"Scientific Literature";"J Med Chem";"1984";"None";"";"";""
"CHEMBL68163";"";"None";"469.58";"0";"4.83";"17b";"CCCc1c(OCc2ccc(/C=C3\SC(=S)NC3=O)cc2)ccc(C(C)=O)c1OC(C)=O";"Inhibition";"'='";"6.0";"%";"";"";"";"UO_0000187";"";"";"";"";"0";"CHEMBL706595";"Compound was evaluated for the inhibition of leucine amino peptidase.";"B";"BAO_0000357";"single protein format";"None";"None";"None";"None";"None";"";"";"";"CHEMBL3965";"Leucine aminopeptidase";"Homo sapiens";"SINGLE PROTEIN";"CHEMBL1129769";"1";"Scientific Literature";"Bioorg Med Chem Lett";"1996";"None";"";"";""
"CHEMBL254284";"";"None";"361.38";"0";"3.12";"R,S-1, (L,L)";"N[C@@H](CCc1ccccc1)P(=O)(O)C[C@@H](Cc1ccccc1)C(=O)O";"Ki";"'='";"45.0";"nM";"7.35";"";"";"UO_0000065";"20.33";"0.40";"4.23";"7.30";"0";"CHEMBL929612";"Inhibition of pig kidney cytosolic leucine aminopeptidase";"B";"BAO_0000357";"single protein format";"Sus scrofa";"None";"None";"None";"None";"";"";"";"CHEMBL3965";"Leucine aminopeptidase";"Homo sapiens";"SINGLE PROTEIN";"CHEMBL1141521";"1";"Scientific Literature";"Bioorg Med Chem Lett";"2008";"None";"";"";""
"CHEMBL254285";"";"None";"361.38";"0";"3.12";"S,R-1, (D,D)";"N[C@H](CCc1ccccc1)P(=O)(O)C[C@H](Cc1ccccc1)C(=O)O";"Ki";"'='";"8800.0";"nM";"5.06";"";"";"UO_0000065";"13.99";"0.28";"1.94";"5.02";"0";"CHEMBL929612";"Inhibition of pig kidney cytosolic leucine aminopeptidase";"B";"BAO_0000357";"single protein format";"Sus scrofa";"None";"None";"None";"None";"";"";"";"CHEMBL3965";"Leucine aminopeptidase";"Homo sapiens";"SINGLE PROTEIN";"CHEMBL1141521";"1";"Scientific Literature";"Bioorg Med Chem Lett";"2008";"None";"";"";""
"CHEMBL304801";"";"None";"429.52";"0";"4.11";"8j";"CCCc1c(OCc2ccc(/C=C3\SC(=S)NC3=O)cc2)ccc(C(=O)O)c1O";"Inhibition";"'='";"2.0";"%";"";"";"";"UO_0000187";"";"";"";"";"0";"CHEMBL706595";"Compound was evaluated for the inhibition of leucine amino peptidase.";"B";"BAO_0000357";"single protein format";"None";"None";"None";"None";"None";"";"";"";"CHEMBL3965";"Leucine aminopeptidase";"Homo sapiens";"SINGLE PROTEIN";"CHEMBL1129769";"1";"Scientific Literature";"Bioorg Med Chem Lett";"1996";"None";"";"";""
"CHEMBL3597467";"";"None";"304.78";"0";"1.11";"40";"Cl.Nc1ncc(-c2cccc3c2CC(=O)C(N)CC3)cn1";"Inhibition";"";"";"%";"";"";"Not Active";"UO_0000187";"";"";"";"";"0";"CHEMBL3599793";"Inhibition of cytosolic leucine aminopeptidase (unknown origin) up to 100 uM";"B";"BAO_0000357";"single protein format";"Homo sapiens";"None";"None";"None";"None";"";"";"";"CHEMBL3965";"Leucine aminopeptidase";"Homo sapiens";"SINGLE PROTEIN";"CHEMBL3596108";"1";"Scientific Literature";"Bioorg Med Chem";"2015";"None";"";"";""
"CHEMBL4208547";"";"None";"247.15";"None";"None";"49";"CC1(C)OB(C(N)Cc2ccccc2)OC1(C)C";"Ki";"'='";"50.0";"nM";"7.30";"";"";"UO_0000065";"29.54";"None";"None";"None";"0";"CHEMBL4194821";"Inhibition of LAP (unknown origin)";"B";"BAO_0000357";"single protein format";"Homo sapiens";"None";"None";"None";"None";"";"";"";"CHEMBL3965";"Leucine aminopeptidase";"Homo sapiens";"SINGLE PROTEIN";"CHEMBL4190377";"1";"Scientific Literature";"J Med Chem";"2018";"None";"";"";""
"CHEMBL3597460";"";"None";"306.77";"0";"2.27";"33";"Cl.NC1CCc2cccc(-c3ccncc3F)c2CC1=O";"Inhibition";"";"";"%";"";"";"Not Active";"UO_0000187";"";"";"";"";"0";"CHEMBL3599793";"Inhibition of cytosolic leucine aminopeptidase (unknown origin) up to 100 uM";"B";"BAO_0000357";"single protein format";"Homo sapiens";"None";"None";"None";"None";"";"";"";"CHEMBL3965";"Leucine aminopeptidase";"Homo sapiens";"SINGLE PROTEIN";"CHEMBL3596108";"1";"Scientific Literature";"Bioorg Med Chem";"2015";"None";"";"";""
"CHEMBL335497";"";"None";"241.33";"0";"2.18";"20";"CC(C)C[C@H](NC(=O)C1CCCCC1)C(=O)O";"Inhibition";"'='";"61.0";"%";"";"";"";"UO_0000187";"";"";"";"";"0";"CHEMBL706548";"The compound was tested for inhibitory activity against Leucine aminopeptidase (LAP) at 10 mg/mL";"B";"BAO_0000357";"single protein format";"None";"None";"None";"None";"None";"";"";"";"CHEMBL3965";"Leucine aminopeptidase";"Homo sapiens";"SINGLE PROTEIN";"CHEMBL1128326";"1";"Scientific Literature";"J Med Chem";"1995";"None";"";"";""
"CHEMBL81423";"";"None";"328.41";"0";"-1.30";"8";"CC(C)C[C@@H](N)[C@@H](O)C(=O)N1CCC[C@H]1C(=O)N[C@@H](C)C(N)=O";"IC50";"'>'";"1000000.0";"nM";"";"Outside typical range";"";"UO_0000065";"";"";"";"";"0";"CHEMBL708591";"Inhibition against Leucyl aminopeptidase from pig kidney.";"B";"BAO_0000357";"single protein format";"None";"None";"None";"None";"None";"";"";"";"CHEMBL3965";"Leucine aminopeptidase";"Homo sapiens";"SINGLE PROTEIN";"CHEMBL1132257";"1";"Scientific Literature";"J Med Chem";"1999";"None";"";"";""
"CHEMBL38475";"";"None";"209.23";"0";"1.81";"3g";"CCCCCCCC(N)P(=O)(O)O";"Ki";"'='";"470.0";"nM";"6.33";"";"";"UO_0000065";"30.24";"0.66";"4.52";"7.57";"0";"CHEMBL706602";"Compound was tested for inhibition of Leucine aminopeptidase isolated from porcine kidney; Inhibitor exhibits slow-binding behavior(k on <=1000Me-1Se-1)";"B";"BAO_0000357";"single protein format";"Sus scrofa";"None";"None";"None";"None";"";"";"";"CHEMBL3965";"Leucine aminopeptidase";"Homo sapiens";"SINGLE PROTEIN";"CHEMBL1123872";"1";"Scientific Literature";"J Med Chem";"1987";"None";"";"";""
"CHEMBL3597439";"";"None";"318.80";"0";"2.14";"8";"COc1ccc(-c2cccc3c2CCC(N)C(=O)C3)cn1.Cl";"Inhibition";"";"";"%";"";"";"Not Active";"UO_0000187";"";"";"";"";"0";"CHEMBL3599793";"Inhibition of cytosolic leucine aminopeptidase (unknown origin) up to 100 uM";"B";"BAO_0000357";"single protein format";"Homo sapiens";"None";"None";"None";"None";"";"";"";"CHEMBL3965";"Leucine aminopeptidase";"Homo sapiens";"SINGLE PROTEIN";"CHEMBL3596108";"1";"Scientific Literature";"Bioorg Med Chem";"2015";"None";"";"";""
"CHEMBL3597452";"";"None";"377.87";"0";"2.76";"25";"COc1cc(-c2cccc3c2CC(=O)C(N)CC3)cc(OC)c1OC.Cl";"Inhibition";"";"";"%";"";"";"Not Active";"UO_0000187";"";"";"";"";"0";"CHEMBL3599793";"Inhibition of cytosolic leucine aminopeptidase (unknown origin) up to 100 uM";"B";"BAO_0000357";"single protein format";"Homo sapiens";"None";"None";"None";"None";"";"";"";"CHEMBL3965";"Leucine aminopeptidase";"Homo sapiens";"SINGLE PROTEIN";"CHEMBL3596108";"1";"Scientific Literature";"Bioorg Med Chem";"2015";"None";"";"";""
"CHEMBL252204";"";"None";"361.38";"0";"3.12";"R,R-1, (L,D)";"N[C@@H](CCc1ccccc1)P(=O)(O)C[C@H](Cc1ccccc1)C(=O)O";"Ki";"'='";"271.0";"nM";"6.57";"";"";"UO_0000065";"18.17";"0.36";"3.45";"6.53";"0";"CHEMBL929612";"Inhibition of pig kidney cytosolic leucine aminopeptidase";"B";"BAO_0000357";"single protein format";"Sus scrofa";"None";"None";"None";"None";"";"";"";"CHEMBL3965";"Leucine aminopeptidase";"Homo sapiens";"SINGLE PROTEIN";"CHEMBL1141521";"1";"Scientific Literature";"Bioorg Med Chem Lett";"2008";"None";"";"";""
"CHEMBL307641";"";"None";"441.57";"1";"5.01";"3e";"CCCc1c(COc2ccc(/C=C3\SC(=S)NC3=O)cc2)ccc(C(=O)CC)c1O";"Inhibition";"'='";"4.4";"%";"";"";"";"UO_0000187";"";"";"";"";"0";"CHEMBL706595";"Compound was evaluated for the inhibition of leucine amino peptidase.";"B";"BAO_0000357";"single protein format";"None";"None";"None";"None";"None";"";"";"";"CHEMBL3965";"Leucine aminopeptidase";"Homo sapiens";"SINGLE PROTEIN";"CHEMBL1129769";"1";"Scientific Literature";"Bioorg Med Chem Lett";"1996";"None";"";"";""
"CHEMBL40422";"LEUCINE PHOSPHONIC ACID";"None";"167.15";"0";"0.49";"3e";"CC(C)C[C@H](N)P(=O)(O)O";"Ki";"'='";"230.0";"nM";"6.64";"";"";"UO_0000065";"39.71";"0.91";"6.15";"7.95";"0";"CHEMBL706601";"Inhibition of Leucine aminopeptidase isolated from porcine kidney.";"B";"BAO_0000357";"single protein format";"Sus scrofa";"None";"None";"None";"None";"";"";"";"CHEMBL3965";"Leucine aminopeptidase";"Homo sapiens";"SINGLE PROTEIN";"CHEMBL1123872";"1";"Scientific Literature";"J Med Chem";"1987";"None";"";"";""
"CHEMBL1204264";"";"None";"360.91";"0";"1.47";"46 (diastereomer)";"CC(C)C[C@H](NC(=O)[C@@H](S)[C@H](N)Cc1ccccc1)C(=O)O.Cl";"Ki";"'='";"1000.0";"nM";"6.00";"";"";"UO_0000065";"18.49";"0.37";"4.53";"6.49";"0";"CHEMBL706596";"Inhibitory activity against Leucine aminopeptidase";"B";"BAO_0000357";"single protein format";"Streptomyces olivoreticuli";"None";"None";"None";"None";"";"";"";"CHEMBL3965";"Leucine aminopeptidase";"Homo sapiens";"SINGLE PROTEIN";"CHEMBL1124012";"1";"Scientific Literature";"J Med Chem";"1988";"None";"";"";""
"CHEMBL29292";"UBENIMEX";"2.0";"308.38";"0";"0.53";"Bestatin";"CC(C)C[C@H](NC(=O)[C@@H](O)[C@H](N)Cc1ccccc1)C(=O)O";"IC50";"'='";"11200.0";"nM";"4.95";"";"";"UO_0000065";"16.05";"0.31";"4.42";"4.39";"0";"CHEMBL831969";"Inhibitory concentration against adipocyte-derived leucine aminopeptidase";"B";"BAO_0000357";"single protein format";"Homo sapiens";"None";"None";"None";"None";"";"";"";"CHEMBL3965";"Leucine aminopeptidase";"Homo sapiens";"SINGLE PROTEIN";"CHEMBL1145216";"1";"Scientific Literature";"Bioorg Med Chem Lett";"2005";"None";"";"";""
"CHEMBL28650";"AMASTATIN";"None";"474.56";"1";"-0.95";"(2S,3R)2";"CC(C)C[C@@H](N)[C@H](O)C(=O)N[C@H](C(=O)N[C@H](C(=O)N[C@@H](CC(=O)O)C(=O)O)C(C)C)C(C)C";"Ki";"'='";"220.0";"nM";"6.66";"";"";"UO_0000065";"14.03";"0.28";"7.61";"3.20";"0";"CHEMBL706541";"Compound was evaluated for the inhibition of Leucine aminopeptidase and the inhibition constant was determined after preincubating the enzyme and inhibitor";"B";"BAO_0000357";"single protein format";"Sus scrofa";"None";"None";"None";"None";"";"";"";"CHEMBL3965";"Leucine aminopeptidase";"Homo sapiens";"SINGLE PROTEIN";"CHEMBL1122806";"1";"Scientific Literature";"J Med Chem";"1984";"None";"";"";""
"CHEMBL69019";"";"None";"427.55";"0";"4.62";"8a";"CCCc1c(OCc2ccc(/C=C3\SC(=S)NC3=O)cc2)ccc(C(C)=O)c1O";"Inhibition";"'='";"9.6";"%";"";"";"";"UO_0000187";"";"";"";"";"0";"CHEMBL706595";"Compound was evaluated for the inhibition of leucine amino peptidase.";"B";"BAO_0000357";"single protein format";"None";"None";"None";"None";"None";"";"";"";"CHEMBL3965";"Leucine aminopeptidase";"Homo sapiens";"SINGLE PROTEIN";"CHEMBL1129769";"1";"Scientific Literature";"Bioorg Med Chem Lett";"1996";"None";"";"";""
"CHEMBL68679";"";"None";"313.35";"0";"1.88";"25";"COC(=O)C(=O)[C@@H](N)Cc1ccc(OCc2ccccc2)cc1";"IC50";"'='";"50000.0";"nM";"4.30";"";"";"UO_0000065";"13.73";"0.26";"2.42";"5.47";"0";"CHEMBL706551";"Inhibitory concentration against cytosolic leucine aminopeptidase";"B";"BAO_0000357";"single protein format";"None";"None";"None";"None";"None";"";"";"";"CHEMBL3965";"Leucine aminopeptidase";"Homo sapiens";"SINGLE PROTEIN";"CHEMBL1126810";"1";"Scientific Literature";"J Med Chem";"1993";"None";"";"";""
"CHEMBL68979";"";"None";"438.47";"0";"1.74";"49";"CC(C)C[C@H](/N=C(\S)[C@@H](O)[C@H](N)Cc1ccccc1)C(=O)O.O=C(O)C(F)(F)F";"Ki";"'='";"330.0";"nM";"6.48";"";"";"UO_0000065";"19.98";"0.40";"4.74";"6.76";"0";"CHEMBL706596";"Inhibitory activity against Leucine aminopeptidase";"B";"BAO_0000357";"single protein format";"Streptomyces olivoreticuli";"None";"None";"None";"None";"";"";"";"CHEMBL3965";"Leucine aminopeptidase";"Homo sapiens";"SINGLE PROTEIN";"CHEMBL1124012";"1";"Scientific Literature";"J Med Chem";"1988";"None";"";"";""
"CHEMBL40965";"";"None";"307.33";"0";"1.76";"17";"CC(C)CC(N)P(N)(=O)C(=O)N[C@@H](CC(C)C)C(=O)O";"Ki";"'='";"40000.0";"nM";"4.40";"";"";"UO_0000065";"14.31";"0.30";"2.64";"3.25";"0";"CHEMBL706601";"Inhibition of Leucine aminopeptidase isolated from porcine kidney.";"B";"BAO_0000357";"single protein format";"Sus scrofa";"None";"None";"None";"None";"";"";"";"CHEMBL3965";"Leucine aminopeptidase";"Homo sapiens";"SINGLE PROTEIN";"CHEMBL1123872";"1";"Scientific Literature";"J Med Chem";"1987";"None";"";"";""
"CHEMBL68971";"";"None";"469.58";"0";"4.83";"15";"CCCc1c(COc2ccc(/C=C3\SC(=S)NC3=O)cc2)ccc(C(C)=O)c1OC(C)=O";"Inhibition";"'='";"17.0";"%";"";"";"";"UO_0000187";"";"";"";"";"0";"CHEMBL706595";"Compound was evaluated for the inhibition of leucine amino peptidase.";"B";"BAO_0000357";"single protein format";"None";"None";"None";"None";"None";"";"";"";"CHEMBL3965";"Leucine aminopeptidase";"Homo sapiens";"SINGLE PROTEIN";"CHEMBL1129769";"1";"Scientific Literature";"Bioorg Med Chem Lett";"1996";"None";"";"";""
"CHEMBL69980";"";"None";"489.62";"1";"5.64";"3f";"CCCc1c(COc2ccc(/C=C3\SC(=S)NC3=O)cc2)ccc(C(=O)c2ccccc2)c1O";"Inhibition";"'='";"9.0";"%";"";"";"";"UO_0000187";"";"";"";"";"0";"CHEMBL706595";"Compound was evaluated for the inhibition of leucine amino peptidase.";"B";"BAO_0000357";"single protein format";"None";"None";"None";"None";"None";"";"";"";"CHEMBL3965";"Leucine aminopeptidase";"Homo sapiens";"SINGLE PROTEIN";"CHEMBL1129769";"1";"Scientific Literature";"Bioorg Med Chem Lett";"1996";"None";"";"";""
"CHEMBL69239";"";"None";"280.44";"0";"2.02";"37";"CC(C)CCNC(=O)[C@@H](S)[C@H](N)Cc1ccccc1";"Ki";"'='";"167000.0";"nM";"";"Outside typical range";"";"UO_0000065";"";"";"";"";"0";"CHEMBL706596";"Inhibitory activity against Leucine aminopeptidase";"B";"BAO_0000357";"single protein format";"Streptomyces olivoreticuli";"None";"None";"None";"None";"";"";"";"CHEMBL3965";"Leucine aminopeptidase";"Homo sapiens";"SINGLE PROTEIN";"CHEMBL1124012";"1";"Scientific Literature";"J Med Chem";"1988";"None";"";"";""
"CHEMBL71171";"";"None";"117.19";"0";"0.35";"4a";"CC(C)C[C@@H](N)CO";"Ki";"'>'";"1000000.0";"nM";"";"Outside typical range";"";"UO_0000065";"";"";"";"";"0";"CHEMBL706596";"Inhibitory activity against Leucine aminopeptidase";"B";"BAO_0000357";"single protein format";"Streptomyces olivoreticuli";"None";"None";"None";"None";"";"";"";"CHEMBL3965";"Leucine aminopeptidase";"Homo sapiens";"SINGLE PROTEIN";"CHEMBL1124012";"1";"Scientific Literature";"J Med Chem";"1988";"None";"";"";""
"CHEMBL88179";"";"None";"223.21";"0";"1.06";"3";"CC(C)CC(N)P(=O)(O)CCC(=O)O";"Ki";"'='";"330.0";"nM";"6.48";"";"";"UO_0000065";"29.04";"0.63";"5.42";"6.44";"0";"CHEMBL881814";"Binding affinity for cytosolic leucine aminopeptidase (LAP) from porcine kidney";"B";"BAO_0000357";"single protein format";"Sus scrofa";"None";"None";"None";"None";"";"";"";"CHEMBL3965";"Leucine aminopeptidase";"Homo sapiens";"SINGLE PROTEIN";"CHEMBL1145984";"1";"Scientific Literature";"J Med Chem";"2003";"None";"";"";""
"CHEMBL41873";"";"None";"111.04";"0";"-0.92";"3a";"NCP(=O)(O)O";"Ki";"'='";"1040000.0";"nM";"";"Outside typical range";"";"UO_0000065";"";"";"";"";"0";"CHEMBL706601";"Inhibition of Leucine aminopeptidase isolated from porcine kidney.";"B";"BAO_0000357";"single protein format";"Sus scrofa";"None";"None";"None";"None";"";"";"";"CHEMBL3965";"Leucine aminopeptidase";"Homo sapiens";"SINGLE PROTEIN";"CHEMBL1123872";"1";"Scientific Literature";"J Med Chem";"1987";"None";"";"";""
"CHEMBL67206";"";"None";"427.55";"0";"4.62";"3h";"CCCc1c(COc2cccc(/C=C3/SC(=S)NC3=O)c2)ccc(C(C)=O)c1O";"Inhibition";"'='";"20.3";"%";"";"";"";"UO_0000187";"";"";"";"";"0";"CHEMBL706595";"Compound was evaluated for the inhibition of leucine amino peptidase.";"B";"BAO_0000357";"single protein format";"None";"None";"None";"None";"None";"";"";"";"CHEMBL3965";"Leucine aminopeptidase";"Homo sapiens";"SINGLE PROTEIN";"CHEMBL1129769";"1";"Scientific Literature";"Bioorg Med Chem Lett";"1996";"None";"";"";""
"CHEMBL423870";"";"None";"237.05";"0";"0.21";"17";"CC(C)CC(O)P(=O)([O-])NCC(=O)[O-].[Li+].[Li+]";"Ki";"'='";"4880.0";"nM";"5.31";"";"";"UO_0000065";"23.59";"0.52";"5.10";"4.97";"0";"CHEMBL881814";"Binding affinity for cytosolic leucine aminopeptidase (LAP) from porcine kidney";"B";"BAO_0000357";"single protein format";"Sus scrofa";"None";"None";"None";"None";"";"";"";"CHEMBL3965";"Leucine aminopeptidase";"Homo sapiens";"SINGLE PROTEIN";"CHEMBL1145984";"1";"Scientific Literature";"J Med Chem";"2003";"None";"";"";""
"CHEMBL3597451";"";"None";"317.82";"0";"2.75";"24";"COc1ccccc1-c1cccc2c1CC(=O)C(N)CC2.Cl";"Inhibition";"";"";"%";"";"";"Not Active";"UO_0000187";"";"";"";"";"0";"CHEMBL3599793";"Inhibition of cytosolic leucine aminopeptidase (unknown origin) up to 100 uM";"B";"BAO_0000357";"single protein format";"Homo sapiens";"None";"None";"None";"None";"";"";"";"CHEMBL3965";"Leucine aminopeptidase";"Homo sapiens";"SINGLE PROTEIN";"CHEMBL3596108";"1";"Scientific Literature";"Bioorg Med Chem";"2015";"None";"";"";""
"CHEMBL70042";"";"None";"505.62";"2";"5.35";"8i";"CCCc1c(OCc2ccc(/C=C3\SC(=S)NC3=O)cc2)ccc(C(=O)c2ccccc2O)c1O";"Inhibition";"'='";"47.0";"%";"";"";"";"UO_0000187";"";"";"";"";"0";"CHEMBL706595";"Compound was evaluated for the inhibition of leucine amino peptidase.";"B";"BAO_0000357";"single protein format";"None";"None";"None";"None";"None";"";"";"";"CHEMBL3965";"Leucine aminopeptidase";"Homo sapiens";"SINGLE PROTEIN";"CHEMBL1129769";"1";"Scientific Literature";"Bioorg Med Chem Lett";"1996";"None";"";"";""
"CHEMBL71535";"";"None";"389.45";"0";"3.45";"26";"N[C@@H](Cc1ccc(OCc2ccccc2)cc1)C(=O)C(=O)OCc1ccccc1";"IC50";"'>'";"100000.0";"nM";"";"";"";"UO_0000065";"";"";"";"";"0";"CHEMBL706551";"Inhibitory concentration against cytosolic leucine aminopeptidase";"B";"BAO_0000357";"single protein format";"None";"None";"None";"None";"None";"";"";"";"CHEMBL3965";"Leucine aminopeptidase";"Homo sapiens";"SINGLE PROTEIN";"CHEMBL1126810";"1";"Scientific Literature";"J Med Chem";"1993";"None";"";"";""
"CHEMBL68214";"";"None";"385.47";"0";"3.66";"3c";"CC(=O)c1ccc(COc2ccc(/C=C3\SC(=S)NC3=O)cc2)cc1O";"Inhibition";"'='";"7.0";"%";"";"";"";"UO_0000187";"";"";"";"";"0";"CHEMBL706595";"Compound was evaluated for the inhibition of leucine amino peptidase.";"B";"BAO_0000357";"single protein format";"None";"None";"None";"None";"None";"";"";"";"CHEMBL3965";"Leucine aminopeptidase";"Homo sapiens";"SINGLE PROTEIN";"CHEMBL1129769";"1";"Scientific Literature";"Bioorg Med Chem Lett";"1996";"None";"";"";""
"CHEMBL69209";"";"None";"413.52";"0";"4.23";"3d";"CCc1c(COc2ccc(/C=C3\SC(=S)NC3=O)cc2)ccc(C(C)=O)c1O";"Inhibition";"'='";"7.2";"%";"";"";"";"UO_0000187";"";"";"";"";"0";"CHEMBL706595";"Compound was evaluated for the inhibition of leucine amino peptidase.";"B";"BAO_0000357";"single protein format";"None";"None";"None";"None";"None";"";"";"";"CHEMBL3965";"Leucine aminopeptidase";"Homo sapiens";"SINGLE PROTEIN";"CHEMBL1129769";"1";"Scientific Literature";"Bioorg Med Chem Lett";"1996";"None";"";"";""
"CHEMBL134414";"";"None";"375.42";"1";"-1.09";"(2S,3R)-7";"CC(C)CC(N)C(O)C(=O)NC(C(=O)NC(CC(=O)O)C(=O)O)C(C)C";"Ki";"'='";"1240.0";"nM";"5.91";"";"";"UO_0000065";"15.73";"0.31";"7.00";"3.30";"0";"CHEMBL706599";"Compound was evaluated for the inhibition of Leucine aminopeptidase and the inhibition constant was determined after preincubating the enzyme and inhibitor";"B";"BAO_0000357";"single protein format";"Sus scrofa";"None";"None";"None";"None";"";"";"";"CHEMBL3965";"Leucine aminopeptidase";"Homo sapiens";"SINGLE PROTEIN";"CHEMBL1122806";"1";"Scientific Literature";"J Med Chem";"1984";"None";"";"";""
"CHEMBL29292";"UBENIMEX";"2.0";"308.38";"0";"0.53";"Bestatin";"CC(C)C[C@H](NC(=O)[C@@H](O)[C@H](N)Cc1ccccc1)C(=O)O";"Ki";"'='";"0.6";"nM";"9.22";"";"";"UO_0000065";"29.90";"0.57";"8.69";"8.19";"0";"CHEMBL881814";"Binding affinity for cytosolic leucine aminopeptidase (LAP) from porcine kidney";"B";"BAO_0000357";"single protein format";"Sus scrofa";"None";"None";"None";"None";"";"";"";"CHEMBL3965";"Leucine aminopeptidase";"Homo sapiens";"SINGLE PROTEIN";"CHEMBL1145984";"1";"Scientific Literature";"J Med Chem";"2003";"None";"";"";""
"CHEMBL3143145";"";"None";"442.65";"0";"1.55";"(3S,4S)12";"CC(C)CCNC(=O)[C@@H](NC(=O)[C@@H](NC(=O)C[C@H](O)[C@@H](N)CC(C)C)C(C)C)C(C)C";"Ki";"'='";"1000000.0";"nM";"";"Outside typical range";"";"UO_0000065";"";"";"";"";"0";"CHEMBL706600";"Compound was evaluated for the inhibition of Leucine aminopeptidase from porcine kidney and the inhibition constant was determined after preincubating the enzyme and inhibitor";"B";"BAO_0000357";"single protein format";"Sus scrofa";"None";"None";"None";"None";"";"";"";"CHEMBL3965";"Leucine aminopeptidase";"Homo sapiens";"SINGLE PROTEIN";"CHEMBL1122806";"1";"Scientific Literature";"J Med Chem";"1984";"None";"";"";""
"CHEMBL68538";"";"None";"431.54";"0";"4.99";"8e";"O=C1NC(=S)S/C1=C\c1ccc(COc2ccc(C(=O)c3ccccc3)cc2)cc1";"Inhibition";"'='";"8.0";"%";"";"";"";"UO_0000187";"";"";"";"";"0";"CHEMBL706595";"Compound was evaluated for the inhibition of leucine amino peptidase.";"B";"BAO_0000357";"single protein format";"None";"None";"None";"None";"None";"";"";"";"CHEMBL3965";"Leucine aminopeptidase";"Homo sapiens";"SINGLE PROTEIN";"CHEMBL1129769";"1";"Scientific Literature";"Bioorg Med Chem Lett";"1996";"None";"";"";""
"CHEMBL2370764";"";"None";"474.56";"1";"-0.95";"3";"CC(C)C[C@H](N)[C@@H](O)C(=O)N[C@H](C(=O)N[C@H](C(=O)N[C@@H](CC(=O)O)C(=O)O)C(C)C)C(C)C";"Ki";"'='";"20000.0";"nM";"4.70";"";"";"UO_0000065";"9.90";"0.19";"5.65";"2.26";"0";"CHEMBL706542";"Effect of inhibitor structure on the slow binding inhibition of Leucine aminopeptidase was determined and Ki* was reported which is obtained by the equation Ki[k4/(k3 + k4)]";"B";"BAO_0000357";"single protein format";"Sus scrofa";"None";"None";"None";"None";"";"";"";"CHEMBL3965";"Leucine aminopeptidase";"Homo sapiens";"SINGLE PROTEIN";"CHEMBL1122806";"1";"Scientific Literature";"J Med Chem";"1984";"None";"";"";""
"CHEMBL69128";"";"None";"385.51";"0";"4.41";"29a";"CCCc1c(O)cccc1OCc1ccc(/C=C2\SC(=S)NC2=O)cc1";"Inhibition";"'='";"22.0";"%";"";"";"";"UO_0000187";"";"";"";"";"0";"CHEMBL706595";"Compound was evaluated for the inhibition of leucine amino peptidase.";"B";"BAO_0000357";"single protein format";"None";"None";"None";"None";"None";"";"";"";"CHEMBL3965";"Leucine aminopeptidase";"Homo sapiens";"SINGLE PROTEIN";"CHEMBL1129769";"1";"Scientific Literature";"Bioorg Med Chem Lett";"1996";"None";"";"";""
"CHEMBL1093247";"";"None";"277.26";"0";"2.78";"2g";"NC(Cc1ccccc1)P(=O)(O)Oc1ccccc1";"Ki";"'='";"420.0";"nM";"6.38";"";"";"UO_0000065";"23.00";"0.46";"3.60";"8.79";"0";"CHEMBL1115226";"Inhibition of leucine aminopeptidase";"B";"BAO_0000357";"single protein format";"None";"None";"None";"None";"None";"";"";"";"CHEMBL3965";"Leucine aminopeptidase";"Homo sapiens";"SINGLE PROTEIN";"CHEMBL1156227";"1";"Scientific Literature";"Bioorg Med Chem";"2010";"None";"";"";""
"CHEMBL67701";"";"None";"447.54";"0";"4.69";"8f";"O=C1NC(=S)S/C1=C\c1ccc(COc2ccc(C(=O)c3ccccc3)c(O)c2)cc1";"Inhibition";"'='";"27.0";"%";"";"";"";"UO_0000187";"";"";"";"";"0";"CHEMBL706595";"Compound was evaluated for the inhibition of leucine amino peptidase.";"B";"BAO_0000357";"single protein format";"None";"None";"None";"None";"None";"";"";"";"CHEMBL3965";"Leucine aminopeptidase";"Homo sapiens";"SINGLE PROTEIN";"CHEMBL1129769";"1";"Scientific Literature";"Bioorg Med Chem Lett";"1996";"None";"";"";""
"CHEMBL3597442";"";"None";"305.78";"0";"2.88";"14";"Cl.NC1CCc2cccc(-c3ccc(F)cc3)c2CC1=O";"Inhibition";"";"";"%";"";"";"Not Active";"UO_0000187";"";"";"";"";"0";"CHEMBL3599793";"Inhibition of cytosolic leucine aminopeptidase (unknown origin) up to 100 uM";"B";"BAO_0000357";"single protein format";"Homo sapiens";"None";"None";"None";"None";"";"";"";"CHEMBL3965";"Leucine aminopeptidase";"Homo sapiens";"SINGLE PROTEIN";"CHEMBL3596108";"1";"Scientific Literature";"Bioorg Med Chem";"2015";"None";"";"";""
"CHEMBL37846";"";"None";"185.16";"0";"0.98";"9h";"NC(Cc1ccccc1)[PH](=O)O";"Ki";"'='";"59000.0";"nM";"4.23";"";"";"UO_0000065";"22.84";"0.48";"3.25";"6.68";"0";"CHEMBL706601";"Inhibition of Leucine aminopeptidase isolated from porcine kidney.";"B";"BAO_0000357";"single protein format";"Sus scrofa";"None";"None";"None";"None";"";"";"";"CHEMBL3965";"Leucine aminopeptidase";"Homo sapiens";"SINGLE PROTEIN";"CHEMBL1123872";"1";"Scientific Literature";"J Med Chem";"1987";"None";"";"";""
"CHEMBL80368";"";"None";"354.41";"0";"-0.72";"14";"C[C@H](NC(=O)[C@@H]1CCCN1C(=O)C1CCCCC1C(=O)NO)C(N)=O";"IC50";"'='";"220000.0";"nM";"";"Outside typical range";"";"UO_0000065";"";"";"";"";"0";"CHEMBL708591";"Inhibition against Leucyl aminopeptidase from pig kidney.";"B";"BAO_0000357";"single protein format";"None";"None";"None";"None";"None";"";"";"";"CHEMBL3965";"Leucine aminopeptidase";"Homo sapiens";"SINGLE PROTEIN";"CHEMBL1132257";"1";"Scientific Literature";"J Med Chem";"1999";"None";"";"";""
"CHEMBL284501";"";"None";"199.25";"0";"0.66";"3";"COC(=O)/C=C\C(=O)[C@@H](N)CC(C)C";"Ki";"'='";"76.0";"nM";"7.12";"";"";"UO_0000065";"35.73";"0.69";"6.46";"10.26";"0";"CHEMBL706550";"Inhibitory activity against leucine aminopeptidase";"B";"BAO_0000357";"single protein format";"None";"None";"None";"None";"None";"";"";"";"CHEMBL3965";"Leucine aminopeptidase";"Homo sapiens";"SINGLE PROTEIN";"CHEMBL1133220";"1";"Scientific Literature";"Bioorg Med Chem Lett";"2000";"None";"";"";""
"CHEMBL3597438";"";"None";"288.78";"0";"2.13";"7";"Cl.NC1CCc2c(cccc2-c2cccnc2)CC1=O";"Inhibition";"";"";"%";"";"";"Not Active";"UO_0000187";"";"";"";"";"0";"CHEMBL3599793";"Inhibition of cytosolic leucine aminopeptidase (unknown origin) up to 100 uM";"B";"BAO_0000357";"single protein format";"Homo sapiens";"None";"None";"None";"None";"";"";"";"CHEMBL3965";"Leucine aminopeptidase";"Homo sapiens";"SINGLE PROTEIN";"CHEMBL3596108";"1";"Scientific Literature";"Bioorg Med Chem";"2015";"None";"";"";""
"CHEMBL70878";"";"None";"308.38";"0";"0.53";"4";"CC(C)C[C@H](NC(=O)[C@@H](O)[C@@H](N)Cc1ccccc1)C(=O)O";"Ki";"'='";"17000.0";"nM";"4.77";"";"";"UO_0000065";"15.47";"0.30";"4.24";"4.23";"0";"CHEMBL706599";"Compound was evaluated for the inhibition of Leucine aminopeptidase and the inhibition constant was determined after preincubating the enzyme and inhibitor";"B";"BAO_0000357";"single protein format";"Sus scrofa";"None";"None";"None";"None";"";"";"";"CHEMBL3965";"Leucine aminopeptidase";"Homo sapiens";"SINGLE PROTEIN";"CHEMBL1122806";"1";"Scientific Literature";"J Med Chem";"1984";"None";"";"";""
"CHEMBL42982";"";"None";"308.32";"0";"1.80";"17";"CC(C)CC(N)P(=O)(O)C(=O)N[C@@H](CC(C)C)C(=O)O";"Ki";"'='";"56000.0";"nM";"4.25";"";"";"UO_0000065";"13.79";"0.29";"2.45";"3.28";"0";"CHEMBL706601";"Inhibition of Leucine aminopeptidase isolated from porcine kidney.";"B";"BAO_0000357";"single protein format";"Sus scrofa";"None";"None";"None";"None";"";"";"";"CHEMBL3965";"Leucine aminopeptidase";"Homo sapiens";"SINGLE PROTEIN";"CHEMBL1123872";"1";"Scientific Literature";"J Med Chem";"1987";"None";"";"";""
"CHEMBL305198";"";"None";"324.45";"0";"1.47";"6";"CC(C)C[C@H](NC(=O)[C@@H](S)[C@H](N)Cc1ccccc1)C(=O)O";"Ki";"'='";"550.0";"nM";"6.26";"";"";"UO_0000065";"19.29";"0.39";"4.79";"6.77";"0";"CHEMBL706596";"Inhibitory activity against Leucine aminopeptidase";"B";"BAO_0000357";"single protein format";"Streptomyces olivoreticuli";"None";"None";"None";"None";"";"";"";"CHEMBL3965";"Leucine aminopeptidase";"Homo sapiens";"SINGLE PROTEIN";"CHEMBL1124012";"1";"Scientific Literature";"J Med Chem";"1988";"None";"";"";""
"CHEMBL327844";"";"None";"361.38";"0";"3.12";"6";"NC(CCc1ccccc1)P(=O)(O)CC(Cc1ccccc1)C(=O)O";"Ki";"'='";"66.0";"nM";"7.18";"";"";"UO_0000065";"19.87";"0.39";"4.06";"7.14";"0";"CHEMBL881814";"Binding affinity for cytosolic leucine aminopeptidase (LAP) from porcine kidney";"B";"BAO_0000357";"single protein format";"Sus scrofa";"None";"None";"None";"None";"";"";"";"CHEMBL3965";"Leucine aminopeptidase";"Homo sapiens";"SINGLE PROTEIN";"CHEMBL1145984";"1";"Scientific Literature";"J Med Chem";"2003";"None";"";"";""
"CHEMBL2370765";"";"None";"458.56";"1";"0.08";"9";"CC(C)C[C@@H](N)CC(=O)N[C@H](C(=O)N[C@H](C(=O)N[C@@H](CC(=O)O)C(=O)O)C(C)C)C(C)C";"Ki";"'='";"681000.0";"nM";"";"Outside typical range";"";"UO_0000065";"";"";"";"";"0";"CHEMBL706541";"Compound was evaluated for the inhibition of Leucine aminopeptidase and the inhibition constant was determined after preincubating the enzyme and inhibitor";"B";"BAO_0000357";"single protein format";"Sus scrofa";"None";"None";"None";"None";"";"";"";"CHEMBL3965";"Leucine aminopeptidase";"Homo sapiens";"SINGLE PROTEIN";"CHEMBL1122806";"1";"Scientific Literature";"J Med Chem";"1984";"None";"";"";""
"CHEMBL296889";"";"None";"215.19";"0";"1.35";"5h";"COP(=O)(O)C(N)Cc1ccccc1";"Ki";"'='";"43000.0";"nM";"4.37";"";"";"UO_0000065";"20.29";"0.43";"3.02";"6.02";"0";"CHEMBL706601";"Inhibition of Leucine aminopeptidase isolated from porcine kidney.";"B";"BAO_0000357";"single protein format";"Sus scrofa";"None";"None";"None";"None";"";"";"";"CHEMBL3965";"Leucine aminopeptidase";"Homo sapiens";"SINGLE PROTEIN";"CHEMBL1123872";"1";"Scientific Literature";"J Med Chem";"1987";"None";"";"";""
"CHEMBL68511";"";"None";"131.22";"0";"0.74";"32a";"CC(C)C[C@H](N)C(C)O";"Ki";"'='";"507000.0";"nM";"";"Outside typical range";"";"UO_0000065";"";"";"";"";"0";"CHEMBL706596";"Inhibitory activity against Leucine aminopeptidase";"B";"BAO_0000357";"single protein format";"Streptomyces olivoreticuli";"None";"None";"None";"None";"";"";"";"CHEMBL3965";"Leucine aminopeptidase";"Homo sapiens";"SINGLE PROTEIN";"CHEMBL1124012";"1";"Scientific Literature";"J Med Chem";"1988";"None";"";"";""
"CHEMBL68617";"";"None";"537.66";"2";"6.28";"8h";"O=C1NC(=S)S/C1=C\c1ccc(COc2ccc(C(=O)c3ccccc3)c(O)c2Cc2ccccc2)cc1";"Inhibition";"'='";"-4.0";"%";"";"";"";"UO_0000187";"";"";"";"";"0";"CHEMBL706595";"Compound was evaluated for the inhibition of leucine amino peptidase.";"B";"BAO_0000357";"single protein format";"None";"None";"None";"None";"None";"";"";"";"CHEMBL3965";"Leucine aminopeptidase";"Homo sapiens";"SINGLE PROTEIN";"CHEMBL1129769";"1";"Scientific Literature";"Bioorg Med Chem Lett";"1996";"None";"";"";""
"CHEMBL3597462";"";"None";"302.81";"0";"2.44";"35";"Cc1ccc(-c2cccc3c2CC(=O)C(N)CC3)cn1.Cl";"Inhibition";"";"";"%";"";"";"Not Active";"UO_0000187";"";"";"";"";"0";"CHEMBL3599793";"Inhibition of cytosolic leucine aminopeptidase (unknown origin) up to 100 uM";"B";"BAO_0000357";"single protein format";"Homo sapiens";"None";"None";"None";"None";"";"";"";"CHEMBL3965";"Leucine aminopeptidase";"Homo sapiens";"SINGLE PROTEIN";"CHEMBL3596108";"1";"Scientific Literature";"Bioorg Med Chem";"2015";"None";"";"";""
"CHEMBL450330";"";"None";"261.32";"0";"2.51";"39";"O=C(N[C@H](C(=O)O)c1ccccc1)C1CCCCC1";"Inhibition";"'='";"8.0";"%";"";"";"";"UO_0000187";"";"";"";"";"0";"CHEMBL706547";"The compound was tested for inhibitory activity against Leucine aminopeptidase (LAP), activity is expressed as %inhibition";"B";"BAO_0000357";"single protein format";"None";"None";"None";"None";"None";"";"";"";"CHEMBL3965";"Leucine aminopeptidase";"Homo sapiens";"SINGLE PROTEIN";"CHEMBL1128326";"1";"Scientific Literature";"J Med Chem";"1995";"None";"";"";""
"CHEMBL88476";"";"None";"115.18";"0";"0.56";"Leucinal";"CC(C)CC(N)C=O";"Ki";"'='";"60.0";"nM";"7.22";"";"";"UO_0000065";"62.70";"1.23";"6.66";"16.76";"0";"CHEMBL881814";"Binding affinity for cytosolic leucine aminopeptidase (LAP) from porcine kidney";"B";"BAO_0000357";"single protein format";"Sus scrofa";"None";"None";"None";"None";"";"";"";"CHEMBL3965";"Leucine aminopeptidase";"Homo sapiens";"SINGLE PROTEIN";"CHEMBL1145984";"1";"Scientific Literature";"J Med Chem";"2003";"None";"";"";""
"CHEMBL79083";"";"None";"313.42";"0";"0.07";"12";"C[C@H](NC(=O)[C@@H]1CCCN1C(=O)C1CCCC1S)C(N)=O";"IC50";"'>'";"1000000.0";"nM";"";"Outside typical range";"";"UO_0000065";"";"";"";"";"0";"CHEMBL708591";"Inhibition against Leucyl aminopeptidase from pig kidney.";"B";"BAO_0000357";"single protein format";"None";"None";"None";"None";"None";"";"";"";"CHEMBL3965";"Leucine aminopeptidase";"Homo sapiens";"SINGLE PROTEIN";"CHEMBL1132257";"1";"Scientific Literature";"J Med Chem";"1999";"None";"";"";""
"CHEMBL182879";"";"None";"233.29";"0";"2.44";"1";"O=C(CSc1ccc2ccccc2c1)NO";"IC50";"";"";"nM";"";"";"Not Active";"UO_0000065";"";"";"";"";"0";"CHEMBL827766";"Inhibitory concentration against adipocyte-derived leucine aminopeptidase; NA = Not active";"B";"BAO_0000357";"single protein format";"Homo sapiens";"None";"None";"None";"None";"";"";"";"CHEMBL3965";"Leucine aminopeptidase";"Homo sapiens";"SINGLE PROTEIN";"CHEMBL1145216";"1";"Scientific Literature";"Bioorg Med Chem Lett";"2005";"None";"";"";""
"CHEMBL3597459";"";"None";"306.77";"0";"2.27";"32";"Cl.NC1CCc2cccc(-c3ccnc(F)c3)c2CC1=O";"Inhibition";"";"";"%";"";"";"Not Active";"UO_0000187";"";"";"";"";"0";"CHEMBL3599793";"Inhibition of cytosolic leucine aminopeptidase (unknown origin) up to 100 uM";"B";"BAO_0000357";"single protein format";"Homo sapiens";"None";"None";"None";"None";"";"";"";"CHEMBL3965";"Leucine aminopeptidase";"Homo sapiens";"SINGLE PROTEIN";"CHEMBL3596108";"1";"Scientific Literature";"Bioorg Med Chem";"2015";"None";"";"";""
"CHEMBL507696";"PRENYLAGARAMIDE A";"None";"1081.19";"None";"None";"1, Prenylagaramide A";"CC(C)=CCOc1ccc(C[C@@H]2NC(=O)[C@@H]3CCCN3C(=O)[C@H](CC(N)=O)NC(=O)[C@H](Cc3ccccc3)NC(=O)[C@H](Cc3ccccc3)NC(=O)[C@H](CCC(=O)O)NC(=O)CNC(=O)[C@H]([C@@H](C)O)NC(=O)CNC2=O)cc1";"Activity";"";"";"";"";"";"Not Active";"";"";"";"";"";"0";"CHEMBL970113";"Inhibition of leucine amino peptidase";"B";"BAO_0000357";"single protein format";"None";"None";"None";"None";"None";"";"";"";"CHEMBL3965";"Leucine aminopeptidase";"Homo sapiens";"SINGLE PROTEIN";"CHEMBL1141848";"1";"Scientific Literature";"J Nat Prod";"1999";"None";"";"";""
"CHEMBL3597436";"";"None";"277.75";"0";"2.33";"5";"Cl.NC1CCc2c(cccc2-c2ccco2)CC1=O";"Inhibition";"";"";"%";"";"";"Not Active";"UO_0000187";"";"";"";"";"0";"CHEMBL3599793";"Inhibition of cytosolic leucine aminopeptidase (unknown origin) up to 100 uM";"B";"BAO_0000357";"single protein format";"Homo sapiens";"None";"None";"None";"None";"";"";"";"CHEMBL3965";"Leucine aminopeptidase";"Homo sapiens";"SINGLE PROTEIN";"CHEMBL3596108";"1";"Scientific Literature";"Bioorg Med Chem";"2015";"None";"";"";""
"CHEMBL3597443";"";"None";"322.24";"0";"3.39";"15";"Cl.NC1CCc2cccc(-c3ccc(Cl)cc3)c2CC1=O";"Inhibition";"";"";"%";"";"";"Not Active";"UO_0000187";"";"";"";"";"0";"CHEMBL3599793";"Inhibition of cytosolic leucine aminopeptidase (unknown origin) up to 100 uM";"B";"BAO_0000357";"single protein format";"Homo sapiens";"None";"None";"None";"None";"";"";"";"CHEMBL3965";"Leucine aminopeptidase";"Homo sapiens";"SINGLE PROTEIN";"CHEMBL3596108";"1";"Scientific Literature";"Bioorg Med Chem";"2015";"None";"";"";""
"CHEMBL3597458";"";"None";"318.80";"0";"2.14";"31";"COc1cc(-c2cccc3c2CC(=O)C(N)CC3)ccn1.Cl";"Inhibition";"";"";"%";"";"";"Not Active";"UO_0000187";"";"";"";"";"0";"CHEMBL3599793";"Inhibition of cytosolic leucine aminopeptidase (unknown origin) up to 100 uM";"B";"BAO_0000357";"single protein format";"Homo sapiens";"None";"None";"None";"None";"";"";"";"CHEMBL3965";"Leucine aminopeptidase";"Homo sapiens";"SINGLE PROTEIN";"CHEMBL3596108";"1";"Scientific Literature";"Bioorg Med Chem";"2015";"None";"";"";""
"CHEMBL1160057";"";"None";"329.33";"0";"2.46";"8h";"CC(C)C[C@H](COP(=O)(O)C(N)Cc1ccccc1)C(=O)O";"Ki";"'='";"340000.0";"nM";"";"Outside typical range";"";"UO_0000065";"";"";"";"";"0";"CHEMBL706601";"Inhibition of Leucine aminopeptidase isolated from porcine kidney.";"B";"BAO_0000357";"single protein format";"Sus scrofa";"None";"None";"None";"None";"";"";"";"CHEMBL3965";"Leucine aminopeptidase";"Homo sapiens";"SINGLE PROTEIN";"CHEMBL1123872";"1";"Scientific Literature";"J Med Chem";"1987";"None";"";"";""
"CHEMBL41600";"";"None";"152.13";"0";"1.21";"10";"CC(C)CCP(=O)(O)O";"Ki";"'='";"775000.0";"nM";"";"Outside typical range";"";"UO_0000065";"";"";"";"";"0";"CHEMBL706601";"Inhibition of Leucine aminopeptidase isolated from porcine kidney.";"B";"BAO_0000357";"single protein format";"Sus scrofa";"None";"None";"None";"None";"";"";"";"CHEMBL3965";"Leucine aminopeptidase";"Homo sapiens";"SINGLE PROTEIN";"CHEMBL1123872";"1";"Scientific Literature";"J Med Chem";"1987";"None";"";"";""
"CHEMBL393949";"";"None";"361.38";"0";"3.12";"S,S-1, (D,L)";"N[C@H](CCc1ccccc1)P(=O)(O)C[C@@H](Cc1ccccc1)C(=O)O";"Ki";"'='";"988.0";"nM";"6.00";"";"";"UO_0000065";"16.62";"0.33";"2.89";"5.97";"0";"CHEMBL929612";"Inhibition of pig kidney cytosolic leucine aminopeptidase";"B";"BAO_0000357";"single protein format";"Sus scrofa";"None";"None";"None";"None";"";"";"";"CHEMBL3965";"Leucine aminopeptidase";"Homo sapiens";"SINGLE PROTEIN";"CHEMBL1141521";"1";"Scientific Literature";"Bioorg Med Chem Lett";"2008";"None";"";"";""
"CHEMBL40813";"";"None";"201.16";"0";"0.69";"3h";"N[C@@H](Cc1ccccc1)P(=O)(O)O";"Ki";"'='";"420.0";"nM";"6.38";"";"";"UO_0000065";"31.70";"0.67";"5.69";"7.63";"0";"CHEMBL706601";"Inhibition of Leucine aminopeptidase isolated from porcine kidney.";"B";"BAO_0000357";"single protein format";"Sus scrofa";"None";"None";"None";"None";"";"";"";"CHEMBL3965";"Leucine aminopeptidase";"Homo sapiens";"SINGLE PROTEIN";"CHEMBL1123872";"1";"Scientific Literature";"J Med Chem";"1987";"None";"";"";""
"CHEMBL89318";"";"None";"167.14";"0";"0.49";"1e";"CC(C)CC(N)P(=O)(O)O";"Ki";"'='";"230.0";"nM";"6.64";"";"";"UO_0000065";"39.72";"0.91";"6.15";"7.95";"1";"CHEMBL1115226";"Inhibition of leucine aminopeptidase";"B";"BAO_0000357";"single protein format";"None";"None";"None";"None";"None";"";"";"";"CHEMBL3965";"Leucine aminopeptidase";"Homo sapiens";"SINGLE PROTEIN";"CHEMBL1156227";"1";"Scientific Literature";"Bioorg Med Chem";"2010";"None";"";"";""
"CHEMBL68686";"";"None";"209.25";"0";"0.09";"28a";"COC(=O)C(O)[C@H](N)Cc1ccccc1";"Ki";"'='";"33000.0";"nM";"4.48";"";"";"UO_0000065";"21.42";"0.41";"4.39";"6.18";"0";"CHEMBL706596";"Inhibitory activity against Leucine aminopeptidase";"B";"BAO_0000357";"single protein format";"Streptomyces olivoreticuli";"None";"None";"None";"None";"";"";"";"CHEMBL3965";"Leucine aminopeptidase";"Homo sapiens";"SINGLE PROTEIN";"CHEMBL1124012";"1";"Scientific Literature";"J Med Chem";"1988";"None";"";"";""
"CHEMBL28650";"AMASTATIN";"None";"474.56";"1";"-0.95";"(2S,3R)2";"CC(C)C[C@@H](N)[C@H](O)C(=O)N[C@H](C(=O)N[C@H](C(=O)N[C@@H](CC(=O)O)C(=O)O)C(C)C)C(C)C";"Ki";"'='";"200.0";"nM";"6.70";"";"";"UO_0000065";"14.12";"0.28";"7.65";"3.22";"0";"CHEMBL706540";"Effect of inhibitor structure on the slow binding inhibition of Leucine aminopeptidase was determined and the Ki was reported which is = k2/k1";"B";"BAO_0000357";"single protein format";"Sus scrofa";"None";"None";"None";"None";"";"";"";"CHEMBL3965";"Leucine aminopeptidase";"Homo sapiens";"SINGLE PROTEIN";"CHEMBL1122806";"1";"Scientific Literature";"J Med Chem";"1984";"None";"";"";""
"CHEMBL68201";"";"None";"490.61";"1";"5.04";"20a";"CCCc1c(OCc2ccc(/C=C3\SC(=S)NC3=O)cc2)ccc(C(=O)c2cccnc2)c1O";"Inhibition";"'='";"21.0";"%";"";"";"";"UO_0000187";"";"";"";"";"0";"CHEMBL706595";"Compound was evaluated for the inhibition of leucine amino peptidase.";"B";"BAO_0000357";"single protein format";"None";"None";"None";"None";"None";"";"";"";"CHEMBL3965";"Leucine aminopeptidase";"Homo sapiens";"SINGLE PROTEIN";"CHEMBL1129769";"1";"Scientific Literature";"Bioorg Med Chem Lett";"1996";"None";"";"";""
"CHEMBL279786";"BATIMASTAT";"2.0";"477.65";"0";"3.10";"BB-94 (batimastat)";"CNC(=O)[C@H](Cc1ccccc1)NC(=O)[C@H](CC(C)C)[C@H](CSc1cccs1)C(=O)NO";"IC50";"";"";"nM";"";"";"Not Determined";"UO_0000065";"";"";"";"";"0";"CHEMBL828724";"Inhibitory concentration against adipocyte-derived leucine aminopeptidase; ND = Not determined";"B";"BAO_0000357";"single protein format";"Homo sapiens";"None";"None";"None";"None";"";"";"";"CHEMBL3965";"Leucine aminopeptidase";"Homo sapiens";"SINGLE PROTEIN";"CHEMBL1145216";"1";"Scientific Literature";"Bioorg Med Chem Lett";"2005";"None";"";"";""
"CHEMBL39768";"";"None";"151.15";"0";"0.78";"9e";"CC(C)CC(N)[PH](=O)O";"Ki";"'='";"87000.0";"nM";"4.06";"";"";"UO_0000065";"26.86";"0.62";"3.28";"6.41";"0";"CHEMBL706601";"Inhibition of Leucine aminopeptidase isolated from porcine kidney.";"B";"BAO_0000357";"single protein format";"Sus scrofa";"None";"None";"None";"None";"";"";"";"CHEMBL3965";"Leucine aminopeptidase";"Homo sapiens";"SINGLE PROTEIN";"CHEMBL1123872";"1";"Scientific Literature";"J Med Chem";"1987";"None";"";"";""
"CHEMBL68595";"";"None";"489.62";"1";"5.64";"8d";"CCCc1c(OCc2ccc(/C=C3\SC(=S)NC3=O)cc2)ccc(C(=O)c2ccccc2)c1O";"Inhibition";"'='";"0.0";"%";"";"";"";"UO_0000187";"";"";"";"";"0";"CHEMBL706594";"Compound was evaluated for the inhibition of leucine amino peptidase at an enzyme level of 50 ng/mL";"B";"BAO_0000357";"single protein format";"None";"None";"None";"None";"None";"";"";"";"CHEMBL3965";"Leucine aminopeptidase";"Homo sapiens";"SINGLE PROTEIN";"CHEMBL1129769";"1";"Scientific Literature";"Bioorg Med Chem Lett";"1996";"None";"";"";""
"CHEMBL69349";"";"None";"133.26";"0";"1.29";"4";"CC(C)C[C@@H](N)CS";"Ki";"'='";"450000.0";"nM";"";"Outside typical range";"";"UO_0000065";"";"";"";"";"0";"CHEMBL706596";"Inhibitory activity against Leucine aminopeptidase";"B";"BAO_0000357";"single protein format";"Streptomyces olivoreticuli";"None";"None";"None";"None";"";"";"";"CHEMBL3965";"Leucine aminopeptidase";"Homo sapiens";"SINGLE PROTEIN";"CHEMBL1124012";"1";"Scientific Literature";"J Med Chem";"1988";"None";"";"";""
"CHEMBL29292";"UBENIMEX";"2.0";"308.38";"0";"0.53";"1";"CC(C)C[C@H](NC(=O)[C@@H](O)[C@H](N)Cc1ccccc1)C(=O)O";"Ki";"'='";"20.0";"nM";"7.70";"";"";"UO_0000065";"24.97";"0.48";"7.17";"6.83";"0";"CHEMBL706596";"Inhibitory activity against Leucine aminopeptidase";"B";"BAO_0000357";"single protein format";"Streptomyces olivoreticuli";"None";"None";"None";"None";"";"";"";"CHEMBL3965";"Leucine aminopeptidase";"Homo sapiens";"SINGLE PROTEIN";"CHEMBL1124012";"1";"Scientific Literature";"J Med Chem";"1988";"None";"";"";""
"CHEMBL67868";"";"None";"280.44";"0";"2.29";"53";"CC(C)CC/N=C(\S)[C@@H](O)[C@H](N)Cc1ccccc1";"Ki";"'='";"4400.0";"nM";"5.36";"";"";"UO_0000065";"19.10";"0.39";"3.07";"9.14";"0";"CHEMBL706596";"Inhibitory activity against Leucine aminopeptidase";"B";"BAO_0000357";"single protein format";"Streptomyces olivoreticuli";"None";"None";"None";"None";"";"";"";"CHEMBL3965";"Leucine aminopeptidase";"Homo sapiens";"SINGLE PROTEIN";"CHEMBL1124012";"1";"Scientific Literature";"J Med Chem";"1988";"None";"";"";""
"CHEMBL2369857";"";"None";"475.55";"0";"-2.14";"3";"C[C@H](NC(=O)[C@@H]1CCCN1C(=O)[C@@H]1C[C@@H](O)CN1C(=O)[C@@H](O)[C@H](N)Cc1ccccc1)C(N)=O";"IC50";"'='";"1600.0";"nM";"5.80";"";"";"UO_0000065";"12.19";"0.23";"7.94";"3.23";"0";"CHEMBL708591";"Inhibition against Leucyl aminopeptidase from pig kidney.";"B";"BAO_0000357";"single protein format";"None";"None";"None";"None";"None";"";"";"";"CHEMBL3965";"Leucine aminopeptidase";"Homo sapiens";"SINGLE PROTEIN";"CHEMBL1132257";"1";"Scientific Literature";"J Med Chem";"1999";"None";"";"";""
"CHEMBL2153736";"";"None";"279.32";"0";"2.33";"13, diastereomeric mixture";"CC(C)CC(CP(=O)(O)[C@@H](N)CC(C)C)C(=O)O";"Ki";"'='";"65.0";"nM";"7.19";"";"";"UO_0000065";"25.73";"0.55";"4.86";"7.14";"0";"CHEMBL2155991";"Inhibition of LAP";"B";"BAO_0000357";"single protein format";"None";"None";"None";"None";"None";"";"";"";"CHEMBL3965";"Leucine aminopeptidase";"Homo sapiens";"SINGLE PROTEIN";"CHEMBL2150865";"1";"Scientific Literature";"J Med Chem";"2011";"None";"";"";""
"CHEMBL328319";"";"None";"279.32";"0";"2.33";"27";"CC(C)CC(CP(=O)(O)C(N)CC(C)C)C(=O)O";"Ki";"'='";"65.0";"nM";"7.19";"";"";"UO_0000065";"25.73";"0.55";"4.86";"7.14";"0";"CHEMBL881814";"Binding affinity for cytosolic leucine aminopeptidase (LAP) from porcine kidney";"B";"BAO_0000357";"single protein format";"Sus scrofa";"None";"None";"None";"None";"";"";"";"CHEMBL3965";"Leucine aminopeptidase";"Homo sapiens";"SINGLE PROTEIN";"CHEMBL1145984";"1";"Scientific Literature";"J Med Chem";"2003";"None";"";"";""
"CHEMBL69814";"";"None";"147.29";"0";"1.68";"32";"CC(C)C[C@H](N)C(C)S";"Ki";"'>'";"500000.0";"nM";"";"Outside typical range";"";"UO_0000065";"";"";"";"";"0";"CHEMBL706596";"Inhibitory activity against Leucine aminopeptidase";"B";"BAO_0000357";"single protein format";"Streptomyces olivoreticuli";"None";"None";"None";"None";"";"";"";"CHEMBL3965";"Leucine aminopeptidase";"Homo sapiens";"SINGLE PROTEIN";"CHEMBL1124012";"1";"Scientific Literature";"J Med Chem";"1988";"None";"";"";""
"CHEMBL2370764";"";"None";"474.56";"1";"-0.95";"3";"CC(C)C[C@H](N)[C@@H](O)C(=O)N[C@H](C(=O)N[C@H](C(=O)N[C@@H](CC(=O)O)C(=O)O)C(C)C)C(C)C";"Ki";"'<'";"23000.0";"nM";"";"";"";"UO_0000065";"";"";"";"";"0";"CHEMBL856600";"Compound was evaluated for the inhibition of Leucine aminopeptidase and the inhibition constant was determined after preincubating the enzyme and inhibitor";"B";"BAO_0000357";"single protein format";"Sus scrofa";"None";"None";"None";"None";"";"";"";"CHEMBL3965";"Leucine aminopeptidase";"Homo sapiens";"SINGLE PROTEIN";"CHEMBL1122806";"1";"Scientific Literature";"J Med Chem";"1984";"None";"";"";""
"CHEMBL1689155";"";"None";"274.36";"0";"0.34";"(2S,3R)-6";"CC(C)C[C@H](NC(=O)[C@@H](O)[C@H](N)CC(C)C)C(=O)O";"Ki";"'='";"120.0";"nM";"6.92";"";"";"UO_0000065";"25.23";"0.50";"6.58";"6.14";"0";"CHEMBL706599";"Compound was evaluated for the inhibition of Leucine aminopeptidase and the inhibition constant was determined after preincubating the enzyme and inhibitor";"B";"BAO_0000357";"single protein format";"Sus scrofa";"None";"None";"None";"None";"";"";"";"CHEMBL3965";"Leucine aminopeptidase";"Homo sapiens";"SINGLE PROTEIN";"CHEMBL1122806";"1";"Scientific Literature";"J Med Chem";"1984";"None";"";"";""
"CHEMBL327182";"";"None";"327.36";"0";"2.92";"5";"CC(C)CC(CP(=O)(O)C(N)CCc1ccccc1)C(=O)O";"Ki";"'='";"74.0";"nM";"7.13";"";"";"UO_0000065";"21.78";"0.44";"4.21";"7.09";"0";"CHEMBL881814";"Binding affinity for cytosolic leucine aminopeptidase (LAP) from porcine kidney";"B";"BAO_0000357";"single protein format";"Sus scrofa";"None";"None";"None";"None";"";"";"";"CHEMBL3965";"Leucine aminopeptidase";"Homo sapiens";"SINGLE PROTEIN";"CHEMBL1145984";"1";"Scientific Literature";"J Med Chem";"2003";"None";"";"";""
"CHEMBL302534";"";"None";"427.55";"0";"4.62";"3a";"CCCc1c(COc2ccc(/C=C3\SC(=S)NC3=O)cc2)ccc(C(C)=O)c1O";"Inhibition";"'='";"15.0";"%";"";"";"";"UO_0000187";"";"";"";"";"0";"CHEMBL706595";"Compound was evaluated for the inhibition of leucine amino peptidase.";"B";"BAO_0000357";"single protein format";"None";"None";"None";"None";"None";"";"";"";"CHEMBL3965";"Leucine aminopeptidase";"Homo sapiens";"SINGLE PROTEIN";"CHEMBL1129769";"1";"Scientific Literature";"Bioorg Med Chem Lett";"1996";"None";"";"";""
"CHEMBL311925";"";"None";"347.42";"0";"0.53";"11";"C[C@H](NC(=O)[C@@H]1CCCN1C(CCc1ccccc1)C(=O)O)C(N)=O";"IC50";"'>'";"1000000.0";"nM";"";"Outside typical range";"";"UO_0000065";"";"";"";"";"0";"CHEMBL708591";"Inhibition against Leucyl aminopeptidase from pig kidney.";"B";"BAO_0000357";"single protein format";"None";"None";"None";"None";"None";"";"";"";"CHEMBL3965";"Leucine aminopeptidase";"Homo sapiens";"SINGLE PROTEIN";"CHEMBL1132257";"1";"Scientific Literature";"J Med Chem";"1999";"None";"";"";""
"CHEMBL80368";"";"None";"354.41";"0";"-0.72";"16";"C[C@H](NC(=O)[C@@H]1CCCN1C(=O)C1CCCCC1C(=O)NO)C(N)=O";"IC50";"'='";"5000000.0";"nM";"";"Outside typical range";"";"UO_0000065";"";"";"";"";"0";"CHEMBL708591";"Inhibition against Leucyl aminopeptidase from pig kidney.";"B";"BAO_0000357";"single protein format";"None";"None";"None";"None";"None";"";"";"";"CHEMBL3965";"Leucine aminopeptidase";"Homo sapiens";"SINGLE PROTEIN";"CHEMBL1132257";"1";"Scientific Literature";"J Med Chem";"1999";"None";"";"";""
"CHEMBL3597441";"";"None";"301.82";"0";"3.05";"13";"Cc1ccc(-c2cccc3c2CC(=O)C(N)CC3)cc1.Cl";"Inhibition";"";"";"%";"";"";"Not Active";"UO_0000187";"";"";"";"";"0";"CHEMBL3599793";"Inhibition of cytosolic leucine aminopeptidase (unknown origin) up to 100 uM";"B";"BAO_0000357";"single protein format";"Homo sapiens";"None";"None";"None";"None";"";"";"";"CHEMBL3965";"Leucine aminopeptidase";"Homo sapiens";"SINGLE PROTEIN";"CHEMBL3596108";"1";"Scientific Literature";"Bioorg Med Chem";"2015";"None";"";"";""
"CHEMBL3597448";"";"None";"366.87";"0";"1.39";"21";"Cl.NC1CCc2cccc(-c3cccc(S(N)(=O)=O)c3)c2CC1=O";"Inhibition";"";"";"%";"";"";"Not Active";"UO_0000187";"";"";"";"";"0";"CHEMBL3599793";"Inhibition of cytosolic leucine aminopeptidase (unknown origin) up to 100 uM";"B";"BAO_0000357";"single protein format";"Homo sapiens";"None";"None";"None";"None";"";"";"";"CHEMBL3965";"Leucine aminopeptidase";"Homo sapiens";"SINGLE PROTEIN";"CHEMBL3596108";"1";"Scientific Literature";"Bioorg Med Chem";"2015";"None";"";"";""
"CHEMBL3597453";"";"None";"277.75";"0";"2.33";"26";"Cl.NC1CCc2cccc(-c3ccco3)c2CC1=O";"Inhibition";"";"";"%";"";"";"Not Active";"UO_0000187";"";"";"";"";"0";"CHEMBL3599793";"Inhibition of cytosolic leucine aminopeptidase (unknown origin) up to 100 uM";"B";"BAO_0000357";"single protein format";"Homo sapiens";"None";"None";"None";"None";"";"";"";"CHEMBL3965";"Leucine aminopeptidase";"Homo sapiens";"SINGLE PROTEIN";"CHEMBL3596108";"1";"Scientific Literature";"Bioorg Med Chem";"2015";"None";"";"";""
"CHEMBL69180";"";"None";"534.62";"1";"4.74";"27";"CCCc1c(OCc2ccc(/C=C3\SC(=S)NC3=O)cc2)ccc(C(=O)c2cncc(C(=O)O)c2)c1O";"Inhibition";"'='";"19.0";"%";"";"";"";"UO_0000187";"";"";"";"";"0";"CHEMBL706595";"Compound was evaluated for the inhibition of leucine amino peptidase.";"B";"BAO_0000357";"single protein format";"None";"None";"None";"None";"None";"";"";"";"CHEMBL3965";"Leucine aminopeptidase";"Homo sapiens";"SINGLE PROTEIN";"CHEMBL1129769";"1";"Scientific Literature";"Bioorg Med Chem Lett";"1996";"None";"";"";""
"CHEMBL68478";"";"None";"391.47";"0";"3.24";"24";"N[C@@H](Cc1ccc(OCc2ccccc2)cc1)[C@H](O)C(=O)OCc1ccccc1";"IC50";"'='";"80000.0";"nM";"4.10";"";"";"UO_0000065";"10.47";"0.19";"0.86";"5.01";"0";"CHEMBL706551";"Inhibitory concentration against cytosolic leucine aminopeptidase";"B";"BAO_0000357";"single protein format";"None";"None";"None";"None";"None";"";"";"";"CHEMBL3965";"Leucine aminopeptidase";"Homo sapiens";"SINGLE PROTEIN";"CHEMBL1126810";"1";"Scientific Literature";"J Med Chem";"1993";"None";"";"";""
"CHEMBL3597454";"";"None";"291.78";"0";"1.47";"27";"Cl.Cn1cc(-c2cccc3c2CC(=O)C(N)CC3)cn1";"Inhibition";"";"";"%";"";"";"Not Active";"UO_0000187";"";"";"";"";"0";"CHEMBL3599793";"Inhibition of cytosolic leucine aminopeptidase (unknown origin) up to 100 uM";"B";"BAO_0000357";"single protein format";"Homo sapiens";"None";"None";"None";"None";"";"";"";"CHEMBL3965";"Leucine aminopeptidase";"Homo sapiens";"SINGLE PROTEIN";"CHEMBL3596108";"1";"Scientific Literature";"Bioorg Med Chem";"2015";"None";"";"";""
"CHEMBL3597456";"";"None";"288.78";"0";"2.13";"29";"Cl.NC1CCc2cccc(-c3ccncc3)c2CC1=O";"Inhibition";"";"";"%";"";"";"Not Active";"UO_0000187";"";"";"";"";"0";"CHEMBL3599793";"Inhibition of cytosolic leucine aminopeptidase (unknown origin) up to 100 uM";"B";"BAO_0000357";"single protein format";"Homo sapiens";"None";"None";"None";"None";"";"";"";"CHEMBL3965";"Leucine aminopeptidase";"Homo sapiens";"SINGLE PROTEIN";"CHEMBL3596108";"1";"Scientific Literature";"Bioorg Med Chem";"2015";"None";"";"";""
"CHEMBL311875";"";"None";"459.55";"0";"-1.11";"1 (apstatin)";"C[C@H](NC(=O)[C@@H]1CCCN1C(=O)[C@@H]1CCCN1C(=O)[C@@H](O)[C@H](N)Cc1ccccc1)C(N)=O";"IC50";"'='";"300.0";"nM";"6.52";"";"";"UO_0000065";"14.19";"0.27";"7.63";"4.10";"0";"CHEMBL708591";"Inhibition against Leucyl aminopeptidase from pig kidney.";"B";"BAO_0000357";"single protein format";"None";"None";"None";"None";"None";"";"";"";"CHEMBL3965";"Leucine aminopeptidase";"Homo sapiens";"SINGLE PROTEIN";"CHEMBL1132257";"1";"Scientific Literature";"J Med Chem";"1999";"None";"";"";""
"CHEMBL89318";"";"None";"167.14";"0";"0.49";"LeuP";"CC(C)CC(N)P(=O)(O)O";"Ki";"'='";"230.0";"nM";"6.64";"";"";"UO_0000065";"39.72";"0.91";"6.15";"7.95";"0";"CHEMBL881814";"Binding affinity for cytosolic leucine aminopeptidase (LAP) from porcine kidney";"B";"BAO_0000357";"single protein format";"Sus scrofa";"None";"None";"None";"None";"";"";"";"CHEMBL3965";"Leucine aminopeptidase";"Homo sapiens";"SINGLE PROTEIN";"CHEMBL1145984";"1";"Scientific Literature";"J Med Chem";"2003";"None";"";"";""
"CHEMBL66793";"";"None";"443.55";"0";"4.20";"8b";"CCCc1c(OCc2ccc(/C=C3\SC(=S)NC3=O)cc2)ccc(C(=O)OC)c1O";"Inhibition";"'='";"6.3";"%";"";"";"";"UO_0000187";"";"";"";"";"0";"CHEMBL706595";"Compound was evaluated for the inhibition of leucine amino peptidase.";"B";"BAO_0000357";"single protein format";"None";"None";"None";"None";"None";"";"";"";"CHEMBL3965";"Leucine aminopeptidase";"Homo sapiens";"SINGLE PROTEIN";"CHEMBL1129769";"1";"Scientific Literature";"Bioorg Med Chem Lett";"1996";"None";"";"";""
"CHEMBL309274";"";"None";"328.41";"0";"-1.30";"9";"CC(C)C[C@H](N)[C@H](O)C(=O)N1CCC[C@H]1C(=O)N[C@@H](C)C(N)=O";"IC50";"'='";"450000.0";"nM";"";"Outside typical range";"";"UO_0000065";"";"";"";"";"0";"CHEMBL708591";"Inhibition against Leucyl aminopeptidase from pig kidney.";"B";"BAO_0000357";"single protein format";"None";"None";"None";"None";"None";"";"";"";"CHEMBL3965";"Leucine aminopeptidase";"Homo sapiens";"SINGLE PROTEIN";"CHEMBL1132257";"1";"Scientific Literature";"J Med Chem";"1999";"None";"";"";""
"CHEMBL296494";"";"None";"125.06";"0";"-0.53";"3b";"CC(N)P(=O)(O)O";"Ki";"'='";"240000.0";"nM";"";"Outside typical range";"";"UO_0000065";"";"";"";"";"0";"CHEMBL706601";"Inhibition of Leucine aminopeptidase isolated from porcine kidney.";"B";"BAO_0000357";"single protein format";"Sus scrofa";"None";"None";"None";"None";"";"";"";"CHEMBL3965";"Leucine aminopeptidase";"Homo sapiens";"SINGLE PROTEIN";"CHEMBL1123872";"1";"Scientific Literature";"J Med Chem";"1987";"None";"";"";""
"CHEMBL2369868";"";"None";"328.41";"0";"-1.30";"6";"CC(C)C[C@@H](N)[C@H](O)C(=O)N1CCC[C@H]1C(=O)N[C@@H](C)C(N)=O";"IC50";"'='";"12000.0";"nM";"4.92";"";"";"UO_0000065";"14.98";"0.29";"6.22";"3.55";"0";"CHEMBL708591";"Inhibition against Leucyl aminopeptidase from pig kidney.";"B";"BAO_0000357";"single protein format";"None";"None";"None";"None";"None";"";"";"";"CHEMBL3965";"Leucine aminopeptidase";"Homo sapiens";"SINGLE PROTEIN";"CHEMBL1132257";"1";"Scientific Literature";"J Med Chem";"1999";"None";"";"";""
"CHEMBL289058";"";"None";"139.09";"0";"-0.14";"3c";"CCC(N)P(=O)(O)O";"Ki";"'='";"3600.0";"nM";"5.44";"";"";"UO_0000065";"39.14";"0.93";"5.58";"6.52";"0";"CHEMBL706602";"Compound was tested for inhibition of Leucine aminopeptidase isolated from porcine kidney; Inhibitor exhibits slow-binding behavior(k on <=1000Me-1Se-1)";"B";"BAO_0000357";"single protein format";"Sus scrofa";"None";"None";"None";"None";"";"";"";"CHEMBL3965";"Leucine aminopeptidase";"Homo sapiens";"SINGLE PROTEIN";"CHEMBL1123872";"1";"Scientific Literature";"J Med Chem";"1987";"None";"";"";""
"CHEMBL42003";"ISOAMYLAMINE";"None";"87.17";"0";"0.99";"Isoamylamine";"CC(C)CCN";"Ki";"'>'";"50000000.0";"nM";"";"Outside typical range";"";"UO_0000065";"";"";"";"";"0";"CHEMBL706601";"Inhibition of Leucine aminopeptidase isolated from porcine kidney.";"B";"BAO_0000357";"single protein format";"Sus scrofa";"None";"None";"None";"None";"";"";"";"CHEMBL3965";"Leucine aminopeptidase";"Homo sapiens";"SINGLE PROTEIN";"CHEMBL1123872";"1";"Scientific Literature";"J Med Chem";"1987";"None";"";"";""
"CHEMBL2153735";"";"None";"281.29";"0";"2.02";"12";"CC(C)CC(N)P(=O)(O)O[C@@H](CC(C)C)C(=O)O";"Ki";"'='";"58000.0";"nM";"4.24";"";"";"UO_0000065";"15.06";"0.32";"2.22";"3.86";"0";"CHEMBL2155991";"Inhibition of LAP";"B";"BAO_0000357";"single protein format";"None";"None";"None";"None";"None";"";"";"";"CHEMBL3965";"Leucine aminopeptidase";"Homo sapiens";"SINGLE PROTEIN";"CHEMBL2150865";"1";"Scientific Literature";"J Med Chem";"2011";"None";"";"";""
"CHEMBL3597463";"";"None";"318.80";"0";"2.14";"36";"COc1ccc(-c2cccc3c2CC(=O)C(N)CC3)cn1.Cl";"Inhibition";"";"";"%";"";"";"Not Active";"UO_0000187";"";"";"";"";"0";"CHEMBL3599793";"Inhibition of cytosolic leucine aminopeptidase (unknown origin) up to 100 uM";"B";"BAO_0000357";"single protein format";"Homo sapiens";"None";"None";"None";"None";"";"";"";"CHEMBL3965";"Leucine aminopeptidase";"Homo sapiens";"SINGLE PROTEIN";"CHEMBL3596108";"1";"Scientific Literature";"Bioorg Med Chem";"2015";"None";"";"";""
"CHEMBL3597465";"";"None";"318.80";"0";"2.14";"38";"COc1ncccc1-c1cccc2c1CC(=O)C(N)CC2.Cl";"Inhibition";"";"";"%";"";"";"Not Active";"UO_0000187";"";"";"";"";"0";"CHEMBL3599793";"Inhibition of cytosolic leucine aminopeptidase (unknown origin) up to 100 uM";"B";"BAO_0000357";"single protein format";"Homo sapiens";"None";"None";"None";"None";"";"";"";"CHEMBL3965";"Leucine aminopeptidase";"Homo sapiens";"SINGLE PROTEIN";"CHEMBL3596108";"1";"Scientific Literature";"Bioorg Med Chem";"2015";"None";"";"";""
"CHEMBL1821974";"";"None";"246.14";"0";"1.73";"3";"Cl.NC1CCc2c(Cl)cccc2CC1=O";"Inhibition";"";"";"%";"";"";"Not Active";"UO_0000187";"";"";"";"";"0";"CHEMBL3599793";"Inhibition of cytosolic leucine aminopeptidase (unknown origin) up to 100 uM";"B";"BAO_0000357";"single protein format";"Homo sapiens";"None";"None";"None";"None";"";"";"";"CHEMBL3965";"Leucine aminopeptidase";"Homo sapiens";"SINGLE PROTEIN";"CHEMBL3596108";"1";"Scientific Literature";"Bioorg Med Chem";"2015";"None";"";"";""
"CHEMBL1821978";"";"None";"287.79";"0";"2.74";"11";"Cl.NC1CCc2cccc(-c3ccccc3)c2CC1=O";"Inhibition";"";"";"%";"";"";"Not Active";"UO_0000187";"";"";"";"";"0";"CHEMBL3599793";"Inhibition of cytosolic leucine aminopeptidase (unknown origin) up to 100 uM";"B";"BAO_0000357";"single protein format";"Homo sapiens";"None";"None";"None";"None";"";"";"";"CHEMBL3965";"Leucine aminopeptidase";"Homo sapiens";"SINGLE PROTEIN";"CHEMBL3596108";"1";"Scientific Literature";"Bioorg Med Chem";"2015";"None";"";"";""
"CHEMBL3597445";"";"None";"312.80";"0";"2.61";"17";"Cl.N#Cc1ccc(-c2cccc3c2CC(=O)C(N)CC3)cc1";"Inhibition";"";"";"%";"";"";"Not Active";"UO_0000187";"";"";"";"";"0";"CHEMBL3599793";"Inhibition of cytosolic leucine aminopeptidase (unknown origin) up to 100 uM";"B";"BAO_0000357";"single protein format";"Homo sapiens";"None";"None";"None";"None";"";"";"";"CHEMBL3965";"Leucine aminopeptidase";"Homo sapiens";"SINGLE PROTEIN";"CHEMBL3596108";"1";"Scientific Literature";"Bioorg Med Chem";"2015";"None";"";"";""
"CHEMBL3597447";"";"None";"372.90";"0";"2.58";"20";"Cl.NC1CCc2cccc(-c3cccc(N4CCOCC4)c3)c2CC1=O";"Inhibition";"";"";"%";"";"";"Not Active";"UO_0000187";"";"";"";"";"0";"CHEMBL3599793";"Inhibition of cytosolic leucine aminopeptidase (unknown origin) up to 100 uM";"B";"BAO_0000357";"single protein format";"Homo sapiens";"None";"None";"None";"None";"";"";"";"CHEMBL3965";"Leucine aminopeptidase";"Homo sapiens";"SINGLE PROTEIN";"CHEMBL3596108";"1";"Scientific Literature";"Bioorg Med Chem";"2015";"None";"";"";""
"CHEMBL3597455";"";"None";"359.78";"0";"2.49";"28";"Cl.Cn1nc(C(F)(F)F)cc1-c1cccc2c1CC(=O)C(N)CC2";"Inhibition";"";"";"%";"";"";"Not Active";"UO_0000187";"";"";"";"";"0";"CHEMBL3599793";"Inhibition of cytosolic leucine aminopeptidase (unknown origin) up to 100 uM";"B";"BAO_0000357";"single protein format";"Homo sapiens";"None";"None";"None";"None";"";"";"";"CHEMBL3965";"Leucine aminopeptidase";"Homo sapiens";"SINGLE PROTEIN";"CHEMBL3596108";"1";"Scientific Literature";"Bioorg Med Chem";"2015";"None";"";"";""
"CHEMBL3597461";"";"None";"288.78";"0";"2.13";"34";"Cl.NC1CCc2cccc(-c3cccnc3)c2CC1=O";"Inhibition";"";"";"%";"";"";"Not Active";"UO_0000187";"";"";"";"";"0";"CHEMBL3599793";"Inhibition of cytosolic leucine aminopeptidase (unknown origin) up to 100 uM";"B";"BAO_0000357";"single protein format";"Homo sapiens";"None";"None";"None";"None";"";"";"";"CHEMBL3965";"Leucine aminopeptidase";"Homo sapiens";"SINGLE PROTEIN";"CHEMBL3596108";"1";"Scientific Literature";"Bioorg Med Chem";"2015";"None";"";"";""
"CHEMBL4203259";"";"None";"308.31";"0";"1.80";"58";"CC(C)CC(N)P(=O)(O)C(=O)N[C@H](CC(C)C)C(=O)O";"Ki";"'='";"56000.0";"nM";"4.25";"";"";"UO_0000065";"13.79";"0.29";"2.45";"3.28";"0";"CHEMBL4194821";"Inhibition of LAP (unknown origin)";"B";"BAO_0000357";"single protein format";"Homo sapiens";"None";"None";"None";"None";"";"";"";"CHEMBL3965";"Leucine aminopeptidase";"Homo sapiens";"SINGLE PROTEIN";"CHEMBL4190377";"1";"Scientific Literature";"J Med Chem";"2018";"None";"";"";""
"CHEMBL1821975";"";"None";"290.59";"0";"1.83";"2";"Cl.NC1CCc2c(Br)cccc2CC1=O";"Inhibition";"";"";"%";"";"";"Not Active";"UO_0000187";"";"";"";"";"0";"CHEMBL3599793";"Inhibition of cytosolic leucine aminopeptidase (unknown origin) up to 100 uM";"B";"BAO_0000357";"single protein format";"Homo sapiens";"None";"None";"None";"None";"";"";"";"CHEMBL3965";"Leucine aminopeptidase";"Homo sapiens";"SINGLE PROTEIN";"CHEMBL3596108";"1";"Scientific Literature";"Bioorg Med Chem";"2015";"None";"";"";""
"CHEMBL1821977";"";"None";"290.59";"0";"1.83";"10";"Cl.NC1CCc2cccc(Br)c2CC1=O";"Inhibition";"";"";"%";"";"";"Not Active";"UO_0000187";"";"";"";"";"0";"CHEMBL3599793";"Inhibition of cytosolic leucine aminopeptidase (unknown origin) up to 100 uM";"B";"BAO_0000357";"single protein format";"Homo sapiens";"None";"None";"None";"None";"";"";"";"CHEMBL3965";"Leucine aminopeptidase";"Homo sapiens";"SINGLE PROTEIN";"CHEMBL3596108";"1";"Scientific Literature";"Bioorg Med Chem";"2015";"None";"";"";""
"CHEMBL3596210";"";"None";"317.82";"0";"2.75";"19";"COc1cccc(-c2cccc3c2CC(=O)C(N)CC3)c1.Cl";"Inhibition";"";"";"%";"";"";"Not Active";"UO_0000187";"";"";"";"";"0";"CHEMBL3599793";"Inhibition of cytosolic leucine aminopeptidase (unknown origin) up to 100 uM";"B";"BAO_0000357";"single protein format";"Homo sapiens";"None";"None";"None";"None";"";"";"";"CHEMBL3965";"Leucine aminopeptidase";"Homo sapiens";"SINGLE PROTEIN";"CHEMBL3596108";"1";"Scientific Literature";"Bioorg Med Chem";"2015";"None";"";"";""
"CHEMBL3597450";"";"None";"370.88";"0";"2.63";"23";"Cl.NC1CCc2cccc(-c3cccc(C(=O)NC4CC4)c3)c2CC1=O";"Inhibition";"";"";"%";"";"";"Not Active";"UO_0000187";"";"";"";"";"0";"CHEMBL3599793";"Inhibition of cytosolic leucine aminopeptidase (unknown origin) up to 100 uM";"B";"BAO_0000357";"single protein format";"Homo sapiens";"None";"None";"None";"None";"";"";"";"CHEMBL3965";"Leucine aminopeptidase";"Homo sapiens";"SINGLE PROTEIN";"CHEMBL3596108";"1";"Scientific Literature";"Bioorg Med Chem";"2015";"None";"";"";""
"CHEMBL3597457";"";"None";"302.81";"0";"2.44";"30";"Cc1cc(-c2cccc3c2CC(=O)C(N)CC3)ccn1.Cl";"Inhibition";"";"";"%";"";"";"Not Active";"UO_0000187";"";"";"";"";"0";"CHEMBL3599793";"Inhibition of cytosolic leucine aminopeptidase (unknown origin) up to 100 uM";"B";"BAO_0000357";"single protein format";"Homo sapiens";"None";"None";"None";"None";"";"";"";"CHEMBL3965";"Leucine aminopeptidase";"Homo sapiens";"SINGLE PROTEIN";"CHEMBL3596108";"1";"Scientific Literature";"Bioorg Med Chem";"2015";"None";"";"";""
"CHEMBL3597449";"";"None";"330.82";"0";"1.84";"22";"Cl.NC(=O)c1cccc(-c2cccc3c2CC(=O)C(N)CC3)c1";"Inhibition";"";"";"%";"";"";"Not Active";"UO_0000187";"";"";"";"";"0";"CHEMBL3599793";"Inhibition of cytosolic leucine aminopeptidase (unknown origin) up to 100 uM";"B";"BAO_0000357";"single protein format";"Homo sapiens";"None";"None";"None";"None";"";"";"";"CHEMBL3965";"Leucine aminopeptidase";"Homo sapiens";"SINGLE PROTEIN";"CHEMBL3596108";"1";"Scientific Literature";"Bioorg Med Chem";"2015";"None";"";"";""
"CHEMBL4213478";"";"None";"213.13";"None";"None";"48";"CC(C)CC(N)B1OC(C)(C)C(C)(C)O1";"Ki";"'='";"1300.0";"nM";"5.89";"";"";"UO_0000065";"27.62";"None";"None";"None";"0";"CHEMBL4194821";"Inhibition of LAP (unknown origin)";"B";"BAO_0000357";"single protein format";"Homo sapiens";"None";"None";"None";"None";"";"";"";"CHEMBL3965";"Leucine aminopeptidase";"Homo sapiens";"SINGLE PROTEIN";"CHEMBL4190377";"1";"Scientific Literature";"J Med Chem";"2018";"None";"";"";""
"CHEMBL3597445";"";"None";"312.80";"0";"2.61";"17";"Cl.N#Cc1ccc(-c2cccc3c2CC(=O)C(N)CC3)cc1";"Ki";"'='";"35000.0";"nM";"4.46";"";"";"UO_0000065";"16.12";"0.29";"1.85";"6.66";"0";"CHEMBL3599795";"Inhibition of cytosolic leucine aminopeptidase (unknown origin)";"B";"BAO_0000357";"single protein format";"Homo sapiens";"None";"None";"None";"None";"";"";"";"CHEMBL3965";"Leucine aminopeptidase";"Homo sapiens";"SINGLE PROTEIN";"CHEMBL3596108";"1";"Scientific Literature";"Bioorg Med Chem";"2015";"None";"";"";""
"CHEMBL3597446";"";"None";"332.79";"0";"2.65";"18";"Cl.NC1CCc2cccc(-c3cccc([N+](=O)[O-])c3)c2CC1=O";"Inhibition";"";"";"%";"";"";"Not Active";"UO_0000187";"";"";"";"";"0";"CHEMBL3599793";"Inhibition of cytosolic leucine aminopeptidase (unknown origin) up to 100 uM";"B";"BAO_0000357";"single protein format";"Homo sapiens";"None";"None";"None";"None";"";"";"";"CHEMBL3965";"Leucine aminopeptidase";"Homo sapiens";"SINGLE PROTEIN";"CHEMBL3596108";"1";"Scientific Literature";"Bioorg Med Chem";"2015";"None";"";"";""
