"Molecule ChEMBL ID";"Molecule Name";"Molecule Max Phase";"Molecular Weight";"#RO5 Violations";"AlogP";"Compound Key";"Smiles";"Standard Type";"Standard Relation";"Standard Value";"Standard Units";"pChEMBL Value";"Data Validity Comment";"Comment";"Uo Units";"Ligand Efficiency BEI";"Ligand Efficiency LE";"Ligand Efficiency LLE";"Ligand Efficiency SEI";"Potential Duplicate";"Assay ChEMBL ID";"Assay Description";"Assay Type";"BAO Format ID";"BAO Label";"Assay Organism";"Assay Tissue ChEMBL ID";"Assay Tissue Name";"Assay Cell Type";"Assay Subcellular Fraction";"Assay Parameters";"Assay Variant Accession";"Assay Variant Mutation";"Target ChEMBL ID";"Target Name";"Target Organism";"Target Type";"Document ChEMBL ID";"Source ID";"Source Description";"Document Journal";"Document Year";"Cell ChEMBL ID";"Properties";"Action Type";"Standard Text Value"
"CHEMBL3237860";"";"None";"563.70";"1";"3.90";"1";"CC[C@H](C)[C@@H]1C(=O)O[C@H]1C(=O)N[C@H]1C[C@@H]1C[C@@H](CCc1ccccc1)NC(=O)[C@H](C)NC(=O)OCc1ccccc1";"IC50";"'='";"5.7";"nM";"8.24";"";"";"UO_0000065";"14.63";"0.27";"4.34";"6.71";"1";"CHEMBL3295791";"Inhibition of chymotrypsin-like of human 20S proteasome using chromophoric Suc-LLVY-AMC as substrate after 60 mins by fluorescence assay";"B";"BAO_0000223";"protein complex format";"Homo sapiens";"None";"None";"None";"None";"";"";"";"CHEMBL2364701";"26S proteasome";"Homo sapiens";"PROTEIN COMPLEX";"CHEMBL3286207";"1";"Scientific Literature";"Bioorg Med Chem";"2014";"None";"";"";""
"CHEMBL4437602";"";"None";"633.32";"2";"8.91";"7b";"C[C@H]1[C@H](C)CC[C@]2(C(=O)O)CC[C@]3(C)C(=CC[C@@H]4[C@@]5(C)CC(=C\c6ccc(Cl)cc6)/C(=N\NC(=N)N)C(C)(C)[C@@H]5CC[C@]43C)[C@H]12";"Inhibition";"";"";"%";"";"";"Not Active";"UO_0000187";"";"";"";"";"0";"CHEMBL4370613";"Inhibition of 26S proteosome in human Hep3B cells grown under in normoxic condition for 4 hrs assessed as downregulation of HIF1alpha level at 10 uM added together with cycloheximide and measured after up 45 mins post dose by Western blot analysis";"B";"BAO_0000219";"cell-based format";"Homo sapiens";"None";"None";"None";"None";"";"";"";"CHEMBL2364701";"26S proteasome";"Homo sapiens";"PROTEIN COMPLEX";"CHEMBL4368925";"1";"Scientific Literature";"Bioorg Med Chem Lett";"2019";"None";"";"";""
"CHEMBL3262742";"";"None";"570.69";"1";"3.56";"15b";"CC(C)C[C@H](NC(=O)CC(NC(=O)[C@H](Cc1ccccc1)NC(=O)c1cccnc1)c1ccccc1)C(=O)[C@@]1(C)CO1";"Inhibition";"'='";"0.48";"%";"";"";"";"UO_0000187";"";"";"";"";"0";"CHEMBL3266056";"Inhibition of chymotrypsin-like enzyme activity of purified human 20S proteasome using Suc-Leu-Leu-Val-Tyr-AMC as substrate at 1 ug/ml by fluorescence method";"B";"BAO_0000223";"protein complex format";"Homo sapiens";"None";"None";"None";"None";"";"";"";"CHEMBL2364701";"26S proteasome";"Homo sapiens";"PROTEIN COMPLEX";"CHEMBL3259806";"1";"Scientific Literature";"Bioorg Med Chem";"2014";"None";"";"";""
"CHEMBL3220221";"";"None";"441.51";"0";"2.13";"1";"CC(C)C[C@H](NC(=O)[C@H](Cc1ccccc1)NC(=O)c1cnccn1)c1nsc(=O)o1";"IC50";"'='";"108000.0";"nM";"";"Outside typical range";"";"UO_0000065";"";"";"";"";"0";"CHEMBL3222879";"Inhibition of human 20S proteasome using Suc-LLVY-AMC as substrate preincubated for 30 mins followed by substrate addition measured after 90 mins by fluorescence assay";"B";"BAO_0000223";"protein complex format";"Homo sapiens";"None";"None";"None";"None";"";"";"";"CHEMBL2364701";"26S proteasome";"Homo sapiens";"PROTEIN COMPLEX";"CHEMBL3217678";"1";"Scientific Literature";"Medchemcomm";"2011";"None";"";"";""
"CHEMBL3237866";"";"None";"717.76";"None";"None";"4b";"CC(=O)N[C@@H](CCC(=O)NCCC(COCc1ccccc1)COCc1ccccc1)C(=O)N[C@@H](CC(C)C)B1O[C@@H]2C[C@@H]3C[C@@H](C3(C)C)[C@]2(C)O1";"IC50";"'='";"5.7";"nM";"8.24";"";"";"UO_0000065";"11.49";"None";"None";"None";"0";"CHEMBL3240083";"Inhibition of chymotrypsin-like activity of human 20S proteasome using Suc-LLVY-AMC as substrate";"B";"BAO_0000223";"protein complex format";"Homo sapiens";"None";"None";"None";"None";"";"";"";"CHEMBL2364701";"26S proteasome";"Homo sapiens";"PROTEIN COMPLEX";"CHEMBL3232719";"1";"Scientific Literature";"J Med Chem";"2014";"None";"";"";""
"CHEMBL451887";"CARFILZOMIB";"4.0";"719.92";"1";"2.58";"carfilzomib";"CC(C)C[C@H](NC(=O)[C@H](CCc1ccccc1)NC(=O)CN1CCOCC1)C(=O)N[C@@H](Cc1ccccc1)C(=O)N[C@@H](CC(C)C)C(=O)[C@@]1(C)CO1";"Inhibition";"";"";"%";"";"";"Active";"UO_0000187";"";"";"";"";"0";"CHEMBL3242188";"Irreversible inhibition of chymotrypsin-like activity of human 20S proteasome using Suc-LLVY-AMC as substrate measured after drug wash-out";"B";"BAO_0000223";"protein complex format";"Homo sapiens";"None";"None";"None";"None";"";"";"";"CHEMBL2364701";"26S proteasome";"Homo sapiens";"PROTEIN COMPLEX";"CHEMBL3232719";"1";"Scientific Literature";"J Med Chem";"2014";"None";"";"";""
"CHEMBL3237866";"";"None";"717.76";"None";"None";"4b";"CC(=O)N[C@@H](CCC(=O)NCCC(COCc1ccccc1)COCc1ccccc1)C(=O)N[C@@H](CC(C)C)B1O[C@@H]2C[C@@H]3C[C@@H](C3(C)C)[C@]2(C)O1";"IC50";"'='";"2500.0";"nM";"5.60";"";"";"UO_0000065";"7.80";"None";"None";"None";"0";"CHEMBL3240085";"Inhibition of trypsin-like activity of human 20S proteasome using Ac-RLR-AMC as substrate";"B";"BAO_0000223";"protein complex format";"Homo sapiens";"None";"None";"None";"None";"";"";"";"CHEMBL2364701";"26S proteasome";"Homo sapiens";"PROTEIN COMPLEX";"CHEMBL3232719";"1";"Scientific Literature";"J Med Chem";"2014";"None";"";"";""
"CHEMBL3262751";"";"None";"571.68";"1";"2.95";"18a";"CC(C)C[C@H](NC(=O)[C@H](Cc1ccccc1)NC(=O)CC(NC(=O)c1cnccn1)c1ccccc1)C(=O)[C@@]1(C)CO1";"IC50";"";"";"";"";"";"Not Determined";"";"";"";"";"";"0";"CHEMBL3266057";"Inhibition of chymotrypsin-like enzyme activity of purified human 20S proteasome using Suc-Leu-Leu-Val-Tyr-AMC as substrate by fluorescence method";"B";"BAO_0000223";"protein complex format";"Homo sapiens";"None";"None";"None";"None";"";"";"";"CHEMBL2364701";"26S proteasome";"Homo sapiens";"PROTEIN COMPLEX";"CHEMBL3259806";"1";"Scientific Literature";"Bioorg Med Chem";"2014";"None";"";"";""
"CHEMBL3262746";"";"None";"537.66";"1";"2.76";"13a";"CC(C)C[C@H](NC(=O)c1cnccn1)C(=O)NC(CC(=O)N[C@@H](CC(C)C)C(=O)[C@@]1(C)CO1)c1ccccc1";"Inhibition";"'='";"9.01";"%";"";"";"";"UO_0000187";"";"";"";"";"0";"CHEMBL3266056";"Inhibition of chymotrypsin-like enzyme activity of purified human 20S proteasome using Suc-Leu-Leu-Val-Tyr-AMC as substrate at 1 ug/ml by fluorescence method";"B";"BAO_0000223";"protein complex format";"Homo sapiens";"None";"None";"None";"None";"";"";"";"CHEMBL2364701";"26S proteasome";"Homo sapiens";"PROTEIN COMPLEX";"CHEMBL3259806";"1";"Scientific Literature";"Bioorg Med Chem";"2014";"None";"";"";""
"CHEMBL325041";"BORTEZOMIB";"4.0";"384.25";"None";"None";"1";"CC(C)C[C@H](NC(=O)[C@H](Cc1ccccc1)NC(=O)c1cnccn1)B(O)O";"Inhibition";"";"";"%";"";"";"Active";"UO_0000187";"";"";"";"";"0";"CHEMBL3223128";"Inhibition of 20S proteasome in human MelJuSo UbG76V-YFP cells assessed as accumulation of UbG76V-YFP protein at 0.1 uM after 6 hrs by immunoblot method";"B";"BAO_0000219";"cell-based format";"Homo sapiens";"None";"None";"MelJuSo UbG76V-YFP";"None";"";"";"";"CHEMBL2364701";"26S proteasome";"Homo sapiens";"PROTEIN COMPLEX";"CHEMBL3217720";"1";"Scientific Literature";"Medchemcomm";"2014";"None";"";"";""
"CHEMBL3291291";"";"None";"489.61";"0";"1.88";"4";"CC(=O)N[C@@H](CC(=O)NCCCCOCc1ccccc1)C(=O)N[C@@H](CC(C)C)C(=O)[C@@]1(C)CO1";"IC50";"'='";"5700.0";"nM";"5.24";"";"";"UO_0000065";"10.71";"0.20";"3.36";"4.16";"0";"CHEMBL3295791";"Inhibition of chymotrypsin-like of human 20S proteasome using chromophoric Suc-LLVY-AMC as substrate after 60 mins by fluorescence assay";"B";"BAO_0000223";"protein complex format";"Homo sapiens";"None";"None";"None";"None";"";"";"";"CHEMBL2364701";"26S proteasome";"Homo sapiens";"PROTEIN COMPLEX";"CHEMBL3286207";"1";"Scientific Literature";"Bioorg Med Chem";"2014";"None";"";"";""
"CHEMBL451887";"CARFILZOMIB";"4.0";"719.92";"1";"2.58";"Carfilzomib";"CC(C)C[C@H](NC(=O)[C@H](CCc1ccccc1)NC(=O)CN1CCOCC1)C(=O)N[C@@H](Cc1ccccc1)C(=O)N[C@@H](CC(C)C)C(=O)[C@@]1(C)CO1";"IC50";"'='";"8.6";"nM";"8.07";"";"";"UO_0000065";"11.20";"0.21";"5.49";"5.09";"0";"CHEMBL3266057";"Inhibition of chymotrypsin-like enzyme activity of purified human 20S proteasome using Suc-Leu-Leu-Val-Tyr-AMC as substrate by fluorescence method";"B";"BAO_0000223";"protein complex format";"Homo sapiens";"None";"None";"None";"None";"";"";"";"CHEMBL2364701";"26S proteasome";"Homo sapiens";"PROTEIN COMPLEX";"CHEMBL3259806";"1";"Scientific Literature";"Bioorg Med Chem";"2014";"None";"";"";""
"CHEMBL3237868";"";"None";"834.69";"None";"None";"6a";"CC(C)C[C@H](NC(=O)[C@H](CC(=O)NCCC(COCc1ccccc1)COCc1ccccc1)NC(=O)c1cc(Cl)ccc1Cl)B1O[C@@H]2C[C@@H]3C[C@@H](C3(C)C)[C@]2(C)O1";"IC50";"'='";"250.0";"nM";"6.60";"";"";"UO_0000065";"7.91";"None";"None";"None";"0";"CHEMBL3240084";"Inhibition of caspase-like activity of human 20S proteasome using Ac-nLPnLD-AMC as substrate";"B";"BAO_0000223";"protein complex format";"Homo sapiens";"None";"None";"None";"None";"";"";"";"CHEMBL2364701";"26S proteasome";"Homo sapiens";"PROTEIN COMPLEX";"CHEMBL3232719";"1";"Scientific Literature";"J Med Chem";"2014";"None";"";"";""
"CHEMBL3262746";"";"None";"537.66";"1";"2.76";"13a";"CC(C)C[C@H](NC(=O)c1cnccn1)C(=O)NC(CC(=O)N[C@@H](CC(C)C)C(=O)[C@@]1(C)CO1)c1ccccc1";"IC50";"";"";"";"";"";"Not Determined";"";"";"";"";"";"0";"CHEMBL3266057";"Inhibition of chymotrypsin-like enzyme activity of purified human 20S proteasome using Suc-Leu-Leu-Val-Tyr-AMC as substrate by fluorescence method";"B";"BAO_0000223";"protein complex format";"Homo sapiens";"None";"None";"None";"None";"";"";"";"CHEMBL2364701";"26S proteasome";"Homo sapiens";"PROTEIN COMPLEX";"CHEMBL3259806";"1";"Scientific Literature";"Bioorg Med Chem";"2014";"None";"";"";""
"CHEMBL3262753";"";"None";"569.70";"1";"4.16";"18c";"CC(C)C[C@H](NC(=O)[C@H](Cc1ccccc1)NC(=O)CC(NC(=O)c1ccccc1)c1ccccc1)C(=O)[C@@]1(C)CO1";"IC50";"'='";"440.0";"nM";"6.36";"";"";"UO_0000065";"11.16";"0.21";"2.20";"5.44";"0";"CHEMBL3266057";"Inhibition of chymotrypsin-like enzyme activity of purified human 20S proteasome using Suc-Leu-Leu-Val-Tyr-AMC as substrate by fluorescence method";"B";"BAO_0000223";"protein complex format";"Homo sapiens";"None";"None";"None";"None";"";"";"";"CHEMBL2364701";"26S proteasome";"Homo sapiens";"PROTEIN COMPLEX";"CHEMBL3259806";"1";"Scientific Literature";"Bioorg Med Chem";"2014";"None";"";"";""
"CHEMBL3262738";"";"None";"569.70";"1";"4.16";"10c";"CC(C)C[C@H](NC(=O)c1ccccc1)C(=O)NC(CC(=O)N[C@@H](Cc1ccccc1)C(=O)[C@@]1(C)CO1)c1ccccc1";"Inhibition";"'='";"1.56";"%";"";"";"";"UO_0000187";"";"";"";"";"0";"CHEMBL3266056";"Inhibition of chymotrypsin-like enzyme activity of purified human 20S proteasome using Suc-Leu-Leu-Val-Tyr-AMC as substrate at 1 ug/ml by fluorescence method";"B";"BAO_0000223";"protein complex format";"Homo sapiens";"None";"None";"None";"None";"";"";"";"CHEMBL2364701";"26S proteasome";"Homo sapiens";"PROTEIN COMPLEX";"CHEMBL3259806";"1";"Scientific Literature";"Bioorg Med Chem";"2014";"None";"";"";""
"CHEMBL3237872";"";"None";"435.37";"None";"None";"10a";"CNC(=O)C[C@H](NC(C)=O)C(=O)N[C@@H](CC(C)C)B1O[C@@H]2C[C@@H]3C[C@@H](C3(C)C)[C@]2(C)O1";"IC50";"'='";"54.0";"nM";"7.27";"";"";"UO_0000065";"16.69";"None";"None";"None";"0";"CHEMBL3240083";"Inhibition of chymotrypsin-like activity of human 20S proteasome using Suc-LLVY-AMC as substrate";"B";"BAO_0000223";"protein complex format";"Homo sapiens";"None";"None";"None";"None";"";"";"";"CHEMBL2364701";"26S proteasome";"Homo sapiens";"PROTEIN COMPLEX";"CHEMBL3232719";"1";"Scientific Literature";"J Med Chem";"2014";"None";"";"";""
"CHEMBL3262765";"";"None";"637.70";"2";"5.18";"20f";"CC(C)C[C@H](NC(=O)[C@H](Cc1ccccc1)NC(=O)C[C@@H](NC(=O)c1ccc(C(F)(F)F)cc1)c1ccccc1)C(=O)[C@@]1(C)CO1";"IC50";"'='";"170.0";"nM";"6.77";"";"";"UO_0000065";"10.62";"0.20";"1.59";"5.79";"0";"CHEMBL3266057";"Inhibition of chymotrypsin-like enzyme activity of purified human 20S proteasome using Suc-Leu-Leu-Val-Tyr-AMC as substrate by fluorescence method";"B";"BAO_0000223";"protein complex format";"Homo sapiens";"None";"None";"None";"None";"";"";"";"CHEMBL2364701";"26S proteasome";"Homo sapiens";"PROTEIN COMPLEX";"CHEMBL3259806";"1";"Scientific Literature";"Bioorg Med Chem";"2014";"None";"";"";""
"CHEMBL3262767";"";"None";"637.70";"2";"5.18";"22f";"CC(C)C[C@H](NC(=O)[C@H](Cc1ccccc1)NC(=O)C[C@H](NC(=O)c1ccc(C(F)(F)F)cc1)c1ccccc1)C(=O)[C@@]1(C)CO1";"IC50";"";"";"";"";"";"Not Determined";"";"";"";"";"";"0";"CHEMBL3266057";"Inhibition of chymotrypsin-like enzyme activity of purified human 20S proteasome using Suc-Leu-Leu-Val-Tyr-AMC as substrate by fluorescence method";"B";"BAO_0000223";"protein complex format";"Homo sapiens";"None";"None";"None";"None";"";"";"";"CHEMBL2364701";"26S proteasome";"Homo sapiens";"PROTEIN COMPLEX";"CHEMBL3259806";"1";"Scientific Literature";"Bioorg Med Chem";"2014";"None";"";"";""
"CHEMBL4543163";"";"None";"293.32";"0";"3.88";"C18";"NCc1ccc(OC(=O)Oc2cccc3ccccc23)cc1";"Inhibition";"";"";"%";"";"";"Not Active";"UO_0000187";"";"";"";"";"0";"CHEMBL4372638";"Inhibition of 26S proteasome in HEK293T cells expressing GFP-fused Ub G76V mutant assessed as increase in GFP fluorescence";"B";"BAO_0000219";"cell-based format";"Homo sapiens";"None";"None";"None";"None";"";"";"";"CHEMBL2364701";"26S proteasome";"Homo sapiens";"PROTEIN COMPLEX";"CHEMBL4371052";"1";"Scientific Literature";"Bioorg Med Chem Lett";"2019";"None";"";"";""
"CHEMBL3220221";"";"None";"441.51";"0";"2.13";"1";"CC(C)C[C@H](NC(=O)[C@H](Cc1ccccc1)NC(=O)c1cnccn1)c1nsc(=O)o1";"Inhibition";"";"";"%";"";"";"Active";"UO_0000187";"";"";"";"";"0";"CHEMBL3222884";"Inhibition of 20S proteasome in human HeLa cells expressing GFP-tagged ubiquitin G76V mutant at 23 uM after 16 hrs by fluorescence assay";"B";"BAO_0000219";"cell-based format";"Homo sapiens";"None";"None";"HeLa";"None";"";"";"";"CHEMBL2364701";"26S proteasome";"Homo sapiens";"PROTEIN COMPLEX";"CHEMBL3217678";"1";"Scientific Literature";"Medchemcomm";"2011";"CHEMBL3308376";"";"";""
"CHEMBL3262749";"";"None";"553.68";"1";"4.11";"13d";"CC(C)C[C@H](NC(=O)c1ccc(F)cc1)C(=O)NC(CC(=O)N[C@@H](CC(C)C)C(=O)[C@@]1(C)CO1)c1ccccc1";"Inhibition";"'='";"5.46";"%";"";"";"";"UO_0000187";"";"";"";"";"0";"CHEMBL3266056";"Inhibition of chymotrypsin-like enzyme activity of purified human 20S proteasome using Suc-Leu-Leu-Val-Tyr-AMC as substrate at 1 ug/ml by fluorescence method";"B";"BAO_0000223";"protein complex format";"Homo sapiens";"None";"None";"None";"None";"";"";"";"CHEMBL2364701";"26S proteasome";"Homo sapiens";"PROTEIN COMPLEX";"CHEMBL3259806";"1";"Scientific Literature";"Bioorg Med Chem";"2014";"None";"";"";""
"CHEMBL3262765";"";"None";"637.70";"2";"5.18";"20f";"CC(C)C[C@H](NC(=O)[C@H](Cc1ccccc1)NC(=O)C[C@@H](NC(=O)c1ccc(C(F)(F)F)cc1)c1ccccc1)C(=O)[C@@]1(C)CO1";"Inhibition";"'='";"84.44";"%";"";"";"";"UO_0000187";"";"";"";"";"0";"CHEMBL3266056";"Inhibition of chymotrypsin-like enzyme activity of purified human 20S proteasome using Suc-Leu-Leu-Val-Tyr-AMC as substrate at 1 ug/ml by fluorescence method";"B";"BAO_0000223";"protein complex format";"Homo sapiens";"None";"None";"None";"None";"";"";"";"CHEMBL2364701";"26S proteasome";"Homo sapiens";"PROTEIN COMPLEX";"CHEMBL3259806";"1";"Scientific Literature";"Bioorg Med Chem";"2014";"None";"";"";""
"CHEMBL3262737";"";"None";"570.69";"1";"3.56";"10b";"CC(C)C[C@H](NC(=O)c1cccnc1)C(=O)NC(CC(=O)N[C@@H](Cc1ccccc1)C(=O)[C@@]1(C)CO1)c1ccccc1";"IC50";"";"";"";"";"";"Not Determined";"";"";"";"";"";"0";"CHEMBL3266057";"Inhibition of chymotrypsin-like enzyme activity of purified human 20S proteasome using Suc-Leu-Leu-Val-Tyr-AMC as substrate by fluorescence method";"B";"BAO_0000223";"protein complex format";"Homo sapiens";"None";"None";"None";"None";"";"";"";"CHEMBL2364701";"26S proteasome";"Homo sapiens";"PROTEIN COMPLEX";"CHEMBL3259806";"1";"Scientific Literature";"Bioorg Med Chem";"2014";"None";"";"";""
"CHEMBL3262749";"";"None";"553.68";"1";"4.11";"13d";"CC(C)C[C@H](NC(=O)c1ccc(F)cc1)C(=O)NC(CC(=O)N[C@@H](CC(C)C)C(=O)[C@@]1(C)CO1)c1ccccc1";"IC50";"";"";"";"";"";"Not Determined";"";"";"";"";"";"0";"CHEMBL3266057";"Inhibition of chymotrypsin-like enzyme activity of purified human 20S proteasome using Suc-Leu-Leu-Val-Tyr-AMC as substrate by fluorescence method";"B";"BAO_0000223";"protein complex format";"Homo sapiens";"None";"None";"None";"None";"";"";"";"CHEMBL2364701";"26S proteasome";"Homo sapiens";"PROTEIN COMPLEX";"CHEMBL3259806";"1";"Scientific Literature";"Bioorg Med Chem";"2014";"None";"";"";""
"CHEMBL3262764";"";"None";"592.74";"1";"2.18";"18n";"CC(C)C[C@H](NC(=O)[C@H](Cc1ccccc1)NC(=O)CC(NC(=O)CN1CCOCC1)c1ccccc1)C(=O)[C@@]1(C)CO1";"IC50";"";"";"";"";"";"Not Determined";"";"";"";"";"";"0";"CHEMBL3266057";"Inhibition of chymotrypsin-like enzyme activity of purified human 20S proteasome using Suc-Leu-Leu-Val-Tyr-AMC as substrate by fluorescence method";"B";"BAO_0000223";"protein complex format";"Homo sapiens";"None";"None";"None";"None";"";"";"";"CHEMBL2364701";"26S proteasome";"Homo sapiens";"PROTEIN COMPLEX";"CHEMBL3259806";"1";"Scientific Literature";"Bioorg Med Chem";"2014";"None";"";"";""
"CHEMBL3262739";"";"None";"587.69";"1";"4.30";"10d";"CC(C)C[C@H](NC(=O)c1ccc(F)cc1)C(=O)NC(CC(=O)N[C@@H](Cc1ccccc1)C(=O)[C@@]1(C)CO1)c1ccccc1";"IC50";"";"";"";"";"";"Not Determined";"";"";"";"";"";"0";"CHEMBL3266057";"Inhibition of chymotrypsin-like enzyme activity of purified human 20S proteasome using Suc-Leu-Leu-Val-Tyr-AMC as substrate by fluorescence method";"B";"BAO_0000223";"protein complex format";"Homo sapiens";"None";"None";"None";"None";"";"";"";"CHEMBL2364701";"26S proteasome";"Homo sapiens";"PROTEIN COMPLEX";"CHEMBL3259806";"1";"Scientific Literature";"Bioorg Med Chem";"2014";"None";"";"";""
"CHEMBL3262742";"";"None";"570.69";"1";"3.56";"15b";"CC(C)C[C@H](NC(=O)CC(NC(=O)[C@H](Cc1ccccc1)NC(=O)c1cccnc1)c1ccccc1)C(=O)[C@@]1(C)CO1";"IC50";"";"";"";"";"";"Not Determined";"";"";"";"";"";"0";"CHEMBL3266057";"Inhibition of chymotrypsin-like enzyme activity of purified human 20S proteasome using Suc-Leu-Leu-Val-Tyr-AMC as substrate by fluorescence method";"B";"BAO_0000223";"protein complex format";"Homo sapiens";"None";"None";"None";"None";"";"";"";"CHEMBL2364701";"26S proteasome";"Homo sapiens";"PROTEIN COMPLEX";"CHEMBL3259806";"1";"Scientific Literature";"Bioorg Med Chem";"2014";"None";"";"";""
"CHEMBL3237863";"";"None";"703.73";"None";"None";"4a";"CC(=O)N[C@@H](CC(=O)NCCC(COCc1ccccc1)COCc1ccccc1)C(=O)N[C@@H](CC(C)C)B1O[C@@H]2C[C@@H]3C[C@@H](C3(C)C)[C@]2(C)O1";"IC50";"'='";"2.7";"nM";"8.57";"";"";"UO_0000065";"12.18";"None";"None";"None";"0";"CHEMBL3240083";"Inhibition of chymotrypsin-like activity of human 20S proteasome using Suc-LLVY-AMC as substrate";"B";"BAO_0000223";"protein complex format";"Homo sapiens";"None";"None";"None";"None";"";"";"";"CHEMBL2364701";"26S proteasome";"Homo sapiens";"PROTEIN COMPLEX";"CHEMBL3232719";"1";"Scientific Literature";"J Med Chem";"2014";"None";"";"";""
"CHEMBL3237873";"";"None";"583.58";"None";"None";"11a";"CC(=O)N[C@@H](CC(=O)NCCCCOCc1ccccc1)C(=O)N[C@@H](CC(C)C)B1O[C@@H]2C[C@@H]3C[C@@H](C3(C)C)[C@]2(C)O1";"IC50";"'='";"4.8";"nM";"8.32";"";"";"UO_0000065";"14.25";"None";"None";"None";"0";"CHEMBL3240083";"Inhibition of chymotrypsin-like activity of human 20S proteasome using Suc-LLVY-AMC as substrate";"B";"BAO_0000223";"protein complex format";"Homo sapiens";"None";"None";"None";"None";"";"";"";"CHEMBL2364701";"26S proteasome";"Homo sapiens";"PROTEIN COMPLEX";"CHEMBL3232719";"1";"Scientific Literature";"J Med Chem";"2014";"None";"";"";""
"CHEMBL3237870";"";"None";"767.78";"None";"None";"8a";"CC(C)C[C@H](NC(=O)[C@H](CC(=O)NCCC(COCc1ccccc1)COCc1ccccc1)NC(=O)c1cnccn1)B1O[C@@H]2C[C@@H]3C[C@@H](C3(C)C)[C@]2(C)O1";"IC50";"'='";"210.0";"nM";"6.68";"";"";"UO_0000065";"8.70";"None";"None";"None";"0";"CHEMBL3240084";"Inhibition of caspase-like activity of human 20S proteasome using Ac-nLPnLD-AMC as substrate";"B";"BAO_0000223";"protein complex format";"Homo sapiens";"None";"None";"None";"None";"";"";"";"CHEMBL2364701";"26S proteasome";"Homo sapiens";"PROTEIN COMPLEX";"CHEMBL3232719";"1";"Scientific Literature";"J Med Chem";"2014";"None";"";"";""
"CHEMBL325041";"BORTEZOMIB";"4.0";"384.25";"None";"None";"bortezomib";"CC(C)C[C@H](NC(=O)[C@H](Cc1ccccc1)NC(=O)c1cnccn1)B(O)O";"IC50";"'='";"2000.0";"nM";"5.70";"";"";"UO_0000065";"14.83";"None";"None";"None";"0";"CHEMBL3240085";"Inhibition of trypsin-like activity of human 20S proteasome using Ac-RLR-AMC as substrate";"B";"BAO_0000223";"protein complex format";"Homo sapiens";"None";"None";"None";"None";"";"";"";"CHEMBL2364701";"26S proteasome";"Homo sapiens";"PROTEIN COMPLEX";"CHEMBL3232719";"1";"Scientific Literature";"J Med Chem";"2014";"None";"";"";""
"CHEMBL3220222";"";"None";"441.51";"0";"2.13";"7";"CC(C)C[C@@H](NC(=O)[C@H](Cc1ccccc1)NC(=O)c1cnccn1)c1nsc(=O)o1";"Inhibition";"";"";"%";"";"";"Not Active";"UO_0000187";"";"";"";"";"0";"CHEMBL3222884";"Inhibition of 20S proteasome in human HeLa cells expressing GFP-tagged ubiquitin G76V mutant at 23 uM after 16 hrs by fluorescence assay";"B";"BAO_0000219";"cell-based format";"Homo sapiens";"None";"None";"HeLa";"None";"";"";"";"CHEMBL2364701";"26S proteasome";"Homo sapiens";"PROTEIN COMPLEX";"CHEMBL3217678";"1";"Scientific Literature";"Medchemcomm";"2011";"CHEMBL3308376";"";"";""
"CHEMBL3262741";"";"None";"571.68";"1";"2.95";"15a";"CC(C)C[C@H](NC(=O)CC(NC(=O)[C@H](Cc1ccccc1)NC(=O)c1cnccn1)c1ccccc1)C(=O)[C@@]1(C)CO1";"Inhibition";"'='";"1.51";"%";"";"";"";"UO_0000187";"";"";"";"";"0";"CHEMBL3266056";"Inhibition of chymotrypsin-like enzyme activity of purified human 20S proteasome using Suc-Leu-Leu-Val-Tyr-AMC as substrate at 1 ug/ml by fluorescence method";"B";"BAO_0000223";"protein complex format";"Homo sapiens";"None";"None";"None";"None";"";"";"";"CHEMBL2364701";"26S proteasome";"Homo sapiens";"PROTEIN COMPLEX";"CHEMBL3259806";"1";"Scientific Literature";"Bioorg Med Chem";"2014";"None";"";"";""
"CHEMBL3291290";"";"None";"609.76";"1";"3.33";"3";"CC(=O)N[C@@H](CC(=O)NCCC(COCc1ccccc1)COCc1ccccc1)C(=O)N[C@@H](CC(C)C)C(=O)[C@@]1(C)CO1";"IC50";"'='";"2300.0";"nM";"5.64";"";"";"UO_0000065";"9.25";"0.18";"2.31";"4.17";"0";"CHEMBL3295791";"Inhibition of chymotrypsin-like of human 20S proteasome using chromophoric Suc-LLVY-AMC as substrate after 60 mins by fluorescence assay";"B";"BAO_0000223";"protein complex format";"Homo sapiens";"None";"None";"None";"None";"";"";"";"CHEMBL2364701";"26S proteasome";"Homo sapiens";"PROTEIN COMPLEX";"CHEMBL3286207";"1";"Scientific Literature";"Bioorg Med Chem";"2014";"None";"";"";""
"CHEMBL3262743";"";"None";"569.70";"1";"4.16";"15c";"CC(C)C[C@H](NC(=O)CC(NC(=O)[C@H](Cc1ccccc1)NC(=O)c1ccccc1)c1ccccc1)C(=O)[C@@]1(C)CO1";"Inhibition";"'='";"0.3";"%";"";"";"";"UO_0000187";"";"";"";"";"0";"CHEMBL3266056";"Inhibition of chymotrypsin-like enzyme activity of purified human 20S proteasome using Suc-Leu-Leu-Val-Tyr-AMC as substrate at 1 ug/ml by fluorescence method";"B";"BAO_0000223";"protein complex format";"Homo sapiens";"None";"None";"None";"None";"";"";"";"CHEMBL2364701";"26S proteasome";"Homo sapiens";"PROTEIN COMPLEX";"CHEMBL3259806";"1";"Scientific Literature";"Bioorg Med Chem";"2014";"None";"";"";""
"CHEMBL3262753";"";"None";"569.70";"1";"4.16";"18c";"CC(C)C[C@H](NC(=O)[C@H](Cc1ccccc1)NC(=O)CC(NC(=O)c1ccccc1)c1ccccc1)C(=O)[C@@]1(C)CO1";"Inhibition";"'='";"88.55";"%";"";"";"";"UO_0000187";"";"";"";"";"0";"CHEMBL3266056";"Inhibition of chymotrypsin-like enzyme activity of purified human 20S proteasome using Suc-Leu-Leu-Val-Tyr-AMC as substrate at 1 ug/ml by fluorescence method";"B";"BAO_0000223";"protein complex format";"Homo sapiens";"None";"None";"None";"None";"";"";"";"CHEMBL2364701";"26S proteasome";"Homo sapiens";"PROTEIN COMPLEX";"CHEMBL3259806";"1";"Scientific Literature";"Bioorg Med Chem";"2014";"None";"";"";""
"CHEMBL3237861";"";"None";"453.58";"0";"4.13";"2";"CC[C@H](C)[C@@H]1C(=O)O[C@H]1C(=O)NCCC(COCc1ccccc1)COCc1ccccc1";"IC50";"'='";"29.0";"nM";"7.54";"";"";"UO_0000065";"16.62";"0.31";"3.41";"10.21";"1";"CHEMBL3295791";"Inhibition of chymotrypsin-like of human 20S proteasome using chromophoric Suc-LLVY-AMC as substrate after 60 mins by fluorescence assay";"B";"BAO_0000223";"protein complex format";"Homo sapiens";"None";"None";"None";"None";"";"";"";"CHEMBL2364701";"26S proteasome";"Homo sapiens";"PROTEIN COMPLEX";"CHEMBL3286207";"1";"Scientific Literature";"Bioorg Med Chem";"2014";"None";"";"";""
"CHEMBL3262736";"";"None";"571.68";"1";"2.95";"10a";"CC(C)C[C@H](NC(=O)c1cnccn1)C(=O)NC(CC(=O)N[C@@H](Cc1ccccc1)C(=O)[C@@]1(C)CO1)c1ccccc1";"Inhibition";"'='";"8.7";"%";"";"";"";"UO_0000187";"";"";"";"";"0";"CHEMBL3266056";"Inhibition of chymotrypsin-like enzyme activity of purified human 20S proteasome using Suc-Leu-Leu-Val-Tyr-AMC as substrate at 1 ug/ml by fluorescence method";"B";"BAO_0000223";"protein complex format";"Homo sapiens";"None";"None";"None";"None";"";"";"";"CHEMBL2364701";"26S proteasome";"Homo sapiens";"PROTEIN COMPLEX";"CHEMBL3259806";"1";"Scientific Literature";"Bioorg Med Chem";"2014";"None";"";"";""
"CHEMBL3262760";"";"None";"559.66";"1";"3.76";"18j";"CC(C)C[C@H](NC(=O)[C@H](Cc1ccccc1)NC(=O)CC(NC(=O)c1ccco1)c1ccccc1)C(=O)[C@@]1(C)CO1";"IC50";"";"";"";"";"";"Not Determined";"";"";"";"";"";"0";"CHEMBL3266057";"Inhibition of chymotrypsin-like enzyme activity of purified human 20S proteasome using Suc-Leu-Leu-Val-Tyr-AMC as substrate by fluorescence method";"B";"BAO_0000223";"protein complex format";"Homo sapiens";"None";"None";"None";"None";"";"";"";"CHEMBL2364701";"26S proteasome";"Homo sapiens";"PROTEIN COMPLEX";"CHEMBL3259806";"1";"Scientific Literature";"Bioorg Med Chem";"2014";"None";"";"";""
"CHEMBL325041";"BORTEZOMIB";"4.0";"384.25";"None";"None";"Velcade";"CC(C)C[C@H](NC(=O)[C@H](Cc1ccccc1)NC(=O)c1cnccn1)B(O)O";"IC50";"'='";"2.56";"nM";"8.59";"";"";"UO_0000065";"22.36";"None";"None";"None";"0";"CHEMBL3222879";"Inhibition of human 20S proteasome using Suc-LLVY-AMC as substrate preincubated for 30 mins followed by substrate addition measured after 90 mins by fluorescence assay";"B";"BAO_0000223";"protein complex format";"Homo sapiens";"None";"None";"None";"None";"";"";"";"CHEMBL2364701";"26S proteasome";"Homo sapiens";"PROTEIN COMPLEX";"CHEMBL3217678";"1";"Scientific Literature";"Medchemcomm";"2011";"None";"";"";""
"CHEMBL325041";"BORTEZOMIB";"4.0";"384.25";"None";"None";"Velcade";"CC(C)C[C@H](NC(=O)[C@H](Cc1ccccc1)NC(=O)c1cnccn1)B(O)O";"Inhibition";"";"";"%";"";"";"Active";"UO_0000187";"";"";"";"";"0";"CHEMBL3223124";"Inhibition of erythrocyte 20S proteasome (unknown origin) assessed as inhibition of chymotrypsin activity after 15 mins using Suc-LLVY-AMC substrate by fluorescence assay";"B";"BAO_0000223";"protein complex format";"Homo sapiens";"None";"None";"None";"None";"";"";"";"CHEMBL2364701";"26S proteasome";"Homo sapiens";"PROTEIN COMPLEX";"CHEMBL3217720";"1";"Scientific Literature";"Medchemcomm";"2014";"None";"";"";""
"CHEMBL3237871";"";"None";"842.89";"None";"None";"9a";"CC(C)C[C@H](NC(=O)[C@H](CC(=O)NCCC(COCc1ccccc1)COCc1ccccc1)NC(=O)c1cccc(-c2ccccc2)n1)B1O[C@@H]2C[C@@H]3C[C@@H](C3(C)C)[C@]2(C)O1";"IC50";"'='";"7.5";"nM";"8.12";"";"";"UO_0000065";"9.64";"None";"None";"None";"0";"CHEMBL3240083";"Inhibition of chymotrypsin-like activity of human 20S proteasome using Suc-LLVY-AMC as substrate";"B";"BAO_0000223";"protein complex format";"Homo sapiens";"None";"None";"None";"None";"";"";"";"CHEMBL2364701";"26S proteasome";"Homo sapiens";"PROTEIN COMPLEX";"CHEMBL3232719";"1";"Scientific Literature";"J Med Chem";"2014";"None";"";"";""
"CHEMBL3237864";"";"None";"717.76";"None";"None";"5a";"CC(=O)N[C@@H](CC(=O)NCCCC(COCc1ccccc1)COCc1ccccc1)C(=O)N[C@@H](CC(C)C)B1O[C@@H]2C[C@@H]3C[C@@H](C3(C)C)[C@]2(C)O1";"IC50";"'='";"120.0";"nM";"6.92";"";"";"UO_0000065";"9.64";"None";"None";"None";"0";"CHEMBL3240084";"Inhibition of caspase-like activity of human 20S proteasome using Ac-nLPnLD-AMC as substrate";"B";"BAO_0000223";"protein complex format";"Homo sapiens";"None";"None";"None";"None";"";"";"";"CHEMBL2364701";"26S proteasome";"Homo sapiens";"PROTEIN COMPLEX";"CHEMBL3232719";"1";"Scientific Literature";"J Med Chem";"2014";"None";"";"";""
"CHEMBL3237869";"";"None";"765.80";"None";"None";"7a";"CC(C)C[C@H](NC(=O)[C@H](CC(=O)NCCC(COCc1ccccc1)COCc1ccccc1)NC(=O)c1ccccc1)B1O[C@@H]2C[C@@H]3C[C@@H](C3(C)C)[C@]2(C)O1";"IC50";"'='";"130.0";"nM";"6.89";"";"";"UO_0000065";"8.99";"None";"None";"None";"0";"CHEMBL3240084";"Inhibition of caspase-like activity of human 20S proteasome using Ac-nLPnLD-AMC as substrate";"B";"BAO_0000223";"protein complex format";"Homo sapiens";"None";"None";"None";"None";"";"";"";"CHEMBL2364701";"26S proteasome";"Homo sapiens";"PROTEIN COMPLEX";"CHEMBL3232719";"1";"Scientific Literature";"J Med Chem";"2014";"None";"";"";""
"CHEMBL3237873";"";"None";"583.58";"None";"None";"11a";"CC(=O)N[C@@H](CC(=O)NCCCCOCc1ccccc1)C(=O)N[C@@H](CC(C)C)B1O[C@@H]2C[C@@H]3C[C@@H](C3(C)C)[C@]2(C)O1";"IC50";"'='";"2170.0";"nM";"5.66";"";"";"UO_0000065";"9.70";"None";"None";"None";"0";"CHEMBL3240085";"Inhibition of trypsin-like activity of human 20S proteasome using Ac-RLR-AMC as substrate";"B";"BAO_0000223";"protein complex format";"Homo sapiens";"None";"None";"None";"None";"";"";"";"CHEMBL2364701";"26S proteasome";"Homo sapiens";"PROTEIN COMPLEX";"CHEMBL3232719";"1";"Scientific Literature";"J Med Chem";"2014";"None";"";"";""
"CHEMBL3262762";"";"None";"577.72";"1";"3.28";"18l";"CC(C)C[C@H](NC(=O)[C@H](Cc1ccccc1)NC(=O)CC(NC(=O)C1CCOCC1)c1ccccc1)C(=O)[C@@]1(C)CO1";"Inhibition";"'='";"69.55";"%";"";"";"";"UO_0000187";"";"";"";"";"0";"CHEMBL3266056";"Inhibition of chymotrypsin-like enzyme activity of purified human 20S proteasome using Suc-Leu-Leu-Val-Tyr-AMC as substrate at 1 ug/ml by fluorescence method";"B";"BAO_0000223";"protein complex format";"Homo sapiens";"None";"None";"None";"None";"";"";"";"CHEMBL2364701";"26S proteasome";"Homo sapiens";"PROTEIN COMPLEX";"CHEMBL3259806";"1";"Scientific Literature";"Bioorg Med Chem";"2014";"None";"";"";""
"CHEMBL3237863";"";"None";"703.73";"None";"None";"4a";"CC(=O)N[C@@H](CC(=O)NCCC(COCc1ccccc1)COCc1ccccc1)C(=O)N[C@@H](CC(C)C)B1O[C@@H]2C[C@@H]3C[C@@H](C3(C)C)[C@]2(C)O1";"IC50";"'='";"2700.0";"nM";"5.57";"";"";"UO_0000065";"7.91";"None";"None";"None";"0";"CHEMBL3240085";"Inhibition of trypsin-like activity of human 20S proteasome using Ac-RLR-AMC as substrate";"B";"BAO_0000223";"protein complex format";"Homo sapiens";"None";"None";"None";"None";"";"";"";"CHEMBL2364701";"26S proteasome";"Homo sapiens";"PROTEIN COMPLEX";"CHEMBL3232719";"1";"Scientific Literature";"J Med Chem";"2014";"None";"";"";""
"CHEMBL3237872";"";"None";"435.37";"None";"None";"10a";"CNC(=O)C[C@H](NC(C)=O)C(=O)N[C@@H](CC(C)C)B1O[C@@H]2C[C@@H]3C[C@@H](C3(C)C)[C@]2(C)O1";"IC50";"'>'";"10000.0";"nM";"";"";"";"UO_0000065";"";"";"";"";"0";"CHEMBL3240085";"Inhibition of trypsin-like activity of human 20S proteasome using Ac-RLR-AMC as substrate";"B";"BAO_0000223";"protein complex format";"Homo sapiens";"None";"None";"None";"None";"";"";"";"CHEMBL2364701";"26S proteasome";"Homo sapiens";"PROTEIN COMPLEX";"CHEMBL3232719";"1";"Scientific Literature";"J Med Chem";"2014";"None";"";"";""
"CHEMBL3262761";"";"None";"575.73";"1";"4.23";"18k";"CC(C)C[C@H](NC(=O)[C@H](Cc1ccccc1)NC(=O)CC(NC(=O)c1cccs1)c1ccccc1)C(=O)[C@@]1(C)CO1";"Inhibition";"'='";"62.46";"%";"";"";"";"UO_0000187";"";"";"";"";"0";"CHEMBL3266056";"Inhibition of chymotrypsin-like enzyme activity of purified human 20S proteasome using Suc-Leu-Leu-Val-Tyr-AMC as substrate at 1 ug/ml by fluorescence method";"B";"BAO_0000223";"protein complex format";"Homo sapiens";"None";"None";"None";"None";"";"";"";"CHEMBL2364701";"26S proteasome";"Homo sapiens";"PROTEIN COMPLEX";"CHEMBL3259806";"1";"Scientific Literature";"Bioorg Med Chem";"2014";"None";"";"";""
"CHEMBL3262740";"";"None";"599.73";"1";"4.17";"10e";"COc1ccc(C(=O)N[C@@H](CC(C)C)C(=O)NC(CC(=O)N[C@@H](Cc2ccccc2)C(=O)[C@@]2(C)CO2)c2ccccc2)cc1";"IC50";"";"";"";"";"";"Not Determined";"";"";"";"";"";"0";"CHEMBL3266057";"Inhibition of chymotrypsin-like enzyme activity of purified human 20S proteasome using Suc-Leu-Leu-Val-Tyr-AMC as substrate by fluorescence method";"B";"BAO_0000223";"protein complex format";"Homo sapiens";"None";"None";"None";"None";"";"";"";"CHEMBL2364701";"26S proteasome";"Homo sapiens";"PROTEIN COMPLEX";"CHEMBL3259806";"1";"Scientific Literature";"Bioorg Med Chem";"2014";"None";"";"";""
"CHEMBL3262745";"";"None";"599.73";"1";"4.17";"15e";"COc1ccc(C(=O)N[C@@H](Cc2ccccc2)C(=O)NC(CC(=O)N[C@@H](CC(C)C)C(=O)[C@@]2(C)CO2)c2ccccc2)cc1";"IC50";"";"";"";"";"";"Not Determined";"";"";"";"";"";"0";"CHEMBL3266057";"Inhibition of chymotrypsin-like enzyme activity of purified human 20S proteasome using Suc-Leu-Leu-Val-Tyr-AMC as substrate by fluorescence method";"B";"BAO_0000223";"protein complex format";"Homo sapiens";"None";"None";"None";"None";"";"";"";"CHEMBL2364701";"26S proteasome";"Homo sapiens";"PROTEIN COMPLEX";"CHEMBL3259806";"1";"Scientific Literature";"Bioorg Med Chem";"2014";"None";"";"";""
"CHEMBL3262747";"";"None";"536.67";"1";"3.36";"13b";"CC(C)C[C@H](NC(=O)c1cccnc1)C(=O)NC(CC(=O)N[C@@H](CC(C)C)C(=O)[C@@]1(C)CO1)c1ccccc1";"IC50";"";"";"";"";"";"Not Determined";"";"";"";"";"";"0";"CHEMBL3266057";"Inhibition of chymotrypsin-like enzyme activity of purified human 20S proteasome using Suc-Leu-Leu-Val-Tyr-AMC as substrate by fluorescence method";"B";"BAO_0000223";"protein complex format";"Homo sapiens";"None";"None";"None";"None";"";"";"";"CHEMBL2364701";"26S proteasome";"Homo sapiens";"PROTEIN COMPLEX";"CHEMBL3259806";"1";"Scientific Literature";"Bioorg Med Chem";"2014";"None";"";"";""
"CHEMBL3262756";"";"None";"637.70";"2";"5.18";"18f";"CC(C)C[C@H](NC(=O)[C@H](Cc1ccccc1)NC(=O)CC(NC(=O)c1ccc(C(F)(F)F)cc1)c1ccccc1)C(=O)[C@@]1(C)CO1";"IC50";"'='";"220.0";"nM";"6.66";"";"";"UO_0000065";"10.44";"0.20";"1.48";"5.70";"0";"CHEMBL3266057";"Inhibition of chymotrypsin-like enzyme activity of purified human 20S proteasome using Suc-Leu-Leu-Val-Tyr-AMC as substrate by fluorescence method";"B";"BAO_0000223";"protein complex format";"Homo sapiens";"None";"None";"None";"None";"";"";"";"CHEMBL2364701";"26S proteasome";"Homo sapiens";"PROTEIN COMPLEX";"CHEMBL3259806";"1";"Scientific Literature";"Bioorg Med Chem";"2014";"None";"";"";""
"CHEMBL3220937";"";"None";"366.33";"0";"3.58";"HRF-3";"O=P(Oc1ccccc1)(Oc1ccccc1)OC1C=CS(=O)(=O)C1";"Inhibition";"";"";"%";"";"";"Not Active";"UO_0000187";"";"";"";"";"0";"CHEMBL3223126";"Inhibition of erythrocyte 20S proteasome (unknown origin) assessed as inhibition of chymotrypsin activity at 10 uM after 15 mins using Suc-LLVY-AMC substrate by fluorescence assay";"B";"BAO_0000223";"protein complex format";"Homo sapiens";"None";"None";"None";"None";"";"";"";"CHEMBL2364701";"26S proteasome";"Homo sapiens";"PROTEIN COMPLEX";"CHEMBL3217720";"1";"Scientific Literature";"Medchemcomm";"2014";"None";"";"";""
"CHEMBL3237869";"";"None";"765.80";"None";"None";"7a";"CC(C)C[C@H](NC(=O)[C@H](CC(=O)NCCC(COCc1ccccc1)COCc1ccccc1)NC(=O)c1ccccc1)B1O[C@@H]2C[C@@H]3C[C@@H](C3(C)C)[C@]2(C)O1";"IC50";"'='";"7.8";"nM";"8.11";"";"";"UO_0000065";"10.59";"None";"None";"None";"0";"CHEMBL3240083";"Inhibition of chymotrypsin-like activity of human 20S proteasome using Suc-LLVY-AMC as substrate";"B";"BAO_0000223";"protein complex format";"Homo sapiens";"None";"None";"None";"None";"";"";"";"CHEMBL2364701";"26S proteasome";"Homo sapiens";"PROTEIN COMPLEX";"CHEMBL3232719";"1";"Scientific Literature";"J Med Chem";"2014";"None";"";"";""
"CHEMBL3237871";"";"None";"842.89";"None";"None";"9a";"CC(C)C[C@H](NC(=O)[C@H](CC(=O)NCCC(COCc1ccccc1)COCc1ccccc1)NC(=O)c1cccc(-c2ccccc2)n1)B1O[C@@H]2C[C@@H]3C[C@@H](C3(C)C)[C@]2(C)O1";"IC50";"'>'";"10000.0";"nM";"";"";"";"UO_0000065";"";"";"";"";"0";"CHEMBL3240085";"Inhibition of trypsin-like activity of human 20S proteasome using Ac-RLR-AMC as substrate";"B";"BAO_0000223";"protein complex format";"Homo sapiens";"None";"None";"None";"None";"";"";"";"CHEMBL2364701";"26S proteasome";"Homo sapiens";"PROTEIN COMPLEX";"CHEMBL3232719";"1";"Scientific Literature";"J Med Chem";"2014";"None";"";"";""
"CHEMBL3220221";"";"None";"441.51";"0";"2.13";"1";"CC(C)C[C@H](NC(=O)[C@H](Cc1ccccc1)NC(=O)c1cnccn1)c1nsc(=O)o1";"Inhibition";"";"";"%";"";"";"Dose-dependent effect";"UO_0000187";"";"";"";"";"0";"CHEMBL3222883";"Inhibition of human 20S proteasome using Suc-LLVY-AMC as substrate assessed as decrease in enzyme velocity";"B";"BAO_0000223";"protein complex format";"Homo sapiens";"None";"None";"None";"None";"";"";"";"CHEMBL2364701";"26S proteasome";"Homo sapiens";"PROTEIN COMPLEX";"CHEMBL3217678";"1";"Scientific Literature";"Medchemcomm";"2011";"None";"";"";""
"CHEMBL3262768";"";"None";"619.76";"2";"5.32";"22h";"CC(C)C[C@H](NC(=O)[C@H](Cc1ccccc1)NC(=O)C[C@H](NC(=O)c1ccc2ccccc2c1)c1ccccc1)C(=O)[C@@]1(C)CO1";"Inhibition";"'='";"11.76";"%";"";"";"";"UO_0000187";"";"";"";"";"0";"CHEMBL3266056";"Inhibition of chymotrypsin-like enzyme activity of purified human 20S proteasome using Suc-Leu-Leu-Val-Tyr-AMC as substrate at 1 ug/ml by fluorescence method";"B";"BAO_0000223";"protein complex format";"Homo sapiens";"None";"None";"None";"None";"";"";"";"CHEMBL2364701";"26S proteasome";"Homo sapiens";"PROTEIN COMPLEX";"CHEMBL3259806";"1";"Scientific Literature";"Bioorg Med Chem";"2014";"None";"";"";""
"CHEMBL3262767";"";"None";"637.70";"2";"5.18";"22f";"CC(C)C[C@H](NC(=O)[C@H](Cc1ccccc1)NC(=O)C[C@H](NC(=O)c1ccc(C(F)(F)F)cc1)c1ccccc1)C(=O)[C@@]1(C)CO1";"Inhibition";"'='";"25.63";"%";"";"";"";"UO_0000187";"";"";"";"";"0";"CHEMBL3266056";"Inhibition of chymotrypsin-like enzyme activity of purified human 20S proteasome using Suc-Leu-Leu-Val-Tyr-AMC as substrate at 1 ug/ml by fluorescence method";"B";"BAO_0000223";"protein complex format";"Homo sapiens";"None";"None";"None";"None";"";"";"";"CHEMBL2364701";"26S proteasome";"Homo sapiens";"PROTEIN COMPLEX";"CHEMBL3259806";"1";"Scientific Literature";"Bioorg Med Chem";"2014";"None";"";"";""
"CHEMBL3262766";"";"None";"619.76";"2";"5.32";"20h";"CC(C)C[C@H](NC(=O)[C@H](Cc1ccccc1)NC(=O)C[C@@H](NC(=O)c1ccc2ccccc2c1)c1ccccc1)C(=O)[C@@]1(C)CO1";"IC50";"'='";"110.0";"nM";"6.96";"";"";"UO_0000065";"11.23";"0.21";"1.64";"5.95";"0";"CHEMBL3266057";"Inhibition of chymotrypsin-like enzyme activity of purified human 20S proteasome using Suc-Leu-Leu-Val-Tyr-AMC as substrate by fluorescence method";"B";"BAO_0000223";"protein complex format";"Homo sapiens";"None";"None";"None";"None";"";"";"";"CHEMBL2364701";"26S proteasome";"Homo sapiens";"PROTEIN COMPLEX";"CHEMBL3259806";"1";"Scientific Literature";"Bioorg Med Chem";"2014";"None";"";"";""
"CHEMBL3262757";"";"None";"594.71";"1";"4.04";"18g";"CC(C)C[C@H](NC(=O)[C@H](Cc1ccccc1)NC(=O)CC(NC(=O)c1ccc(C#N)cc1)c1ccccc1)C(=O)[C@@]1(C)CO1";"Inhibition";"'='";"72.0";"%";"";"";"";"UO_0000187";"";"";"";"";"0";"CHEMBL3266056";"Inhibition of chymotrypsin-like enzyme activity of purified human 20S proteasome using Suc-Leu-Leu-Val-Tyr-AMC as substrate at 1 ug/ml by fluorescence method";"B";"BAO_0000223";"protein complex format";"Homo sapiens";"None";"None";"None";"None";"";"";"";"CHEMBL2364701";"26S proteasome";"Homo sapiens";"PROTEIN COMPLEX";"CHEMBL3259806";"1";"Scientific Literature";"Bioorg Med Chem";"2014";"None";"";"";""
"CHEMBL3262766";"";"None";"619.76";"2";"5.32";"20h";"CC(C)C[C@H](NC(=O)[C@H](Cc1ccccc1)NC(=O)C[C@@H](NC(=O)c1ccc2ccccc2c1)c1ccccc1)C(=O)[C@@]1(C)CO1";"Inhibition";"'='";"86.08";"%";"";"";"";"UO_0000187";"";"";"";"";"0";"CHEMBL3266056";"Inhibition of chymotrypsin-like enzyme activity of purified human 20S proteasome using Suc-Leu-Leu-Val-Tyr-AMC as substrate at 1 ug/ml by fluorescence method";"B";"BAO_0000223";"protein complex format";"Homo sapiens";"None";"None";"None";"None";"";"";"";"CHEMBL2364701";"26S proteasome";"Homo sapiens";"PROTEIN COMPLEX";"CHEMBL3259806";"1";"Scientific Literature";"Bioorg Med Chem";"2014";"None";"";"";""
"CHEMBL3262743";"";"None";"569.70";"1";"4.16";"15c";"CC(C)C[C@H](NC(=O)CC(NC(=O)[C@H](Cc1ccccc1)NC(=O)c1ccccc1)c1ccccc1)C(=O)[C@@]1(C)CO1";"IC50";"";"";"";"";"";"Not Determined";"";"";"";"";"";"0";"CHEMBL3266057";"Inhibition of chymotrypsin-like enzyme activity of purified human 20S proteasome using Suc-Leu-Leu-Val-Tyr-AMC as substrate by fluorescence method";"B";"BAO_0000223";"protein complex format";"Homo sapiens";"None";"None";"None";"None";"";"";"";"CHEMBL2364701";"26S proteasome";"Homo sapiens";"PROTEIN COMPLEX";"CHEMBL3259806";"1";"Scientific Literature";"Bioorg Med Chem";"2014";"None";"";"";""
"CHEMBL3262748";"";"None";"535.69";"1";"3.97";"13c";"CC(C)C[C@H](NC(=O)c1ccccc1)C(=O)NC(CC(=O)N[C@@H](CC(C)C)C(=O)[C@@]1(C)CO1)c1ccccc1";"IC50";"";"";"";"";"";"Not Determined";"";"";"";"";"";"0";"CHEMBL3266057";"Inhibition of chymotrypsin-like enzyme activity of purified human 20S proteasome using Suc-Leu-Leu-Val-Tyr-AMC as substrate by fluorescence method";"B";"BAO_0000223";"protein complex format";"Homo sapiens";"None";"None";"None";"None";"";"";"";"CHEMBL2364701";"26S proteasome";"Homo sapiens";"PROTEIN COMPLEX";"CHEMBL3259806";"1";"Scientific Literature";"Bioorg Med Chem";"2014";"None";"";"";""
"CHEMBL3262754";"";"None";"587.69";"1";"4.30";"18d";"CC(C)C[C@H](NC(=O)[C@H](Cc1ccccc1)NC(=O)CC(NC(=O)c1ccc(F)cc1)c1ccccc1)C(=O)[C@@]1(C)CO1";"IC50";"'='";"380.0";"nM";"6.42";"";"";"UO_0000065";"10.92";"0.20";"2.12";"5.49";"0";"CHEMBL3266057";"Inhibition of chymotrypsin-like enzyme activity of purified human 20S proteasome using Suc-Leu-Leu-Val-Tyr-AMC as substrate by fluorescence method";"B";"BAO_0000223";"protein complex format";"Homo sapiens";"None";"None";"None";"None";"";"";"";"CHEMBL2364701";"26S proteasome";"Homo sapiens";"PROTEIN COMPLEX";"CHEMBL3259806";"1";"Scientific Literature";"Bioorg Med Chem";"2014";"None";"";"";""
"CHEMBL3262758";"";"None";"619.76";"2";"5.32";"18h";"CC(C)C[C@H](NC(=O)[C@H](Cc1ccccc1)NC(=O)CC(NC(=O)c1ccc2ccccc2c1)c1ccccc1)C(=O)[C@@]1(C)CO1";"IC50";"'='";"190.0";"nM";"6.72";"";"";"UO_0000065";"10.84";"0.20";"1.40";"5.75";"0";"CHEMBL3266057";"Inhibition of chymotrypsin-like enzyme activity of purified human 20S proteasome using Suc-Leu-Leu-Val-Tyr-AMC as substrate by fluorescence method";"B";"BAO_0000223";"protein complex format";"Homo sapiens";"None";"None";"None";"None";"";"";"";"CHEMBL2364701";"26S proteasome";"Homo sapiens";"PROTEIN COMPLEX";"CHEMBL3259806";"1";"Scientific Literature";"Bioorg Med Chem";"2014";"None";"";"";""
"CHEMBL3262764";"";"None";"592.74";"1";"2.18";"18n";"CC(C)C[C@H](NC(=O)[C@H](Cc1ccccc1)NC(=O)CC(NC(=O)CN1CCOCC1)c1ccccc1)C(=O)[C@@]1(C)CO1";"Inhibition";"'='";"39.97";"%";"";"";"";"UO_0000187";"";"";"";"";"0";"CHEMBL3266056";"Inhibition of chymotrypsin-like enzyme activity of purified human 20S proteasome using Suc-Leu-Leu-Val-Tyr-AMC as substrate at 1 ug/ml by fluorescence method";"B";"BAO_0000223";"protein complex format";"Homo sapiens";"None";"None";"None";"None";"";"";"";"CHEMBL2364701";"26S proteasome";"Homo sapiens";"PROTEIN COMPLEX";"CHEMBL3259806";"1";"Scientific Literature";"Bioorg Med Chem";"2014";"None";"";"";""
"CHEMBL3237870";"";"None";"767.78";"None";"None";"8a";"CC(C)C[C@H](NC(=O)[C@H](CC(=O)NCCC(COCc1ccccc1)COCc1ccccc1)NC(=O)c1cnccn1)B1O[C@@H]2C[C@@H]3C[C@@H](C3(C)C)[C@]2(C)O1";"IC50";"'='";"7.1";"nM";"8.15";"";"";"UO_0000065";"10.61";"None";"None";"None";"0";"CHEMBL3240083";"Inhibition of chymotrypsin-like activity of human 20S proteasome using Suc-LLVY-AMC as substrate";"B";"BAO_0000223";"protein complex format";"Homo sapiens";"None";"None";"None";"None";"";"";"";"CHEMBL2364701";"26S proteasome";"Homo sapiens";"PROTEIN COMPLEX";"CHEMBL3232719";"1";"Scientific Literature";"J Med Chem";"2014";"None";"";"";""
"CHEMBL491636";"BELACTOSIN A";"None";"369.42";"0";"-0.61";"Belactosin A";"CC[C@H](C)[C@@H]1C(=O)O[C@H]1C(=O)N[C@H]1C[C@H]1C[C@H](NC(=O)[C@H](C)N)C(=O)O";"IC50";"'='";"1440.0";"nM";"5.84";"";"";"UO_0000065";"15.81";"0.31";"6.45";"3.95";"0";"CHEMBL3295791";"Inhibition of chymotrypsin-like of human 20S proteasome using chromophoric Suc-LLVY-AMC as substrate after 60 mins by fluorescence assay";"B";"BAO_0000223";"protein complex format";"Homo sapiens";"None";"None";"None";"None";"";"";"";"CHEMBL2364701";"26S proteasome";"Homo sapiens";"PROTEIN COMPLEX";"CHEMBL3286207";"1";"Scientific Literature";"Bioorg Med Chem";"2014";"None";"";"";""
"CHEMBL3262762";"";"None";"577.72";"1";"3.28";"18l";"CC(C)C[C@H](NC(=O)[C@H](Cc1ccccc1)NC(=O)CC(NC(=O)C1CCOCC1)c1ccccc1)C(=O)[C@@]1(C)CO1";"IC50";"'='";"630.0";"nM";"6.20";"";"";"UO_0000065";"10.73";"0.20";"2.92";"4.92";"0";"CHEMBL3266057";"Inhibition of chymotrypsin-like enzyme activity of purified human 20S proteasome using Suc-Leu-Leu-Val-Tyr-AMC as substrate by fluorescence method";"B";"BAO_0000223";"protein complex format";"Homo sapiens";"None";"None";"None";"None";"";"";"";"CHEMBL2364701";"26S proteasome";"Homo sapiens";"PROTEIN COMPLEX";"CHEMBL3259806";"1";"Scientific Literature";"Bioorg Med Chem";"2014";"None";"";"";""
"CHEMBL3237870";"";"None";"767.78";"None";"None";"8a";"CC(C)C[C@H](NC(=O)[C@H](CC(=O)NCCC(COCc1ccccc1)COCc1ccccc1)NC(=O)c1cnccn1)B1O[C@@H]2C[C@@H]3C[C@@H](C3(C)C)[C@]2(C)O1";"IC50";"'='";"3300.0";"nM";"5.48";"";"";"UO_0000065";"7.14";"None";"None";"None";"0";"CHEMBL3240085";"Inhibition of trypsin-like activity of human 20S proteasome using Ac-RLR-AMC as substrate";"B";"BAO_0000223";"protein complex format";"Homo sapiens";"None";"None";"None";"None";"";"";"";"CHEMBL2364701";"26S proteasome";"Homo sapiens";"PROTEIN COMPLEX";"CHEMBL3232719";"1";"Scientific Literature";"J Med Chem";"2014";"None";"";"";""
"CHEMBL325041";"BORTEZOMIB";"4.0";"384.25";"None";"None";"Bortezomib";"CC(C)C[C@H](NC(=O)[C@H](Cc1ccccc1)NC(=O)c1cnccn1)B(O)O";"Inhibition";"";"";"%";"";"";"Active";"UO_0000187";"";"";"";"";"0";"CHEMBL3222885";"Inhibition of 20S proteasome in human HeLa cells expressing GFP-tagged ubiquitin G76V mutant at 26 nM after 16 hrs by fluorescence assay";"B";"BAO_0000219";"cell-based format";"Homo sapiens";"None";"None";"HeLa";"None";"";"";"";"CHEMBL2364701";"26S proteasome";"Homo sapiens";"PROTEIN COMPLEX";"CHEMBL3217678";"1";"Scientific Literature";"Medchemcomm";"2011";"CHEMBL3308376";"";"";""
"CHEMBL3262752";"";"None";"570.69";"1";"3.56";"18b";"CC(C)C[C@H](NC(=O)[C@H](Cc1ccccc1)NC(=O)CC(NC(=O)c1cccnc1)c1ccccc1)C(=O)[C@@]1(C)CO1";"Inhibition";"'='";"85.76";"%";"";"";"";"UO_0000187";"";"";"";"";"0";"CHEMBL3266056";"Inhibition of chymotrypsin-like enzyme activity of purified human 20S proteasome using Suc-Leu-Leu-Val-Tyr-AMC as substrate at 1 ug/ml by fluorescence method";"B";"BAO_0000223";"protein complex format";"Homo sapiens";"None";"None";"None";"None";"";"";"";"CHEMBL2364701";"26S proteasome";"Homo sapiens";"PROTEIN COMPLEX";"CHEMBL3259806";"1";"Scientific Literature";"Bioorg Med Chem";"2014";"None";"";"";""
"CHEMBL3262755";"";"None";"599.73";"1";"4.17";"18e";"COc1ccc(C(=O)NC(CC(=O)N[C@@H](Cc2ccccc2)C(=O)N[C@@H](CC(C)C)C(=O)[C@@]2(C)CO2)c2ccccc2)cc1";"Inhibition";"'='";"84.12";"%";"";"";"";"UO_0000187";"";"";"";"";"0";"CHEMBL3266056";"Inhibition of chymotrypsin-like enzyme activity of purified human 20S proteasome using Suc-Leu-Leu-Val-Tyr-AMC as substrate at 1 ug/ml by fluorescence method";"B";"BAO_0000223";"protein complex format";"Homo sapiens";"None";"None";"None";"None";"";"";"";"CHEMBL2364701";"26S proteasome";"Homo sapiens";"PROTEIN COMPLEX";"CHEMBL3259806";"1";"Scientific Literature";"Bioorg Med Chem";"2014";"None";"";"";""
"CHEMBL3262756";"";"None";"637.70";"2";"5.18";"18f";"CC(C)C[C@H](NC(=O)[C@H](Cc1ccccc1)NC(=O)CC(NC(=O)c1ccc(C(F)(F)F)cc1)c1ccccc1)C(=O)[C@@]1(C)CO1";"Inhibition";"'='";"76.05";"%";"";"";"";"UO_0000187";"";"";"";"";"0";"CHEMBL3266056";"Inhibition of chymotrypsin-like enzyme activity of purified human 20S proteasome using Suc-Leu-Leu-Val-Tyr-AMC as substrate at 1 ug/ml by fluorescence method";"B";"BAO_0000223";"protein complex format";"Homo sapiens";"None";"None";"None";"None";"";"";"";"CHEMBL2364701";"26S proteasome";"Homo sapiens";"PROTEIN COMPLEX";"CHEMBL3259806";"1";"Scientific Literature";"Bioorg Med Chem";"2014";"None";"";"";""
"CHEMBL3237869";"";"None";"765.80";"None";"None";"7a";"CC(C)C[C@H](NC(=O)[C@H](CC(=O)NCCC(COCc1ccccc1)COCc1ccccc1)NC(=O)c1ccccc1)B1O[C@@H]2C[C@@H]3C[C@@H](C3(C)C)[C@]2(C)O1";"IC50";"'='";"2700.0";"nM";"5.57";"";"";"UO_0000065";"7.27";"None";"None";"None";"0";"CHEMBL3240085";"Inhibition of trypsin-like activity of human 20S proteasome using Ac-RLR-AMC as substrate";"B";"BAO_0000223";"protein complex format";"Homo sapiens";"None";"None";"None";"None";"";"";"";"CHEMBL2364701";"26S proteasome";"Homo sapiens";"PROTEIN COMPLEX";"CHEMBL3232719";"1";"Scientific Literature";"J Med Chem";"2014";"None";"";"";""
"CHEMBL3262739";"";"None";"587.69";"1";"4.30";"10d";"CC(C)C[C@H](NC(=O)c1ccc(F)cc1)C(=O)NC(CC(=O)N[C@@H](Cc1ccccc1)C(=O)[C@@]1(C)CO1)c1ccccc1";"Inhibition";"'='";"1.43";"%";"";"";"";"UO_0000187";"";"";"";"";"0";"CHEMBL3266056";"Inhibition of chymotrypsin-like enzyme activity of purified human 20S proteasome using Suc-Leu-Leu-Val-Tyr-AMC as substrate at 1 ug/ml by fluorescence method";"B";"BAO_0000223";"protein complex format";"Homo sapiens";"None";"None";"None";"None";"";"";"";"CHEMBL2364701";"26S proteasome";"Homo sapiens";"PROTEIN COMPLEX";"CHEMBL3259806";"1";"Scientific Literature";"Bioorg Med Chem";"2014";"None";"";"";""
"CHEMBL3262740";"";"None";"599.73";"1";"4.17";"10e";"COc1ccc(C(=O)N[C@@H](CC(C)C)C(=O)NC(CC(=O)N[C@@H](Cc2ccccc2)C(=O)[C@@]2(C)CO2)c2ccccc2)cc1";"Inhibition";"'='";"0.39";"%";"";"";"";"UO_0000187";"";"";"";"";"0";"CHEMBL3266056";"Inhibition of chymotrypsin-like enzyme activity of purified human 20S proteasome using Suc-Leu-Leu-Val-Tyr-AMC as substrate at 1 ug/ml by fluorescence method";"B";"BAO_0000223";"protein complex format";"Homo sapiens";"None";"None";"None";"None";"";"";"";"CHEMBL2364701";"26S proteasome";"Homo sapiens";"PROTEIN COMPLEX";"CHEMBL3259806";"1";"Scientific Literature";"Bioorg Med Chem";"2014";"None";"";"";""
"CHEMBL3262744";"";"None";"587.69";"1";"4.30";"15d";"CC(C)C[C@H](NC(=O)CC(NC(=O)[C@H](Cc1ccccc1)NC(=O)c1ccc(F)cc1)c1ccccc1)C(=O)[C@@]1(C)CO1";"Inhibition";"'='";"0.37";"%";"";"";"";"UO_0000187";"";"";"";"";"0";"CHEMBL3266056";"Inhibition of chymotrypsin-like enzyme activity of purified human 20S proteasome using Suc-Leu-Leu-Val-Tyr-AMC as substrate at 1 ug/ml by fluorescence method";"B";"BAO_0000223";"protein complex format";"Homo sapiens";"None";"None";"None";"None";"";"";"";"CHEMBL2364701";"26S proteasome";"Homo sapiens";"PROTEIN COMPLEX";"CHEMBL3259806";"1";"Scientific Literature";"Bioorg Med Chem";"2014";"None";"";"";""
"CHEMBL3262747";"";"None";"536.67";"1";"3.36";"13b";"CC(C)C[C@H](NC(=O)c1cccnc1)C(=O)NC(CC(=O)N[C@@H](CC(C)C)C(=O)[C@@]1(C)CO1)c1ccccc1";"Inhibition";"'='";"0.84";"%";"";"";"";"UO_0000187";"";"";"";"";"0";"CHEMBL3266056";"Inhibition of chymotrypsin-like enzyme activity of purified human 20S proteasome using Suc-Leu-Leu-Val-Tyr-AMC as substrate at 1 ug/ml by fluorescence method";"B";"BAO_0000223";"protein complex format";"Homo sapiens";"None";"None";"None";"None";"";"";"";"CHEMBL2364701";"26S proteasome";"Homo sapiens";"PROTEIN COMPLEX";"CHEMBL3259806";"1";"Scientific Literature";"Bioorg Med Chem";"2014";"None";"";"";""
"CHEMBL3262748";"";"None";"535.69";"1";"3.97";"13c";"CC(C)C[C@H](NC(=O)c1ccccc1)C(=O)NC(CC(=O)N[C@@H](CC(C)C)C(=O)[C@@]1(C)CO1)c1ccccc1";"Inhibition";"'='";"6.42";"%";"";"";"";"UO_0000187";"";"";"";"";"0";"CHEMBL3266056";"Inhibition of chymotrypsin-like enzyme activity of purified human 20S proteasome using Suc-Leu-Leu-Val-Tyr-AMC as substrate at 1 ug/ml by fluorescence method";"B";"BAO_0000223";"protein complex format";"Homo sapiens";"None";"None";"None";"None";"";"";"";"CHEMBL2364701";"26S proteasome";"Homo sapiens";"PROTEIN COMPLEX";"CHEMBL3259806";"1";"Scientific Literature";"Bioorg Med Chem";"2014";"None";"";"";""
"CHEMBL491636";"BELACTOSIN A";"None";"369.42";"0";"-0.61";"belactosin A";"CC[C@H](C)[C@@H]1C(=O)O[C@H]1C(=O)N[C@H]1C[C@H]1C[C@H](NC(=O)[C@H](C)N)C(=O)O";"IC50";"'='";"1400.0";"nM";"5.85";"";"";"UO_0000065";"15.85";"0.31";"6.46";"3.96";"0";"CHEMBL3240083";"Inhibition of chymotrypsin-like activity of human 20S proteasome using Suc-LLVY-AMC as substrate";"B";"BAO_0000223";"protein complex format";"Homo sapiens";"None";"None";"None";"None";"";"";"";"CHEMBL2364701";"26S proteasome";"Homo sapiens";"PROTEIN COMPLEX";"CHEMBL3232719";"1";"Scientific Literature";"J Med Chem";"2014";"None";"";"";""
"CHEMBL3262750";"";"None";"565.71";"1";"3.98";"13e";"COc1ccc(C(=O)N[C@@H](CC(C)C)C(=O)NC(CC(=O)N[C@@H](CC(C)C)C(=O)[C@@]2(C)CO2)c2ccccc2)cc1";"IC50";"";"";"";"";"";"Not Determined";"";"";"";"";"";"0";"CHEMBL3266057";"Inhibition of chymotrypsin-like enzyme activity of purified human 20S proteasome using Suc-Leu-Leu-Val-Tyr-AMC as substrate by fluorescence method";"B";"BAO_0000223";"protein complex format";"Homo sapiens";"None";"None";"None";"None";"";"";"";"CHEMBL2364701";"26S proteasome";"Homo sapiens";"PROTEIN COMPLEX";"CHEMBL3259806";"1";"Scientific Literature";"Bioorg Med Chem";"2014";"None";"";"";""
"CHEMBL3262745";"";"None";"599.73";"1";"4.17";"15e";"COc1ccc(C(=O)N[C@@H](Cc2ccccc2)C(=O)NC(CC(=O)N[C@@H](CC(C)C)C(=O)[C@@]2(C)CO2)c2ccccc2)cc1";"Inhibition";"'='";"0.3";"%";"";"";"";"UO_0000187";"";"";"";"";"0";"CHEMBL3266056";"Inhibition of chymotrypsin-like enzyme activity of purified human 20S proteasome using Suc-Leu-Leu-Val-Tyr-AMC as substrate at 1 ug/ml by fluorescence method";"B";"BAO_0000223";"protein complex format";"Homo sapiens";"None";"None";"None";"None";"";"";"";"CHEMBL2364701";"26S proteasome";"Homo sapiens";"PROTEIN COMPLEX";"CHEMBL3259806";"1";"Scientific Literature";"Bioorg Med Chem";"2014";"None";"";"";""
"CHEMBL4437602";"";"None";"633.32";"2";"8.91";"7b";"C[C@H]1[C@H](C)CC[C@]2(C(=O)O)CC[C@]3(C)C(=CC[C@@H]4[C@@]5(C)CC(=C\c6ccc(Cl)cc6)/C(=N\NC(=N)N)C(C)(C)[C@@H]5CC[C@]43C)[C@H]12";"Inhibition";"";"";"%";"";"";"Not Active";"UO_0000187";"";"";"";"";"0";"CHEMBL4370612";"Inhibition of 26S proteosome in human Hep3B cells grown under in hypoxic condition for 4 hrs assessed as downregulation of HIF1alpha level at 10 uM added together with cycloheximide and measured after up 45 mins post dose by Western blot analysis";"B";"BAO_0000219";"cell-based format";"Homo sapiens";"None";"None";"None";"None";"";"";"";"CHEMBL2364701";"26S proteasome";"Homo sapiens";"PROTEIN COMPLEX";"CHEMBL4368925";"1";"Scientific Literature";"Bioorg Med Chem Lett";"2019";"None";"";"";""
"CHEMBL325041";"BORTEZOMIB";"4.0";"384.25";"None";"None";"Bortezomib";"CC(C)C[C@H](NC(=O)[C@H](Cc1ccccc1)NC(=O)c1cnccn1)B(O)O";"IC50";"'='";"120.0";"nM";"6.92";"";"";"UO_0000065";"18.01";"None";"None";"None";"0";"CHEMBL3240084";"Inhibition of caspase-like activity of human 20S proteasome using Ac-nLPnLD-AMC as substrate";"B";"BAO_0000223";"protein complex format";"Homo sapiens";"None";"None";"None";"None";"";"";"";"CHEMBL2364701";"26S proteasome";"Homo sapiens";"PROTEIN COMPLEX";"CHEMBL3232719";"1";"Scientific Literature";"J Med Chem";"2014";"None";"";"";""
"CHEMBL3237862";"";"None";"689.70";"None";"None";"3a";"CC(=O)N[C@@H](CC(=O)NCC(COCc1ccccc1)COCc1ccccc1)C(=O)N[C@@H](CC(C)C)B1O[C@@H]2C[C@@H]3C[C@@H](C3(C)C)[C@]2(C)O1";"IC50";"'='";"140.0";"nM";"6.85";"";"";"UO_0000065";"9.94";"None";"None";"None";"0";"CHEMBL3240084";"Inhibition of caspase-like activity of human 20S proteasome using Ac-nLPnLD-AMC as substrate";"B";"BAO_0000223";"protein complex format";"Homo sapiens";"None";"None";"None";"None";"";"";"";"CHEMBL2364701";"26S proteasome";"Homo sapiens";"PROTEIN COMPLEX";"CHEMBL3232719";"1";"Scientific Literature";"J Med Chem";"2014";"None";"";"";""
"CHEMBL3220937";"";"None";"366.33";"0";"3.58";"HRF-3";"O=P(Oc1ccccc1)(Oc1ccccc1)OC1C=CS(=O)(=O)C1";"Inhibition";"";"";"%";"";"";"Active";"UO_0000187";"";"";"";"";"0";"CHEMBL3223125";"Inhibition of erythrocyte 20S proteasome (unknown origin) assessed as inhibition of chymotrypsin activity at 50 uM after 15 mins using Suc-LLVY-AMC substrate by fluorescence assay";"B";"BAO_0000223";"protein complex format";"Homo sapiens";"None";"None";"None";"None";"";"";"";"CHEMBL2364701";"26S proteasome";"Homo sapiens";"PROTEIN COMPLEX";"CHEMBL3217720";"1";"Scientific Literature";"Medchemcomm";"2014";"None";"";"";""
"CHEMBL3262736";"";"None";"571.68";"1";"2.95";"10a";"CC(C)C[C@H](NC(=O)c1cnccn1)C(=O)NC(CC(=O)N[C@@H](Cc1ccccc1)C(=O)[C@@]1(C)CO1)c1ccccc1";"IC50";"";"";"";"";"";"Not Determined";"";"";"";"";"";"0";"CHEMBL3266057";"Inhibition of chymotrypsin-like enzyme activity of purified human 20S proteasome using Suc-Leu-Leu-Val-Tyr-AMC as substrate by fluorescence method";"B";"BAO_0000223";"protein complex format";"Homo sapiens";"None";"None";"None";"None";"";"";"";"CHEMBL2364701";"26S proteasome";"Homo sapiens";"PROTEIN COMPLEX";"CHEMBL3259806";"1";"Scientific Literature";"Bioorg Med Chem";"2014";"None";"";"";""
"CHEMBL3259880";"";"None";"383.43";"0";"2.45";"HT2106";"CC(=O)N[C@H](Cc1ccccc1)C(=O)Nc1ccc(-c2nsc(=O)o2)cc1";"EC50";"'='";"15400.0";"nM";"4.81";"";"";"UO_0000065";"12.55";"0.24";"2.36";"4.75";"0";"CHEMBL3266564";"Inhibition of chymotrypsin-like activity of 26S proteasome in intact human Karpas 1106p cells assessed as substrate hydrolysis using Suc-LLVY-(D)-aminoluciferin as substrate after 3 hrs by cell-based Proteasome-Glo assay";"B";"BAO_0000219";"cell-based format";"Homo sapiens";"None";"None";"None";"None";"";"";"";"CHEMBL2364701";"26S proteasome";"Homo sapiens";"PROTEIN COMPLEX";"CHEMBL3259678";"1";"Scientific Literature";"ACS Med Chem Lett";"2014";"None";"";"";""
"CHEMBL3262737";"";"None";"570.69";"1";"3.56";"10b";"CC(C)C[C@H](NC(=O)c1cccnc1)C(=O)NC(CC(=O)N[C@@H](Cc1ccccc1)C(=O)[C@@]1(C)CO1)c1ccccc1";"Inhibition";"'='";"3.16";"%";"";"";"";"UO_0000187";"";"";"";"";"0";"CHEMBL3266056";"Inhibition of chymotrypsin-like enzyme activity of purified human 20S proteasome using Suc-Leu-Leu-Val-Tyr-AMC as substrate at 1 ug/ml by fluorescence method";"B";"BAO_0000223";"protein complex format";"Homo sapiens";"None";"None";"None";"None";"";"";"";"CHEMBL2364701";"26S proteasome";"Homo sapiens";"PROTEIN COMPLEX";"CHEMBL3259806";"1";"Scientific Literature";"Bioorg Med Chem";"2014";"None";"";"";""
"CHEMBL4588698";"";"None";"277.71";"0";"3.38";"C14";"NCc1ccc(OC(=O)Oc2ccc(Cl)cc2)cc1";"Inhibition";"";"";"%";"";"";"Not Active";"UO_0000187";"";"";"";"";"0";"CHEMBL4372638";"Inhibition of 26S proteasome in HEK293T cells expressing GFP-fused Ub G76V mutant assessed as increase in GFP fluorescence";"B";"BAO_0000219";"cell-based format";"Homo sapiens";"None";"None";"None";"None";"";"";"";"CHEMBL2364701";"26S proteasome";"Homo sapiens";"PROTEIN COMPLEX";"CHEMBL4371052";"1";"Scientific Literature";"Bioorg Med Chem Lett";"2019";"None";"";"";""
"CHEMBL4530879";"";"None";"322.16";"0";"3.49";"C15";"NCc1ccc(OC(=O)Oc2ccc(Br)cc2)cc1";"Inhibition";"";"";"%";"";"";"Not Active";"UO_0000187";"";"";"";"";"0";"CHEMBL4372638";"Inhibition of 26S proteasome in HEK293T cells expressing GFP-fused Ub G76V mutant assessed as increase in GFP fluorescence";"B";"BAO_0000219";"cell-based format";"Homo sapiens";"None";"None";"None";"None";"";"";"";"CHEMBL2364701";"26S proteasome";"Homo sapiens";"PROTEIN COMPLEX";"CHEMBL4371052";"1";"Scientific Literature";"Bioorg Med Chem Lett";"2019";"None";"";"";""
"CHEMBL3220222";"";"None";"441.51";"0";"2.13";"7";"CC(C)C[C@@H](NC(=O)[C@H](Cc1ccccc1)NC(=O)c1cnccn1)c1nsc(=O)o1";"IC50";"'='";"225000.0";"nM";"";"Outside typical range";"";"UO_0000065";"";"";"";"";"0";"CHEMBL3222879";"Inhibition of human 20S proteasome using Suc-LLVY-AMC as substrate preincubated for 30 mins followed by substrate addition measured after 90 mins by fluorescence assay";"B";"BAO_0000223";"protein complex format";"Homo sapiens";"None";"None";"None";"None";"";"";"";"CHEMBL2364701";"26S proteasome";"Homo sapiens";"PROTEIN COMPLEX";"CHEMBL3217678";"1";"Scientific Literature";"Medchemcomm";"2011";"None";"";"";""
"CHEMBL3259883";"";"None";"236.25";"0";"1.72";"HT2210";"CC(=O)Nc1cccc(-c2nsc(=O)o2)c1";"EC50";"'='";"4200.0";"nM";"5.38";"";"";"UO_0000065";"22.76";"0.46";"3.66";"7.45";"0";"CHEMBL3266564";"Inhibition of chymotrypsin-like activity of 26S proteasome in intact human Karpas 1106p cells assessed as substrate hydrolysis using Suc-LLVY-(D)-aminoluciferin as substrate after 3 hrs by cell-based Proteasome-Glo assay";"B";"BAO_0000219";"cell-based format";"Homo sapiens";"None";"None";"None";"None";"";"";"";"CHEMBL2364701";"26S proteasome";"Homo sapiens";"PROTEIN COMPLEX";"CHEMBL3259678";"1";"Scientific Literature";"ACS Med Chem Lett";"2014";"None";"";"";""
"CHEMBL3237867";"";"None";"731.78";"None";"None";"5b";"CC(=O)N[C@@H](CCC(=O)NCCCC(COCc1ccccc1)COCc1ccccc1)C(=O)N[C@@H](CC(C)C)B1O[C@@H]2C[C@@H]3C[C@@H](C3(C)C)[C@]2(C)O1";"IC50";"'='";"46.0";"nM";"7.34";"";"";"UO_0000065";"10.03";"None";"None";"None";"0";"CHEMBL3240084";"Inhibition of caspase-like activity of human 20S proteasome using Ac-nLPnLD-AMC as substrate";"B";"BAO_0000223";"protein complex format";"Homo sapiens";"None";"None";"None";"None";"";"";"";"CHEMBL2364701";"26S proteasome";"Homo sapiens";"PROTEIN COMPLEX";"CHEMBL3232719";"1";"Scientific Literature";"J Med Chem";"2014";"None";"";"";""
"CHEMBL3262738";"";"None";"569.70";"1";"4.16";"10c";"CC(C)C[C@H](NC(=O)c1ccccc1)C(=O)NC(CC(=O)N[C@@H](Cc1ccccc1)C(=O)[C@@]1(C)CO1)c1ccccc1";"IC50";"";"";"";"";"";"Not Determined";"";"";"";"";"";"0";"CHEMBL3266057";"Inhibition of chymotrypsin-like enzyme activity of purified human 20S proteasome using Suc-Leu-Leu-Val-Tyr-AMC as substrate by fluorescence method";"B";"BAO_0000223";"protein complex format";"Homo sapiens";"None";"None";"None";"None";"";"";"";"CHEMBL2364701";"26S proteasome";"Homo sapiens";"PROTEIN COMPLEX";"CHEMBL3259806";"1";"Scientific Literature";"Bioorg Med Chem";"2014";"None";"";"";""
"CHEMBL3262744";"";"None";"587.69";"1";"4.30";"15d";"CC(C)C[C@H](NC(=O)CC(NC(=O)[C@H](Cc1ccccc1)NC(=O)c1ccc(F)cc1)c1ccccc1)C(=O)[C@@]1(C)CO1";"IC50";"";"";"";"";"";"Not Determined";"";"";"";"";"";"0";"CHEMBL3266057";"Inhibition of chymotrypsin-like enzyme activity of purified human 20S proteasome using Suc-Leu-Leu-Val-Tyr-AMC as substrate by fluorescence method";"B";"BAO_0000223";"protein complex format";"Homo sapiens";"None";"None";"None";"None";"";"";"";"CHEMBL2364701";"26S proteasome";"Homo sapiens";"PROTEIN COMPLEX";"CHEMBL3259806";"1";"Scientific Literature";"Bioorg Med Chem";"2014";"None";"";"";""
"CHEMBL3237865";"";"None";"703.73";"None";"None";"3b";"CC(=O)N[C@@H](CCC(=O)NCC(COCc1ccccc1)COCc1ccccc1)C(=O)N[C@@H](CC(C)C)B1O[C@@H]2C[C@@H]3C[C@@H](C3(C)C)[C@]2(C)O1";"IC50";"'='";"75.0";"nM";"7.12";"";"";"UO_0000065";"10.12";"None";"None";"None";"0";"CHEMBL3240084";"Inhibition of caspase-like activity of human 20S proteasome using Ac-nLPnLD-AMC as substrate";"B";"BAO_0000223";"protein complex format";"Homo sapiens";"None";"None";"None";"None";"";"";"";"CHEMBL2364701";"26S proteasome";"Homo sapiens";"PROTEIN COMPLEX";"CHEMBL3232719";"1";"Scientific Literature";"J Med Chem";"2014";"None";"";"";""
"CHEMBL3237872";"";"None";"435.37";"None";"None";"10a";"CNC(=O)C[C@H](NC(C)=O)C(=O)N[C@@H](CC(C)C)B1O[C@@H]2C[C@@H]3C[C@@H](C3(C)C)[C@]2(C)O1";"IC50";"'='";"500.0";"nM";"6.30";"";"";"UO_0000065";"14.47";"None";"None";"None";"0";"CHEMBL3240084";"Inhibition of caspase-like activity of human 20S proteasome using Ac-nLPnLD-AMC as substrate";"B";"BAO_0000223";"protein complex format";"Homo sapiens";"None";"None";"None";"None";"";"";"";"CHEMBL2364701";"26S proteasome";"Homo sapiens";"PROTEIN COMPLEX";"CHEMBL3232719";"1";"Scientific Literature";"J Med Chem";"2014";"None";"";"";""
"CHEMBL3237863";"";"None";"703.73";"None";"None";"4a";"CC(=O)N[C@@H](CC(=O)NCCC(COCc1ccccc1)COCc1ccccc1)C(=O)N[C@@H](CC(C)C)B1O[C@@H]2C[C@@H]3C[C@@H](C3(C)C)[C@]2(C)O1";"Inhibition";"";"";"%";"";"";"Active";"UO_0000187";"";"";"";"";"0";"CHEMBL3242188";"Irreversible inhibition of chymotrypsin-like activity of human 20S proteasome using Suc-LLVY-AMC as substrate measured after drug wash-out";"B";"BAO_0000223";"protein complex format";"Homo sapiens";"None";"None";"None";"None";"";"";"";"CHEMBL2364701";"26S proteasome";"Homo sapiens";"PROTEIN COMPLEX";"CHEMBL3232719";"1";"Scientific Literature";"J Med Chem";"2014";"None";"";"";""
"CHEMBL3237862";"";"None";"689.70";"None";"None";"3a";"CC(=O)N[C@@H](CC(=O)NCC(COCc1ccccc1)COCc1ccccc1)C(=O)N[C@@H](CC(C)C)B1O[C@@H]2C[C@@H]3C[C@@H](C3(C)C)[C@]2(C)O1";"IC50";"'='";"3.9";"nM";"8.41";"";"";"UO_0000065";"12.19";"None";"None";"None";"0";"CHEMBL3240083";"Inhibition of chymotrypsin-like activity of human 20S proteasome using Suc-LLVY-AMC as substrate";"B";"BAO_0000223";"protein complex format";"Homo sapiens";"None";"None";"None";"None";"";"";"";"CHEMBL2364701";"26S proteasome";"Homo sapiens";"PROTEIN COMPLEX";"CHEMBL3232719";"1";"Scientific Literature";"J Med Chem";"2014";"None";"";"";""
"CHEMBL3237864";"";"None";"717.76";"None";"None";"5a";"CC(=O)N[C@@H](CC(=O)NCCCC(COCc1ccccc1)COCc1ccccc1)C(=O)N[C@@H](CC(C)C)B1O[C@@H]2C[C@@H]3C[C@@H](C3(C)C)[C@]2(C)O1";"IC50";"'='";"4.1";"nM";"8.39";"";"";"UO_0000065";"11.69";"None";"None";"None";"0";"CHEMBL3240083";"Inhibition of chymotrypsin-like activity of human 20S proteasome using Suc-LLVY-AMC as substrate";"B";"BAO_0000223";"protein complex format";"Homo sapiens";"None";"None";"None";"None";"";"";"";"CHEMBL2364701";"26S proteasome";"Homo sapiens";"PROTEIN COMPLEX";"CHEMBL3232719";"1";"Scientific Literature";"J Med Chem";"2014";"None";"";"";""
"CHEMBL3237865";"";"None";"703.73";"None";"None";"3b";"CC(=O)N[C@@H](CCC(=O)NCC(COCc1ccccc1)COCc1ccccc1)C(=O)N[C@@H](CC(C)C)B1O[C@@H]2C[C@@H]3C[C@@H](C3(C)C)[C@]2(C)O1";"IC50";"'='";"5.1";"nM";"8.29";"";"";"UO_0000065";"11.78";"None";"None";"None";"0";"CHEMBL3240083";"Inhibition of chymotrypsin-like activity of human 20S proteasome using Suc-LLVY-AMC as substrate";"B";"BAO_0000223";"protein complex format";"Homo sapiens";"None";"None";"None";"None";"";"";"";"CHEMBL2364701";"26S proteasome";"Homo sapiens";"PROTEIN COMPLEX";"CHEMBL3232719";"1";"Scientific Literature";"J Med Chem";"2014";"None";"";"";""
"CHEMBL3237874";"";"None";"555.48";"None";"None";"3a";"CC(=O)N[C@@H](CC(=O)NCC(COCc1ccccc1)COCc1ccccc1)C(=O)N[C@@H](CC(C)C)B(O)O";"IC50";"'='";"7.7";"nM";"8.11";"";"";"UO_0000065";"14.61";"None";"None";"None";"0";"CHEMBL3240083";"Inhibition of chymotrypsin-like activity of human 20S proteasome using Suc-LLVY-AMC as substrate";"B";"BAO_0000223";"protein complex format";"Homo sapiens";"None";"None";"None";"None";"";"";"";"CHEMBL2364701";"26S proteasome";"Homo sapiens";"PROTEIN COMPLEX";"CHEMBL3232719";"1";"Scientific Literature";"J Med Chem";"2014";"None";"";"";""
"CHEMBL3237871";"";"None";"842.89";"None";"None";"9a";"CC(C)C[C@H](NC(=O)[C@H](CC(=O)NCCC(COCc1ccccc1)COCc1ccccc1)NC(=O)c1cccc(-c2ccccc2)n1)B1O[C@@H]2C[C@@H]3C[C@@H](C3(C)C)[C@]2(C)O1";"IC50";"'='";"1000.0";"nM";"6.00";"";"";"UO_0000065";"7.12";"None";"None";"None";"0";"CHEMBL3240084";"Inhibition of caspase-like activity of human 20S proteasome using Ac-nLPnLD-AMC as substrate";"B";"BAO_0000223";"protein complex format";"Homo sapiens";"None";"None";"None";"None";"";"";"";"CHEMBL2364701";"26S proteasome";"Homo sapiens";"PROTEIN COMPLEX";"CHEMBL3232719";"1";"Scientific Literature";"J Med Chem";"2014";"None";"";"";""
"CHEMBL3237865";"";"None";"703.73";"None";"None";"3b";"CC(=O)N[C@@H](CCC(=O)NCC(COCc1ccccc1)COCc1ccccc1)C(=O)N[C@@H](CC(C)C)B1O[C@@H]2C[C@@H]3C[C@@H](C3(C)C)[C@]2(C)O1";"IC50";"'='";"2400.0";"nM";"5.62";"";"";"UO_0000065";"7.99";"None";"None";"None";"0";"CHEMBL3240085";"Inhibition of trypsin-like activity of human 20S proteasome using Ac-RLR-AMC as substrate";"B";"BAO_0000223";"protein complex format";"Homo sapiens";"None";"None";"None";"None";"";"";"";"CHEMBL2364701";"26S proteasome";"Homo sapiens";"PROTEIN COMPLEX";"CHEMBL3232719";"1";"Scientific Literature";"J Med Chem";"2014";"None";"";"";""
"CHEMBL3237864";"";"None";"717.76";"None";"None";"5a";"CC(=O)N[C@@H](CC(=O)NCCCC(COCc1ccccc1)COCc1ccccc1)C(=O)N[C@@H](CC(C)C)B1O[C@@H]2C[C@@H]3C[C@@H](C3(C)C)[C@]2(C)O1";"IC50";"'='";"2700.0";"nM";"5.57";"";"";"UO_0000065";"7.76";"None";"None";"None";"0";"CHEMBL3240085";"Inhibition of trypsin-like activity of human 20S proteasome using Ac-RLR-AMC as substrate";"B";"BAO_0000223";"protein complex format";"Homo sapiens";"None";"None";"None";"None";"";"";"";"CHEMBL2364701";"26S proteasome";"Homo sapiens";"PROTEIN COMPLEX";"CHEMBL3232719";"1";"Scientific Literature";"J Med Chem";"2014";"None";"";"";""
"CHEMBL4435850";"";"None";"293.32";"0";"3.88";"C17";"NCc1ccc(OC(=O)Oc2ccc3ccccc3c2)cc1";"Inhibition";"";"";"%";"";"";"Not Active";"UO_0000187";"";"";"";"";"0";"CHEMBL4372638";"Inhibition of 26S proteasome in HEK293T cells expressing GFP-fused Ub G76V mutant assessed as increase in GFP fluorescence";"B";"BAO_0000219";"cell-based format";"Homo sapiens";"None";"None";"None";"None";"";"";"";"CHEMBL2364701";"26S proteasome";"Homo sapiens";"PROTEIN COMPLEX";"CHEMBL4371052";"1";"Scientific Literature";"Bioorg Med Chem Lett";"2019";"None";"";"";""
"CHEMBL3237860";"";"None";"563.70";"1";"3.90";"1";"CC[C@H](C)[C@@H]1C(=O)O[C@H]1C(=O)N[C@H]1C[C@@H]1C[C@@H](CCc1ccccc1)NC(=O)[C@H](C)NC(=O)OCc1ccccc1";"IC50";"'='";"5.7";"nM";"8.24";"";"";"UO_0000065";"14.63";"0.27";"4.34";"6.71";"0";"CHEMBL3240083";"Inhibition of chymotrypsin-like activity of human 20S proteasome using Suc-LLVY-AMC as substrate";"B";"BAO_0000223";"protein complex format";"Homo sapiens";"None";"None";"None";"None";"";"";"";"CHEMBL2364701";"26S proteasome";"Homo sapiens";"PROTEIN COMPLEX";"CHEMBL3232719";"1";"Scientific Literature";"J Med Chem";"2014";"None";"";"";""
"CHEMBL3237863";"";"None";"703.73";"None";"None";"4a";"CC(=O)N[C@@H](CC(=O)NCCC(COCc1ccccc1)COCc1ccccc1)C(=O)N[C@@H](CC(C)C)B1O[C@@H]2C[C@@H]3C[C@@H](C3(C)C)[C@]2(C)O1";"IC50";"'='";"150.0";"nM";"6.82";"";"";"UO_0000065";"9.70";"None";"None";"None";"0";"CHEMBL3240084";"Inhibition of caspase-like activity of human 20S proteasome using Ac-nLPnLD-AMC as substrate";"B";"BAO_0000223";"protein complex format";"Homo sapiens";"None";"None";"None";"None";"";"";"";"CHEMBL2364701";"26S proteasome";"Homo sapiens";"PROTEIN COMPLEX";"CHEMBL3232719";"1";"Scientific Literature";"J Med Chem";"2014";"None";"";"";""
"CHEMBL3220222";"";"None";"441.51";"0";"2.13";"7";"CC(C)C[C@@H](NC(=O)[C@H](Cc1ccccc1)NC(=O)c1cnccn1)c1nsc(=O)o1";"Inhibition";"";"";"%";"";"";"Dose-dependent effect";"UO_0000187";"";"";"";"";"0";"CHEMBL3222883";"Inhibition of human 20S proteasome using Suc-LLVY-AMC as substrate assessed as decrease in enzyme velocity";"B";"BAO_0000223";"protein complex format";"Homo sapiens";"None";"None";"None";"None";"";"";"";"CHEMBL2364701";"26S proteasome";"Homo sapiens";"PROTEIN COMPLEX";"CHEMBL3217678";"1";"Scientific Literature";"Medchemcomm";"2011";"None";"";"";""
"CHEMBL3237867";"";"None";"731.78";"None";"None";"5b";"CC(=O)N[C@@H](CCC(=O)NCCCC(COCc1ccccc1)COCc1ccccc1)C(=O)N[C@@H](CC(C)C)B1O[C@@H]2C[C@@H]3C[C@@H](C3(C)C)[C@]2(C)O1";"IC50";"'='";"4.1";"nM";"8.39";"";"";"UO_0000065";"11.46";"None";"None";"None";"0";"CHEMBL3240083";"Inhibition of chymotrypsin-like activity of human 20S proteasome using Suc-LLVY-AMC as substrate";"B";"BAO_0000223";"protein complex format";"Homo sapiens";"None";"None";"None";"None";"";"";"";"CHEMBL2364701";"26S proteasome";"Homo sapiens";"PROTEIN COMPLEX";"CHEMBL3232719";"1";"Scientific Literature";"J Med Chem";"2014";"None";"";"";""
"CHEMBL3237868";"";"None";"834.69";"None";"None";"6a";"CC(C)C[C@H](NC(=O)[C@H](CC(=O)NCCC(COCc1ccccc1)COCc1ccccc1)NC(=O)c1cc(Cl)ccc1Cl)B1O[C@@H]2C[C@@H]3C[C@@H](C3(C)C)[C@]2(C)O1";"IC50";"'='";"5.9";"nM";"8.23";"";"";"UO_0000065";"9.86";"None";"None";"None";"0";"CHEMBL3240083";"Inhibition of chymotrypsin-like activity of human 20S proteasome using Suc-LLVY-AMC as substrate";"B";"BAO_0000223";"protein complex format";"Homo sapiens";"None";"None";"None";"None";"";"";"";"CHEMBL2364701";"26S proteasome";"Homo sapiens";"PROTEIN COMPLEX";"CHEMBL3232719";"1";"Scientific Literature";"J Med Chem";"2014";"None";"";"";""
"CHEMBL325041";"BORTEZOMIB";"4.0";"384.25";"None";"None";"bortezomib";"CC(C)C[C@H](NC(=O)[C@H](Cc1ccccc1)NC(=O)c1cnccn1)B(O)O";"IC50";"'='";"7.0";"nM";"8.15";"";"";"UO_0000065";"21.22";"None";"None";"None";"0";"CHEMBL3240083";"Inhibition of chymotrypsin-like activity of human 20S proteasome using Suc-LLVY-AMC as substrate";"B";"BAO_0000223";"protein complex format";"Homo sapiens";"None";"None";"None";"None";"";"";"";"CHEMBL2364701";"26S proteasome";"Homo sapiens";"PROTEIN COMPLEX";"CHEMBL3232719";"1";"Scientific Literature";"J Med Chem";"2014";"None";"";"";""
"CHEMBL3237866";"";"None";"717.76";"None";"None";"4b";"CC(=O)N[C@@H](CCC(=O)NCCC(COCc1ccccc1)COCc1ccccc1)C(=O)N[C@@H](CC(C)C)B1O[C@@H]2C[C@@H]3C[C@@H](C3(C)C)[C@]2(C)O1";"IC50";"'='";"76.0";"nM";"7.12";"";"";"UO_0000065";"9.92";"None";"None";"None";"0";"CHEMBL3240084";"Inhibition of caspase-like activity of human 20S proteasome using Ac-nLPnLD-AMC as substrate";"B";"BAO_0000223";"protein complex format";"Homo sapiens";"None";"None";"None";"None";"";"";"";"CHEMBL2364701";"26S proteasome";"Homo sapiens";"PROTEIN COMPLEX";"CHEMBL3232719";"1";"Scientific Literature";"J Med Chem";"2014";"None";"";"";""
"CHEMBL3237873";"";"None";"583.58";"None";"None";"11a";"CC(=O)N[C@@H](CC(=O)NCCCCOCc1ccccc1)C(=O)N[C@@H](CC(C)C)B1O[C@@H]2C[C@@H]3C[C@@H](C3(C)C)[C@]2(C)O1";"IC50";"'='";"170.0";"nM";"6.77";"";"";"UO_0000065";"11.60";"None";"None";"None";"0";"CHEMBL3240084";"Inhibition of caspase-like activity of human 20S proteasome using Ac-nLPnLD-AMC as substrate";"B";"BAO_0000223";"protein complex format";"Homo sapiens";"None";"None";"None";"None";"";"";"";"CHEMBL2364701";"26S proteasome";"Homo sapiens";"PROTEIN COMPLEX";"CHEMBL3232719";"1";"Scientific Literature";"J Med Chem";"2014";"None";"";"";""
"CHEMBL3237862";"";"None";"689.70";"None";"None";"3a";"CC(=O)N[C@@H](CC(=O)NCC(COCc1ccccc1)COCc1ccccc1)C(=O)N[C@@H](CC(C)C)B1O[C@@H]2C[C@@H]3C[C@@H](C3(C)C)[C@]2(C)O1";"IC50";"'='";"1100.0";"nM";"5.96";"";"";"UO_0000065";"8.64";"None";"None";"None";"0";"CHEMBL3240085";"Inhibition of trypsin-like activity of human 20S proteasome using Ac-RLR-AMC as substrate";"B";"BAO_0000223";"protein complex format";"Homo sapiens";"None";"None";"None";"None";"";"";"";"CHEMBL2364701";"26S proteasome";"Homo sapiens";"PROTEIN COMPLEX";"CHEMBL3232719";"1";"Scientific Literature";"J Med Chem";"2014";"None";"";"";""
"CHEMBL3237867";"";"None";"731.78";"None";"None";"5b";"CC(=O)N[C@@H](CCC(=O)NCCCC(COCc1ccccc1)COCc1ccccc1)C(=O)N[C@@H](CC(C)C)B1O[C@@H]2C[C@@H]3C[C@@H](C3(C)C)[C@]2(C)O1";"IC50";"'='";"3000.0";"nM";"5.52";"";"";"UO_0000065";"7.55";"None";"None";"None";"0";"CHEMBL3240085";"Inhibition of trypsin-like activity of human 20S proteasome using Ac-RLR-AMC as substrate";"B";"BAO_0000223";"protein complex format";"Homo sapiens";"None";"None";"None";"None";"";"";"";"CHEMBL2364701";"26S proteasome";"Homo sapiens";"PROTEIN COMPLEX";"CHEMBL3232719";"1";"Scientific Literature";"J Med Chem";"2014";"None";"";"";""
"CHEMBL3237873";"";"None";"583.58";"None";"None";"11a";"CC(=O)N[C@@H](CC(=O)NCCCCOCc1ccccc1)C(=O)N[C@@H](CC(C)C)B1O[C@@H]2C[C@@H]3C[C@@H](C3(C)C)[C@]2(C)O1";"Inhibition";"";"";"%";"";"";"Active";"UO_0000187";"";"";"";"";"0";"CHEMBL3242187";"Reversible inhibition of chymotrypsin-like activity of human 20S proteasome using Suc-LLVY-AMC as substrate measured after drug wash-out";"B";"BAO_0000223";"protein complex format";"Homo sapiens";"None";"None";"None";"None";"";"";"";"CHEMBL2364701";"26S proteasome";"Homo sapiens";"PROTEIN COMPLEX";"CHEMBL3232719";"1";"Scientific Literature";"J Med Chem";"2014";"None";"";"";""
"CHEMBL325041";"BORTEZOMIB";"4.0";"384.25";"None";"None";"bortezomib";"CC(C)C[C@H](NC(=O)[C@H](Cc1ccccc1)NC(=O)c1cnccn1)B(O)O";"Inhibition";"";"";"%";"";"";"Active";"UO_0000187";"";"";"";"";"0";"CHEMBL3242187";"Reversible inhibition of chymotrypsin-like activity of human 20S proteasome using Suc-LLVY-AMC as substrate measured after drug wash-out";"B";"BAO_0000223";"protein complex format";"Homo sapiens";"None";"None";"None";"None";"";"";"";"CHEMBL2364701";"26S proteasome";"Homo sapiens";"PROTEIN COMPLEX";"CHEMBL3232719";"1";"Scientific Literature";"J Med Chem";"2014";"None";"";"";""
"CHEMBL3237861";"";"None";"453.58";"0";"4.13";"2";"CC[C@H](C)[C@@H]1C(=O)O[C@H]1C(=O)NCCC(COCc1ccccc1)COCc1ccccc1";"IC50";"'='";"29.0";"nM";"7.54";"";"";"UO_0000065";"16.62";"0.31";"3.41";"10.21";"0";"CHEMBL3240083";"Inhibition of chymotrypsin-like activity of human 20S proteasome using Suc-LLVY-AMC as substrate";"B";"BAO_0000223";"protein complex format";"Homo sapiens";"None";"None";"None";"None";"";"";"";"CHEMBL2364701";"26S proteasome";"Homo sapiens";"PROTEIN COMPLEX";"CHEMBL3232719";"1";"Scientific Literature";"J Med Chem";"2014";"None";"";"";""
"CHEMBL3262763";"";"None";"619.76";"1";"2.61";"18m";"CC(=O)N1CCN(C(=O)NC(CC(=O)N[C@@H](Cc2ccccc2)C(=O)N[C@@H](CC(C)C)C(=O)[C@@]2(C)CO2)c2ccccc2)CC1";"IC50";"";"";"";"";"";"Not Determined";"";"";"";"";"";"0";"CHEMBL3266057";"Inhibition of chymotrypsin-like enzyme activity of purified human 20S proteasome using Suc-Leu-Leu-Val-Tyr-AMC as substrate by fluorescence method";"B";"BAO_0000223";"protein complex format";"Homo sapiens";"None";"None";"None";"None";"";"";"";"CHEMBL2364701";"26S proteasome";"Homo sapiens";"PROTEIN COMPLEX";"CHEMBL3259806";"1";"Scientific Literature";"Bioorg Med Chem";"2014";"None";"";"";""
"CHEMBL3262768";"";"None";"619.76";"2";"5.32";"22h";"CC(C)C[C@H](NC(=O)[C@H](Cc1ccccc1)NC(=O)C[C@H](NC(=O)c1ccc2ccccc2c1)c1ccccc1)C(=O)[C@@]1(C)CO1";"IC50";"";"";"";"";"";"Not Determined";"";"";"";"";"";"0";"CHEMBL3266057";"Inhibition of chymotrypsin-like enzyme activity of purified human 20S proteasome using Suc-Leu-Leu-Val-Tyr-AMC as substrate by fluorescence method";"B";"BAO_0000223";"protein complex format";"Homo sapiens";"None";"None";"None";"None";"";"";"";"CHEMBL2364701";"26S proteasome";"Homo sapiens";"PROTEIN COMPLEX";"CHEMBL3259806";"1";"Scientific Literature";"Bioorg Med Chem";"2014";"None";"";"";""
"CHEMBL3262752";"";"None";"570.69";"1";"3.56";"18b";"CC(C)C[C@H](NC(=O)[C@H](Cc1ccccc1)NC(=O)CC(NC(=O)c1cccnc1)c1ccccc1)C(=O)[C@@]1(C)CO1";"IC50";"'='";"340.0";"nM";"6.47";"";"";"UO_0000065";"11.33";"0.21";"2.91";"4.98";"0";"CHEMBL3266057";"Inhibition of chymotrypsin-like enzyme activity of purified human 20S proteasome using Suc-Leu-Leu-Val-Tyr-AMC as substrate by fluorescence method";"B";"BAO_0000223";"protein complex format";"Homo sapiens";"None";"None";"None";"None";"";"";"";"CHEMBL2364701";"26S proteasome";"Homo sapiens";"PROTEIN COMPLEX";"CHEMBL3259806";"1";"Scientific Literature";"Bioorg Med Chem";"2014";"None";"";"";""
"CHEMBL3237868";"";"None";"834.69";"None";"None";"6a";"CC(C)C[C@H](NC(=O)[C@H](CC(=O)NCCC(COCc1ccccc1)COCc1ccccc1)NC(=O)c1cc(Cl)ccc1Cl)B1O[C@@H]2C[C@@H]3C[C@@H](C3(C)C)[C@]2(C)O1";"IC50";"'>'";"10000.0";"nM";"";"";"";"UO_0000065";"";"";"";"";"0";"CHEMBL3240085";"Inhibition of trypsin-like activity of human 20S proteasome using Ac-RLR-AMC as substrate";"B";"BAO_0000223";"protein complex format";"Homo sapiens";"None";"None";"None";"None";"";"";"";"CHEMBL2364701";"26S proteasome";"Homo sapiens";"PROTEIN COMPLEX";"CHEMBL3232719";"1";"Scientific Literature";"J Med Chem";"2014";"None";"";"";""
"CHEMBL4562202";"";"None";"481.64";"0";"2.76";"1";"CCCC(=O)N[C@@H](Cc1ccccc1)C(=O)N[C@H](C(=O)N[C@H](CO)Cc1ccccc1)[C@@H](C)CC";"Inhibition";"";"";"%";"";"";"Not Active";"UO_0000187";"";"";"";"";"0";"CHEMBL4334249";"Inhibition of human 26S proteasome using suc-LLVY-AMC as substrate up to 40 mins by fluorescence assay";"B";"BAO_0000223";"protein complex format";"Homo sapiens";"None";"None";"None";"None";"";"";"";"CHEMBL2364701";"26S proteasome";"Homo sapiens";"PROTEIN COMPLEX";"CHEMBL4330170";"1";"Scientific Literature";"J Nat Prod";"2019";"None";"";"";""
"CHEMBL3262751";"";"None";"571.68";"1";"2.95";"18a";"CC(C)C[C@H](NC(=O)[C@H](Cc1ccccc1)NC(=O)CC(NC(=O)c1cnccn1)c1ccccc1)C(=O)[C@@]1(C)CO1";"Inhibition";"'='";"48.61";"%";"";"";"";"UO_0000187";"";"";"";"";"0";"CHEMBL3266056";"Inhibition of chymotrypsin-like enzyme activity of purified human 20S proteasome using Suc-Leu-Leu-Val-Tyr-AMC as substrate at 1 ug/ml by fluorescence method";"B";"BAO_0000223";"protein complex format";"Homo sapiens";"None";"None";"None";"None";"";"";"";"CHEMBL2364701";"26S proteasome";"Homo sapiens";"PROTEIN COMPLEX";"CHEMBL3259806";"1";"Scientific Literature";"Bioorg Med Chem";"2014";"None";"";"";""
"CHEMBL3262759";"";"None";"645.80";"2";"5.83";"18i";"CC(C)C[C@H](NC(=O)[C@H](Cc1ccccc1)NC(=O)CC(NC(=O)c1ccc(-c2ccccc2)cc1)c1ccccc1)C(=O)[C@@]1(C)CO1";"IC50";"";"";"";"";"";"Not Determined";"";"";"";"";"";"0";"CHEMBL3266057";"Inhibition of chymotrypsin-like enzyme activity of purified human 20S proteasome using Suc-Leu-Leu-Val-Tyr-AMC as substrate by fluorescence method";"B";"BAO_0000223";"protein complex format";"Homo sapiens";"None";"None";"None";"None";"";"";"";"CHEMBL2364701";"26S proteasome";"Homo sapiens";"PROTEIN COMPLEX";"CHEMBL3259806";"1";"Scientific Literature";"Bioorg Med Chem";"2014";"None";"";"";""
"CHEMBL4516964";"";"None";"481.64";"0";"2.62";"2";"CC(C)CC(=O)N[C@@H](Cc1ccccc1)C(=O)N[C@H](C(=O)N[C@H](CO)Cc1ccccc1)C(C)C";"Inhibition";"";"";"%";"";"";"Not Active";"UO_0000187";"";"";"";"";"0";"CHEMBL4334249";"Inhibition of human 26S proteasome using suc-LLVY-AMC as substrate up to 40 mins by fluorescence assay";"B";"BAO_0000223";"protein complex format";"Homo sapiens";"None";"None";"None";"None";"";"";"";"CHEMBL2364701";"26S proteasome";"Homo sapiens";"PROTEIN COMPLEX";"CHEMBL4330170";"1";"Scientific Literature";"J Nat Prod";"2019";"None";"";"";""
"CHEMBL325041";"BORTEZOMIB";"4.0";"384.25";"None";"None";"BZ, Velcade";"CC(C)C[C@H](NC(=O)[C@H](Cc1ccccc1)NC(=O)c1cnccn1)B(O)O";"Inhibition";"";"";"%";"";"";"Active";"UO_0000187";"";"";"";"";"0";"CHEMBL3223127";"Inhibition of 20S proteasome in human MelJuSo UbG76V-YFP cells assessed as accumulation of K48-linked poly-ubiquitinated proteins at 0.1 uM after 6 hrs by immunoblot method";"B";"BAO_0000219";"cell-based format";"Homo sapiens";"None";"None";"MelJuSo UbG76V-YFP";"None";"";"";"";"CHEMBL2364701";"26S proteasome";"Homo sapiens";"PROTEIN COMPLEX";"CHEMBL3217720";"1";"Scientific Literature";"Medchemcomm";"2014";"None";"";"";""
"CHEMBL3262757";"";"None";"594.71";"1";"4.04";"18g";"CC(C)C[C@H](NC(=O)[C@H](Cc1ccccc1)NC(=O)CC(NC(=O)c1ccc(C#N)cc1)c1ccccc1)C(=O)[C@@]1(C)CO1";"IC50";"'='";"360.0";"nM";"6.44";"";"";"UO_0000065";"10.84";"0.20";"2.40";"4.58";"0";"CHEMBL3266057";"Inhibition of chymotrypsin-like enzyme activity of purified human 20S proteasome using Suc-Leu-Leu-Val-Tyr-AMC as substrate by fluorescence method";"B";"BAO_0000223";"protein complex format";"Homo sapiens";"None";"None";"None";"None";"";"";"";"CHEMBL2364701";"26S proteasome";"Homo sapiens";"PROTEIN COMPLEX";"CHEMBL3259806";"1";"Scientific Literature";"Bioorg Med Chem";"2014";"None";"";"";""
"CHEMBL3262758";"";"None";"619.76";"2";"5.32";"18h";"CC(C)C[C@H](NC(=O)[C@H](Cc1ccccc1)NC(=O)CC(NC(=O)c1ccc2ccccc2c1)c1ccccc1)C(=O)[C@@]1(C)CO1";"Inhibition";"'='";"74.83";"%";"";"";"";"UO_0000187";"";"";"";"";"0";"CHEMBL3266056";"Inhibition of chymotrypsin-like enzyme activity of purified human 20S proteasome using Suc-Leu-Leu-Val-Tyr-AMC as substrate at 1 ug/ml by fluorescence method";"B";"BAO_0000223";"protein complex format";"Homo sapiens";"None";"None";"None";"None";"";"";"";"CHEMBL2364701";"26S proteasome";"Homo sapiens";"PROTEIN COMPLEX";"CHEMBL3259806";"1";"Scientific Literature";"Bioorg Med Chem";"2014";"None";"";"";""
"CHEMBL3262755";"";"None";"599.73";"1";"4.17";"18e";"COc1ccc(C(=O)NC(CC(=O)N[C@@H](Cc2ccccc2)C(=O)N[C@@H](CC(C)C)C(=O)[C@@]2(C)CO2)c2ccccc2)cc1";"IC50";"'='";"340.0";"nM";"6.47";"";"";"UO_0000065";"10.79";"0.20";"2.30";"5.13";"0";"CHEMBL3266057";"Inhibition of chymotrypsin-like enzyme activity of purified human 20S proteasome using Suc-Leu-Leu-Val-Tyr-AMC as substrate by fluorescence method";"B";"BAO_0000223";"protein complex format";"Homo sapiens";"None";"None";"None";"None";"";"";"";"CHEMBL2364701";"26S proteasome";"Homo sapiens";"PROTEIN COMPLEX";"CHEMBL3259806";"1";"Scientific Literature";"Bioorg Med Chem";"2014";"None";"";"";""
"CHEMBL3262761";"";"None";"575.73";"1";"4.23";"18k";"CC(C)C[C@H](NC(=O)[C@H](Cc1ccccc1)NC(=O)CC(NC(=O)c1cccs1)c1ccccc1)C(=O)[C@@]1(C)CO1";"IC50";"'='";"950.0";"nM";"6.02";"";"";"UO_0000065";"10.46";"0.20";"1.79";"5.15";"0";"CHEMBL3266057";"Inhibition of chymotrypsin-like enzyme activity of purified human 20S proteasome using Suc-Leu-Leu-Val-Tyr-AMC as substrate by fluorescence method";"B";"BAO_0000223";"protein complex format";"Homo sapiens";"None";"None";"None";"None";"";"";"";"CHEMBL2364701";"26S proteasome";"Homo sapiens";"PROTEIN COMPLEX";"CHEMBL3259806";"1";"Scientific Literature";"Bioorg Med Chem";"2014";"None";"";"";""
"CHEMBL325041";"BORTEZOMIB";"4.0";"384.25";"None";"None";"SID124950705";"CC(C)C[C@H](NC(=O)[C@H](Cc1ccccc1)NC(=O)c1cnccn1)B(O)O";"IC50";"'='";"7.14";"nM";"8.15";"";"";"UO_0000065";"21.20";"None";"None";"None";"0";"CHEMBL3266057";"Inhibition of chymotrypsin-like enzyme activity of purified human 20S proteasome using Suc-Leu-Leu-Val-Tyr-AMC as substrate by fluorescence method";"B";"BAO_0000223";"protein complex format";"Homo sapiens";"None";"None";"None";"None";"";"";"";"CHEMBL2364701";"26S proteasome";"Homo sapiens";"PROTEIN COMPLEX";"CHEMBL3259806";"1";"Scientific Literature";"Bioorg Med Chem";"2014";"None";"";"";""
"CHEMBL3262750";"";"None";"565.71";"1";"3.98";"13e";"COc1ccc(C(=O)N[C@@H](CC(C)C)C(=O)NC(CC(=O)N[C@@H](CC(C)C)C(=O)[C@@]2(C)CO2)c2ccccc2)cc1";"Inhibition";"'='";"0.56";"%";"";"";"";"UO_0000187";"";"";"";"";"0";"CHEMBL3266056";"Inhibition of chymotrypsin-like enzyme activity of purified human 20S proteasome using Suc-Leu-Leu-Val-Tyr-AMC as substrate at 1 ug/ml by fluorescence method";"B";"BAO_0000223";"protein complex format";"Homo sapiens";"None";"None";"None";"None";"";"";"";"CHEMBL2364701";"26S proteasome";"Homo sapiens";"PROTEIN COMPLEX";"CHEMBL3259806";"1";"Scientific Literature";"Bioorg Med Chem";"2014";"None";"";"";""
"CHEMBL3262754";"";"None";"587.69";"1";"4.30";"18d";"CC(C)C[C@H](NC(=O)[C@H](Cc1ccccc1)NC(=O)CC(NC(=O)c1ccc(F)cc1)c1ccccc1)C(=O)[C@@]1(C)CO1";"Inhibition";"'='";"87.72";"%";"";"";"";"UO_0000187";"";"";"";"";"0";"CHEMBL3266056";"Inhibition of chymotrypsin-like enzyme activity of purified human 20S proteasome using Suc-Leu-Leu-Val-Tyr-AMC as substrate at 1 ug/ml by fluorescence method";"B";"BAO_0000223";"protein complex format";"Homo sapiens";"None";"None";"None";"None";"";"";"";"CHEMBL2364701";"26S proteasome";"Homo sapiens";"PROTEIN COMPLEX";"CHEMBL3259806";"1";"Scientific Literature";"Bioorg Med Chem";"2014";"None";"";"";""
"CHEMBL3262759";"";"None";"645.80";"2";"5.83";"18i";"CC(C)C[C@H](NC(=O)[C@H](Cc1ccccc1)NC(=O)CC(NC(=O)c1ccc(-c2ccccc2)cc1)c1ccccc1)C(=O)[C@@]1(C)CO1";"Inhibition";"'='";"47.28";"%";"";"";"";"UO_0000187";"";"";"";"";"0";"CHEMBL3266056";"Inhibition of chymotrypsin-like enzyme activity of purified human 20S proteasome using Suc-Leu-Leu-Val-Tyr-AMC as substrate at 1 ug/ml by fluorescence method";"B";"BAO_0000223";"protein complex format";"Homo sapiens";"None";"None";"None";"None";"";"";"";"CHEMBL2364701";"26S proteasome";"Homo sapiens";"PROTEIN COMPLEX";"CHEMBL3259806";"1";"Scientific Literature";"Bioorg Med Chem";"2014";"None";"";"";""
"CHEMBL3262760";"";"None";"559.66";"1";"3.76";"18j";"CC(C)C[C@H](NC(=O)[C@H](Cc1ccccc1)NC(=O)CC(NC(=O)c1ccco1)c1ccccc1)C(=O)[C@@]1(C)CO1";"Inhibition";"'='";"42.27";"%";"";"";"";"UO_0000187";"";"";"";"";"0";"CHEMBL3266056";"Inhibition of chymotrypsin-like enzyme activity of purified human 20S proteasome using Suc-Leu-Leu-Val-Tyr-AMC as substrate at 1 ug/ml by fluorescence method";"B";"BAO_0000223";"protein complex format";"Homo sapiens";"None";"None";"None";"None";"";"";"";"CHEMBL2364701";"26S proteasome";"Homo sapiens";"PROTEIN COMPLEX";"CHEMBL3259806";"1";"Scientific Literature";"Bioorg Med Chem";"2014";"None";"";"";""
"CHEMBL3262741";"";"None";"571.68";"1";"2.95";"15a";"CC(C)C[C@H](NC(=O)CC(NC(=O)[C@H](Cc1ccccc1)NC(=O)c1cnccn1)c1ccccc1)C(=O)[C@@]1(C)CO1";"IC50";"";"";"";"";"";"Not Determined";"";"";"";"";"";"0";"CHEMBL3266057";"Inhibition of chymotrypsin-like enzyme activity of purified human 20S proteasome using Suc-Leu-Leu-Val-Tyr-AMC as substrate by fluorescence method";"B";"BAO_0000223";"protein complex format";"Homo sapiens";"None";"None";"None";"None";"";"";"";"CHEMBL2364701";"26S proteasome";"Homo sapiens";"PROTEIN COMPLEX";"CHEMBL3259806";"1";"Scientific Literature";"Bioorg Med Chem";"2014";"None";"";"";""
"CHEMBL3262763";"";"None";"619.76";"1";"2.61";"18m";"CC(=O)N1CCN(C(=O)NC(CC(=O)N[C@@H](Cc2ccccc2)C(=O)N[C@@H](CC(C)C)C(=O)[C@@]2(C)CO2)c2ccccc2)CC1";"Inhibition";"'='";"48.48";"%";"";"";"";"UO_0000187";"";"";"";"";"0";"CHEMBL3266056";"Inhibition of chymotrypsin-like enzyme activity of purified human 20S proteasome using Suc-Leu-Leu-Val-Tyr-AMC as substrate at 1 ug/ml by fluorescence method";"B";"BAO_0000223";"protein complex format";"Homo sapiens";"None";"None";"None";"None";"";"";"";"CHEMBL2364701";"26S proteasome";"Homo sapiens";"PROTEIN COMPLEX";"CHEMBL3259806";"1";"Scientific Literature";"Bioorg Med Chem";"2014";"None";"";"";""
